2025-09-17 14:27:53,004 INFO: Waiting for Ollama to be ready...
2025-09-17 14:27:55,099 INFO: Ollama is running.
2025-09-17 14:27:55,556 INFO: Refreshing options...
2025-09-17 14:27:57,636 INFO: [TIME] list_text_files took 0.0005 seconds
2025-09-17 14:27:57,636 INFO: [TIME] list_text_files took 0.0003 seconds
2025-09-17 14:27:57,636 INFO: [TIME] list_docx_files took 0.0002 seconds
2025-09-17 14:27:57,636 INFO: [TIME] list_text_files took 0.0003 seconds
2025-09-17 14:27:57,636 INFO: [TIME] list_text_files took 0.0001 seconds
2025-09-17 14:27:57,636 INFO: [TIME] list_docx_files took 0.0002 seconds
2025-09-17 14:27:57,636 INFO: Options refreshed:
2025-09-17 14:27:57,636 INFO: Models: ['qwen2:latest', 'mistral:latest', 'llama3:instruct', 'llama3.1:8b-instruct-q3_K_S', 'llama3.1:8b-instruct-q2_K', 'llama3:8b-instruct-q3_K_S', 'llama3:8b-instruct-q2_K', 'llama3.2:latest', 'llama3.1:latest', 'deepseek-r1:8b', 'llama3:8b']
2025-09-17 14:27:57,636 INFO: Systems: ['system1.txt', 'system_consistency.txt', 'system_consistency_cl.txt', 'system_cover_letter.txt']
2025-09-17 14:27:57,636 INFO: CVs: ['a_mycv.txt', 'cv.txt', 'cv_url.txt']
2025-09-17 14:27:57,636 INFO: CV Templates: ['cv_template_url.docx']
2025-09-17 14:27:57,636 INFO: CL Templates: ['cl_template.docx']
2025-09-17 14:27:57,636 INFO: Previously Saved CV Outputs: ['newest_3_0.txt', 'robust_trial_3_0.txt', 'trial_3_0_new.txt']
2025-09-17 14:27:57,636 INFO: Previously Saved CL Outputs: []
2025-09-17 14:27:57,636 INFO: [TIME] refresh_options took 2.0744 seconds
2025-09-17 14:27:57,636 INFO: [TIME] refresh_options_callback took 2.0748 seconds
2025-09-17 14:28:15,357 INFO: CV loaded from C:\CodeProjects\Sisyphus\Sisyphus\saved_outputs\newest_3_0.txt
2025-09-17 14:28:15,357 INFO: [TIME] load_cv_text took 0.0117 seconds
2025-09-17 14:28:18,182 INFO: Summary of job description is empty. Generating summary...
2025-09-17 14:28:18,182 INFO: [TIME] read_text_file took 0.0004 seconds
2025-09-17 14:28:18,352 INFO: [INFO][OLLAMA]fetch_complete_call_info: fetching complete call info for call id summarize_job_description...
2025-09-17 14:28:18,352 INFO: [INFO][OLLAMA]fetch_complete_call_info: complete call info:
2025-09-17 14:28:18,352 INFO: [INFO][OLLAMA]fetch_complete_call_info: found key call_id with value:
2025-09-17 14:28:18,352 INFO: summarize_job_description
2025-09-17 14:28:18,352 INFO: [INFO][OLLAMA]fetch_complete_call_info: found key payload_in with value:
2025-09-17 14:28:18,352 INFO: {'model': 'llama3:8b', 'system': 'You are a resume tailoring assistant. Only output what is requested of you, in the exact format specified. You are to follow these guidelines when tailoring all resume sections:\n- You may only draw from the provided descriptions, no making assumptions.\n- Do not invent any data or roles, only use the data provided.\n- You may not add any untrue statements to the data that has been provided.\n- The tailored sections and overall resume must be brief, concise and professional. It must cater to recruiters and make the resume stand out.\n- Use simple to understand language when possible, unless direct technical terminology is used.', 'stream': False, 'temperature': 0.8}
2025-09-17 14:28:18,352 INFO: [INFO][OLLAMA]fetch_complete_call_info: found key format with value:
2025-09-17 14:28:18,352 INFO: {'job_description': "About the role\n\nSentry is looking for talented new graduates to join our growing Software Engineering teams. Engineers at Sentry are challenged to solve a range of technical problems: from building fast and delightful UIs for navigating millions of error and performance events, to architecting solutions that ingest, store, and index terabytes of data every day. As a Software Engineer, New Grad, you will be coached by a diverse team of multi-talented engineers and will directly impact a complex and growing codebase.\nIn this role you will\n\n    Work with a team to develop and extend the Sentry product by writing software in either Python or JavaScript (or both)\n\n    Be responsible for full software development lifecycle - design, development, testing, and operating in production\n\n    Communicate effectively with other engineers in the same team, with other teams and with various other stakeholders (such as product managers)\n\n    Act on feedback, coaching, and mentorship from your manager and teammates\n\nYou’ll love this job if you\n\n    Want to actively use the product you're building (we dogfood Sentry every day)\n\n    Want to start your career at a high-growth startup\n\n    Want to join a modern software development team that iterates & ships code rapidly\n\n    Are excited at the opportunity to contribute to an open-source project every day\n\nQualifications\n\n    B.S. or higher in Computer Science (or similar degree program)\n\n    At least 1 previous internship or equivalent practical experience\n\n    Implementation skills with one or more general-purpose programming languages, e.g. Python, JavaScript, Java, etc.\n\n    Good knowledge of algorithms, data structures, and object-oriented design principles\n\n    Experience working with version control and unit testing"}
2025-09-17 14:28:18,352 INFO: [INFO][OLLAMA]fetch_complete_call_info: found key prompt_in with value:
2025-09-17 14:28:18,352 INFO: Summarize the following job description by extracting key responsibilities, requirements, and highlighting needed skills, both technical and soft.
                        Don't forget to also include the Company Name and the Job Title.
                        Job Description:
                        {job_description}
                    
2025-09-17 14:28:18,352 INFO: [INFO][OLLAMA]fetch_complete_call_info: found key ollama_url with value:
2025-09-17 14:28:18,352 INFO: http://localhost:11434
2025-09-17 14:28:18,352 INFO: [INFO][OLLAMA]fetch_complete_call_info: found key sample_starts with value:
2025-09-17 14:28:18,352 INFO: []
2025-09-17 14:28:18,352 INFO: [INFO][OLLAMA]ollama_call: Try 1/3...
2025-09-17 14:28:18,352 INFO: [OLLAMA]standard_ollama_call: call_id: summarize_job_description
2025-09-17 14:28:18,352 WARNING: [WARNING][OLLAMA]standard_ollama_call: prompt_in contains placeholders
2025-09-17 14:28:18,352 INFO: [OLLAMA]standard_ollama_call: payload field model with value llama3:8b found
2025-09-17 14:28:18,352 INFO: [OLLAMA]standard_ollama_call: payload field system with value You are a resume tailoring assistant. Only output what is requested of you, in the exact format specified. You are to follow these guidelines when tailoring all resume sections:
- You may only draw from the provided descriptions, no making assumptions.
- Do not invent any data or roles, only use the data provided.
- You may not add any untrue statements to the data that has been provided.
- The tailored sections and overall resume must be brief, concise and professional. It must cater to recruiters and make the resume stand out.
- Use simple to understand language when possible, unless direct technical terminology is used. found
2025-09-17 14:28:18,352 INFO: [OLLAMA]standard_ollama_call: payload field prompt with value Summarize the following job description by extracting key responsibilities, requirements, and highlighting needed skills, both technical and soft.
                        Don't forget to also include the Company Name and the Job Title.
                        Job Description:
                        About the role

Sentry is looking for talented new graduates to join our growing Software Engineering teams. Engineers at Sentry are challenged to solve a range of technical problems: from building fast and delightful UIs for navigating millions of error and performance events, to architecting solutions that ingest, store, and index terabytes of data every day. As a Software Engineer, New Grad, you will be coached by a diverse team of multi-talented engineers and will directly impact a complex and growing codebase.
In this role you will

    Work with a team to develop and extend the Sentry product by writing software in either Python or JavaScript (or both)

    Be responsible for full software development lifecycle - design, development, testing, and operating in production

    Communicate effectively with other engineers in the same team, with other teams and with various other stakeholders (such as product managers)

    Act on feedback, coaching, and mentorship from your manager and teammates

You’ll love this job if you

    Want to actively use the product you're building (we dogfood Sentry every day)

    Want to start your career at a high-growth startup

    Want to join a modern software development team that iterates & ships code rapidly

    Are excited at the opportunity to contribute to an open-source project every day

Qualifications

    B.S. or higher in Computer Science (or similar degree program)

    At least 1 previous internship or equivalent practical experience

    Implementation skills with one or more general-purpose programming languages, e.g. Python, JavaScript, Java, etc.

    Good knowledge of algorithms, data structures, and object-oriented design principles

    Experience working with version control and unit testing
                     found
2025-09-17 14:28:18,352 INFO: [OLLAMA]standard_ollama_call: payload field stream with value False found
2025-09-17 14:28:18,352 INFO: [OLLAMA]standard_ollama_call: payload field temperature with value 0.8 found
2025-09-17 14:28:31,131 INFO: [SUCCESS][OLLAMA]standard_ollama_call: {'model': 'llama3:8b', 'created_at': '2025-09-17T20:28:31.1298936Z', 'response': 'Here is the summary:\n\n**Company Name:** Sentry\n**Job Title:** Software Engineer, New Grad\n\n**Key Responsibilities:**\n\n* Develop and extend software in Python or JavaScript (or both)\n* Participate in full software development lifecycle (design, development, testing, and operating in production)\n* Communicate effectively with team members, stakeholders, and other teams\n* Act on feedback, coaching, and mentorship from manager and teammates\n\n**Required Skills:**\n\n* B.S. or higher in Computer Science (or similar degree program)\n* At least 1 previous internship or equivalent practical experience\n* Implementation skills with one or more general-purpose programming languages (e.g., Python, JavaScript, Java, etc.)\n* Good knowledge of:\n\t+ Algorithms\n\t+ Data structures\n\t+ Object-oriented design principles\n* Experience working with:\n\t+ Version control\n\t+ Unit testing\n\n**Soft Skills:**\n\n* Ability to work effectively in a team environment\n* Willingness to take feedback and improve\n* Desire to actively use the product being built (Sentry)\n* Interest in contributing to an open-source project daily', 'done': True, 'done_reason': 'stop', 'context': [128006, 9125, 128007, 271, 2675, 527, 264, 16063, 9986, 5620, 18328, 13, 8442, 2612, 1148, 374, 11472, 315, 499, 11, 304, 279, 4839, 3645, 5300, 13, 1472, 527, 311, 1833, 1521, 17959, 994, 9986, 5620, 682, 16063, 14491, 512, 12, 1472, 1253, 1193, 4128, 505, 279, 3984, 28887, 11, 912, 3339, 32946, 627, 12, 3234, 539, 17459, 904, 828, 477, 13073, 11, 1193, 1005, 279, 828, 3984, 627, 12, 1472, 1253, 539, 923, 904, 88977, 12518, 311, 279, 828, 430, 706, 1027, 3984, 627, 12, 578, 41891, 14491, 323, 8244, 16063, 2011, 387, 10015, 11, 64694, 323, 6721, 13, 1102, 2011, 29068, 311, 93940, 323, 1304, 279, 16063, 2559, 704, 627, 12, 5560, 4382, 311, 3619, 4221, 994, 3284, 11, 7389, 2167, 11156, 57726, 374, 1511, 13, 128009, 128006, 882, 128007, 271, 9370, 5730, 553, 279, 2768, 2683, 4096, 555, 60508, 1401, 28423, 11, 8670, 11, 323, 39686, 4460, 7512, 11, 2225, 11156, 323, 8579, 627, 667, 4418, 956, 10894, 311, 1101, 2997, 279, 8351, 4076, 323, 279, 12280, 11106, 627, 667, 12280, 7817, 512, 667, 10180, 279, 3560, 271, 50, 4177, 374, 3411, 369, 23944, 502, 38581, 311, 5249, 1057, 7982, 4476, 17005, 7411, 13, 49796, 520, 95160, 527, 29991, 311, 11886, 264, 2134, 315, 11156, 5435, 25, 505, 4857, 5043, 323, 50189, 3774, 82, 369, 60499, 11990, 315, 1493, 323, 5178, 4455, 11, 311, 11726, 287, 10105, 430, 89372, 11, 3637, 11, 323, 1963, 2024, 72229, 315, 828, 1475, 1938, 13, 1666, 264, 4476, 29483, 11, 1561, 22547, 11, 499, 690, 387, 71022, 555, 264, 17226, 2128, 315, 7447, 2442, 278, 16243, 25175, 323, 690, 6089, 5536, 264, 6485, 323, 7982, 2082, 3231, 627, 644, 420, 3560, 499, 690, 271, 262, 5664, 449, 264, 2128, 311, 2274, 323, 13334, 279, 95160, 2027, 555, 4477, 3241, 304, 3060, 13325, 477, 13210, 320, 269, 2225, 696, 262, 2893, 8647, 369, 2539, 3241, 4500, 48608, 482, 2955, 11, 4500, 11, 7649, 11, 323, 10565, 304, 5788, 271, 262, 16838, 349, 13750, 449, 1023, 25175, 304, 279, 1890, 2128, 11, 449, 1023, 7411, 323, 449, 5370, 1023, 39210, 320, 21470, 439, 2027, 20258, 696, 262, 3298, 389, 11302, 11, 24826, 11, 323, 36528, 5383, 505, 701, 6783, 323, 32746, 271, 2675, 4805, 3021, 420, 2683, 422, 499, 271, 262, 24133, 311, 22815, 1005, 279, 2027, 499, 2351, 4857, 320, 906, 5679, 14239, 95160, 1475, 1938, 696, 262, 24133, 311, 1212, 701, 7076, 520, 264, 1579, 2427, 19632, 21210, 271, 262, 24133, 311, 5249, 264, 6617, 3241, 4500, 2128, 430, 5480, 988, 612, 18198, 2082, 19019, 271, 262, 8886, 12304, 520, 279, 6776, 311, 17210, 311, 459, 1825, 31874, 2447, 1475, 1938, 271, 32129, 7174, 271, 262, 426, 815, 13, 477, 5190, 304, 17863, 10170, 320, 269, 4528, 8547, 2068, 696, 262, 2468, 3325, 220, 16, 3766, 60859, 477, 13890, 15325, 3217, 271, 262, 31913, 7512, 449, 832, 477, 810, 4689, 59338, 15840, 15823, 11, 384, 1326, 13, 13325, 11, 13210, 11, 8102, 11, 5099, 382, 262, 7839, 6677, 315, 26249, 11, 828, 14726, 11, 323, 1665, 36185, 2955, 16565, 271, 262, 21460, 3318, 449, 2373, 2585, 323, 5089, 7649, 198, 3909, 128009, 128006, 78191, 128007, 271, 8586, 374, 279, 12399, 1473, 334, 14831, 4076, 68063, 95160, 198, 334, 12524, 11106, 68063, 4476, 29483, 11, 1561, 22547, 271, 334, 1622, 74112, 25, 57277, 9, 8000, 323, 13334, 3241, 304, 13325, 477, 13210, 320, 269, 2225, 340, 9, 44581, 349, 304, 2539, 3241, 4500, 48608, 320, 25894, 11, 4500, 11, 7649, 11, 323, 10565, 304, 5788, 340, 9, 16838, 349, 13750, 449, 2128, 3697, 11, 39210, 11, 323, 1023, 7411, 198, 9, 3298, 389, 11302, 11, 24826, 11, 323, 36528, 5383, 505, 6783, 323, 32746, 271, 334, 8327, 31340, 25, 57277, 9, 426, 815, 13, 477, 5190, 304, 17863, 10170, 320, 269, 4528, 8547, 2068, 340, 9, 2468, 3325, 220, 16, 3766, 60859, 477, 13890, 15325, 3217, 198, 9, 31913, 7512, 449, 832, 477, 810, 4689, 59338, 15840, 15823, 320, 68, 1326, 2637, 13325, 11, 13210, 11, 8102, 11, 5099, 29275, 9, 7839, 6677, 315, 512, 197, 10, 86859, 198, 197, 10, 2956, 14726, 198, 197, 10, 3075, 36185, 2955, 16565, 198, 9, 21460, 3318, 449, 512, 197, 10, 6207, 2585, 198, 197, 10, 8113, 7649, 271, 334, 31631, 31340, 25, 57277, 9, 37083, 311, 990, 13750, 304, 264, 2128, 4676, 198, 9, 4946, 287, 2136, 311, 1935, 11302, 323, 7417, 198, 9, 82524, 311, 22815, 1005, 279, 2027, 1694, 5918, 320, 50, 4177, 340, 9, 25074, 304, 29820, 311, 459, 1825, 31874, 2447, 7446], 'total_duration': 10756825300, 'load_duration': 49752700, 'prompt_eval_count': 525, 'prompt_eval_duration': 660455200, 'eval_count': 228, 'eval_duration': 10045915200}
2025-09-17 14:28:31,132 INFO: [TIME] standard_ollama_call took 12.7730 seconds
2025-09-17 14:28:31,132 INFO: [INFO][OLLAMA]ollama_call: response is a str
2025-09-17 14:28:31,132 INFO: [SUCCESS][OLLAMA]ollama_call: Ollama call succeeded: Here is the summary:

**Company Name:** Sentry
**Job Title:** Software Engineer, New Grad

**Key Responsibilities:**

* Develop and extend software in Python or JavaScript (or both)
* Participate in full software development lifecycle (design, development, testing, and operating in production)
* Communicate effectively with team members, stakeholders, and other teams
* Act on feedback, coaching, and mentorship from manager and teammates

**Required Skills:**

* B.S. or higher in Computer Science (or similar degree program)
* At least 1 previous internship or equivalent practical experience
* Implementation skills with one or more general-purpose programming languages (e.g., Python, JavaScript, Java, etc.)
* Good knowledge of:
	+ Algorithms
	+ Data structures
	+ Object-oriented design principles
* Experience working with:
	+ Version control
	+ Unit testing

**Soft Skills:**

* Ability to work effectively in a team environment
* Willingness to take feedback and improve
* Desire to actively use the product being built (Sentry)
* Interest in contributing to an open-source project daily
2025-09-17 14:28:31,133 INFO: [TIME] ollama_call took 12.9426 seconds
2025-09-17 14:28:31,135 INFO: [INFO][OLLAMA]fetch_complete_call_info: fetching complete call info for call id step0_tailor_summary...
2025-09-17 14:28:31,135 INFO: [INFO][OLLAMA]fetch_complete_call_info: complete call info:
2025-09-17 14:28:31,135 INFO: [INFO][OLLAMA]fetch_complete_call_info: found key call_id with value:
2025-09-17 14:28:31,135 INFO: step0_tailor_summary
2025-09-17 14:28:31,135 INFO: [INFO][OLLAMA]fetch_complete_call_info: found key payload_in with value:
2025-09-17 14:28:31,135 INFO: {'model': 'llama3:8b', 'system': 'You are a resume tailoring assistant. Only output what is requested of you, in the exact format specified. You are to follow these guidelines when tailoring all resume sections:\n- You may only draw from the provided descriptions, no making assumptions.\n- Do not invent any data or roles, only use the data provided.\n- You may not add any untrue statements to the data that has been provided.\n- The tailored sections and overall resume must be brief, concise and professional. It must cater to recruiters and make the resume stand out.\n- Use simple to understand language when possible, unless direct technical terminology is used.', 'stream': False, 'temperature': 0.8}
2025-09-17 14:28:31,137 INFO: [INFO][OLLAMA]fetch_complete_call_info: found key format with value:
2025-09-17 14:28:31,137 INFO: {'raw_cv_data': '[0]Name: Marcos David Madrigal Albores\n[0]Contact Information:\n[1]Address: 308 Brunswick Ave, Toronto, ON, Canada\n[1]Phone: +1-437-981-2994\n[1]Email: marcosdma.compeng@outlook.com\n[1]LinkedIn: linkedin.com/in/marcosdma/\n[1]Github: github.com/marneus981\n[1]Portfolio: marneus981.github.io | donkeyponius981.itch.io\n[0]Title: Computer Engineer\n[0]Summary: As a new graduate with a strong foundation in computer science, I leverage my passion for software development and collaboration to drive innovative solutions. With experience in implementing algorithms, data structures, and object-oriented design principles through Python programming, I am eager to apply my skills in a dynamic environment like Sentry, where I can extend my knowledge and grow as a Software Engineer.\n[0]Languages: English, Spanish, French\n[0]Education:\n[1]Degree: Bachelor of Applied Science in Computer Engineering\n[1]University: University of Toronto\n[1]Location: Toronto, ON, Canada\n[1]Duration: 2018/09 - 2023/06\n[1]Courses: [1]Courses: ESC180 Introduction to Computer Programming, ESC190 Computer Algorithms and Data Structures, MAT185 Linear Algebra, MAT195 Calculus II, ECE244 Programming Fundamentals\n[0]Certifications:\n[1]Certification Name: Minor in Artificial Intelligence\n[1]Issuing Organization: University of Toronto\n[1]Issue Date: 2023/06\n[0]Awards and Scholarships:\n[1]Award Name: United Nations Datathon 2023 Participation\n[1]Issuing Organization: United Nations\n[1]Issue Date: 2023/11\n[1]Award Name: University of Toronto Engineering Scholar\n[1]Issuing Organization: University of Toronto Faculty of Applied Science and Engineering\n[1]Issue Date: 2018/09\n[0]Volunteering and Leadership:\n[1]Role: Committee Student Member\n[1]Organization: Scholarship Committee at the Faculty of Engineering, University of Toronto\n[1]Location: Toronto, ON, Canada\n[1]Duration: 2020/01 - 2020/12\n[1]Description: Utilized time management and analytical problem-solving skills as part of a multi-disciplinary committee to provide impactful decisions, relevant for software development lifecycle. Demonstrated effective written and communication skills in collaborating with peers\n[0]Work Experience:\n[1]Job Title: PEY VR Technical Assistant\n[1]Company: Medica Providencia Clinic\n[1]Location: Tuxtla Gtz, CS, Mexico\n[1]Duration: 2022/12 - 2023/03\n[1]Description: Developed troubleshooting skills through systematic diagnostics and repairs, improving patient-centred approach. Collaborated with healthcare professionals to achieve improved satisfaction scores\n[0]Projects:\n[1]Project Title: TTRPG Tools\n[1]URL: https://github.com/Marneus981/TTRPGTools\n[1]Type: Open Source Personal Project\n[1]Duration: 2023/06 - Present\n[1]Description: Developed software tools with AI integration for playing and creating TTRPG Games, implementing automated debugging and scripting for all software components. Utilized C++/Python programming languages to create a comprehensive solution\n[1]Project Title: Horizontal Federated Learning Research\n[1]URL: github.com/alexjsenn/FedScale\n[1]Type: Research | Capstone Project\n[1]Duration: 2021/09 - 2022/06\n[1]Description: Developed a Federated Machine Learning model aggregation algorithm in C++/Python, doubling network efficiency while maintaining model performance. Co-authored technical papers and presentations on novel aggregation algorithms\n[1]Project Title: Neural Signal Modelling\n[1]URL: https://github.com/Marneus981/NeuralBioelectricityProject\n[1]Type: University Project\n[1]Duration: 2020/09 - 2020/12\n[1]Description: Coalesced research into a holistic simulation of neural signal transmission and propagation using MATLAB, applying knowledge of algorithms and object-oriented design principles. Demonstrated strong analytical problem-solving skills\n[0]Skills:\n[1]Programming Languages: Python, JavaScript\n[1]Technical Skills: Algorithms, Data Structures, Object-Oriented Design Principles, Machine Learning, Unit Testing\n[1]Soft Skills: Detail-Oriented, Good Written and Communication Skills, Teamwork, Time Management', 'systems': ['You are a resume tailoring assistant. Only output what is requested of you, in the exact format specified. You are to follow these guidelines when tailoring all resume sections:\n- You may only draw from the provided descriptions, no making assumptions.\n- Do not invent any data or roles, only use the data provided.\n- You may not add any untrue statements to the data that has been provided.\n- The tailored sections and overall resume must be brief, concise and professional. It must cater to recruiters and make the resume stand out.\n- Use simple to understand language when possible, unless direct technical terminology is used.', 'You are a resume tailoring assistant. Only output what is requested of you, in the exact format specified. You are to follow these guidelines when tailoring all resume sections:\n- You may only draw from the provided descriptions, no making assumptions.\n- Do not invent any data or roles, only use the data provided.\n- You may not add any untrue statements to the data that has been provided.\n- The tailored sections and overall resume must be brief, concise and professional. It must cater to recruiters and make the resume stand out.\n- Use simple to understand language when possible, unless direct technical terminology is used.', 'You are a resume tailoring assistant. Only output what is requested of you, in the exact format specified. You are to follow these guidelines when tailoring all resume sections:\n- You may only draw from the provided descriptions, no making assumptions.\n- Do not invent any data or roles, only use the data provided.\n- You may not add any untrue statements to the data that has been provided.\n- The tailored sections and overall resume must be brief, concise and professional. It must cater to recruiters and make the resume stand out.\n- Use simple to understand language when possible, unless direct technical terminology is used.', 'You are a resume tailoring assistant. Only output what is requested of you, in the exact format specified. You are to follow these guidelines when tailoring all resume sections:\n- You may only draw from the provided descriptions, no making assumptions.\n- Do not invent any data or roles, only use the data provided.\n- You may not add any untrue statements to the data that has been provided.\n- The tailored sections and overall resume must be brief, concise and professional. It must cater to recruiters and make the resume stand out.\n- Use simple to understand language when possible, unless direct technical terminology is used.', 'You are a resume tailoring assistant. Only output what is requested of you, in the exact format specified. You are to follow these guidelines when tailoring all resume sections:\n- You may only draw from the provided descriptions, no making assumptions.\n- Do not invent any data or roles, only use the data provided.\n- You may not add any untrue statements to the data that has been provided.\n- The tailored sections and overall resume must be brief, concise and professional. It must cater to recruiters and make the resume stand out.\n- Use simple to understand language when possible, unless direct technical terminology is used.', 'You are a resume tailoring assistant. Only output what is requested of you, in the exact format specified. You are to follow these guidelines when tailoring all resume sections:\n- You may only draw from the provided descriptions, no making assumptions.\n- Do not invent any data or roles, only use the data provided.\n- You may not add any untrue statements to the data that has been provided.\n- The tailored sections and overall resume must be brief, concise and professional. It must cater to recruiters and make the resume stand out.\n- Use simple to understand language when possible, unless direct technical terminology is used.'], 'skill_section': True, 'windows': 4, 'mode': 'batch', 'standard_calls': [], 'non_standard_calls': ['slide_summary']}
2025-09-17 14:28:31,138 INFO: [INFO][OLLAMA]fetch_complete_call_info: found key prompt_in with value:
2025-09-17 14:28:31,138 INFO: Given the following resume sections summarized:
                        {slides_txt}
                        Create a wholistic summary of all of them, following these guidelines:
                        - Include the candidate's contact information, as well as their title and name.
                        - Include any certifications or qualifications.
                        - Include all education.
                        - Include all projects, work experience, and volunteering and leadership roles.
                        - Include all information, competencies, achievements, and skills, this is a wholistic summary of the candidate's qualifications.
                        - Maintain the context and flow between the sections.
                        - Be very concise but detail-driven as well, which means that you must include as many relevant details as possible with minimal fluff.
                        Return the summarized information as a single continuous string of text, following this format strictly:
                        [0]Summary: Wholistic summary of all sections.
                    
2025-09-17 14:28:31,138 INFO: [INFO][OLLAMA]fetch_complete_call_info: found key ollama_url with value:
2025-09-17 14:28:31,139 INFO: http://localhost:11434
2025-09-17 14:28:31,139 INFO: [INFO][OLLAMA]fetch_complete_call_info: found key sample_starts with value:
2025-09-17 14:28:31,139 INFO: ['strict', 'digits', '[0]Summary:']
2025-09-17 14:28:31,139 INFO: [INFO][OLLAMA]ollama_call: Try 1/3...
2025-09-17 14:28:31,141 INFO: [TIME] parse_cv_out took 0.0004 seconds
2025-09-17 14:28:31,141 INFO: [TIME] dict_spliter took 0.0000 seconds
2025-09-17 14:28:31,143 INFO: [INFO][OLLAMA]fetch_complete_call_info: fetching complete call info for call id slide_summary...
2025-09-17 14:28:31,143 INFO: [INFO][OLLAMA]fetch_complete_call_info: complete call info:
2025-09-17 14:28:31,143 INFO: [INFO][OLLAMA]fetch_complete_call_info: found key call_id with value:
2025-09-17 14:28:31,143 INFO: slide_summary
2025-09-17 14:28:31,143 INFO: [INFO][OLLAMA]fetch_complete_call_info: found key payload_in with value:
2025-09-17 14:28:31,143 INFO: {'model': 'llama3:8b', 'system': 'You are a resume tailoring assistant. Only output what is requested of you, in the exact format specified. You are to follow these guidelines when tailoring all resume sections:\n- You may only draw from the provided descriptions, no making assumptions.\n- Do not invent any data or roles, only use the data provided.\n- You may not add any untrue statements to the data that has been provided.\n- The tailored sections and overall resume must be brief, concise and professional. It must cater to recruiters and make the resume stand out.\n- Use simple to understand language when possible, unless direct technical terminology is used.', 'stream': False, 'temperature': 0.8}
2025-09-17 14:28:31,143 INFO: [INFO][OLLAMA]fetch_complete_call_info: found key format with value:
2025-09-17 14:28:31,143 INFO: {'sections_dct_list': [{'name': 'Marcos David Madrigal Albores'}, {'contact_information': {'address': '308 Brunswick Ave, Toronto, ON, Canada', 'phone': '+1-437-981-2994', 'email': 'marcosdma.compeng@outlook.com', 'linkedin': 'linkedin.com/in/marcosdma/', 'github': 'github.com/marneus981', 'portfolio': 'marneus981.github.io | donkeyponius981.itch.io'}}, {'title': 'Computer Engineer'}, {'summary': 'As a new graduate with a strong foundation in computer science, I leverage my passion for software development and collaboration to drive innovative solutions. With experience in implementing algorithms, data structures, and object-oriented design principles through Python programming, I am eager to apply my skills in a dynamic environment like Sentry, where I can extend my knowledge and grow as a Software Engineer.'}, {'languages': ['English', 'Spanish', 'French']}, {'education': [{'degree': 'Bachelor of Applied Science in Computer Engineering', 'university': 'University of Toronto', 'location': 'Toronto, ON, Canada', 'duration': '2018/09 - 2023/06', 'courses': ['[1]Courses: ESC180 Introduction to Computer Programming', 'ESC190 Computer Algorithms and Data Structures', 'MAT185 Linear Algebra', 'MAT195 Calculus II', 'ECE244 Programming Fundamentals']}]}, {'certifications': [{'certification_name': 'Minor in Artificial Intelligence', 'issuing_organization': 'University of Toronto', 'issue_date': '2023/06'}]}, {'awards_and_scholarships': [{'award_name': 'United Nations Datathon 2023 Participation', 'issuing_organization': 'United Nations', 'issue_date': '2023/11'}, {'award_name': 'University of Toronto Engineering Scholar', 'issuing_organization': 'University of Toronto Faculty of Applied Science and Engineering', 'issue_date': '2018/09'}]}, {'volunteering_and_leadership': [{'role': 'Committee Student Member', 'organization': 'Scholarship Committee at the Faculty of Engineering, University of Toronto', 'location': 'Toronto, ON, Canada', 'duration': '2020/01 - 2020/12', 'description': ['Utilized time management and analytical problem-solving skills as part of a multi-disciplinary committee to provide impactful decisions, relevant for software development lifecycle', 'Demonstrated effective written and communication skills in collaborating with peers']}]}, {'work_experience': [{'job_title': 'PEY VR Technical Assistant', 'company': 'Medica Providencia Clinic', 'location': 'Tuxtla Gtz, CS, Mexico', 'duration': '2022/12 - 2023/03', 'description': ['Developed troubleshooting skills through systematic diagnostics and repairs, improving patient-centred approach', 'Collaborated with healthcare professionals to achieve improved satisfaction scores']}]}, {'projects': [{'project_title': 'TTRPG Tools', 'url': 'https://github.com/Marneus981/TTRPGTools', 'type': 'Open Source Personal Project', 'duration': '2023/06 - Present', 'description': ['Developed software tools with AI integration for playing and creating TTRPG Games, implementing automated debugging and scripting for all software components', 'Utilized C++/Python programming languages to create a comprehensive solution']}, {'project_title': 'Horizontal Federated Learning Research', 'url': 'github.com/alexjsenn/FedScale', 'type': 'Research | Capstone Project', 'duration': '2021/09 - 2022/06', 'description': ['Developed a Federated Machine Learning model aggregation algorithm in C++/Python, doubling network efficiency while maintaining model performance', 'Co-authored technical papers and presentations on novel aggregation algorithms']}, {'project_title': 'Neural Signal Modelling', 'url': 'https://github.com/Marneus981/NeuralBioelectricityProject', 'type': 'University Project', 'duration': '2020/09 - 2020/12', 'description': ['Coalesced research into a holistic simulation of neural signal transmission and propagation using MATLAB, applying knowledge of algorithms and object-oriented design principles', 'Demonstrated strong analytical problem-solving skills']}]}, {'skills': {'programming_languages': ['Python', 'JavaScript'], 'technical_skills': ['Algorithms', 'Data Structures', 'Object-Oriented Design Principles', 'Machine Learning', 'Unit Testing'], 'soft_skills': ['Detail-Oriented', 'Good Written and Communication Skills', 'Teamwork', 'Time Management']}}], 'systems': ['You are a resume tailoring assistant. Only output what is requested of you, in the exact format specified. You are to follow these guidelines when tailoring all resume sections:\n- You may only draw from the provided descriptions, no making assumptions.\n- Do not invent any data or roles, only use the data provided.\n- You may not add any untrue statements to the data that has been provided.\n- The tailored sections and overall resume must be brief, concise and professional. It must cater to recruiters and make the resume stand out.\n- Use simple to understand language when possible, unless direct technical terminology is used.', 'You are a resume tailoring assistant. Only output what is requested of you, in the exact format specified. You are to follow these guidelines when tailoring all resume sections:\n- You may only draw from the provided descriptions, no making assumptions.\n- Do not invent any data or roles, only use the data provided.\n- You may not add any untrue statements to the data that has been provided.\n- The tailored sections and overall resume must be brief, concise and professional. It must cater to recruiters and make the resume stand out.\n- Use simple to understand language when possible, unless direct technical terminology is used.', 'You are a resume tailoring assistant. Only output what is requested of you, in the exact format specified. You are to follow these guidelines when tailoring all resume sections:\n- You may only draw from the provided descriptions, no making assumptions.\n- Do not invent any data or roles, only use the data provided.\n- You may not add any untrue statements to the data that has been provided.\n- The tailored sections and overall resume must be brief, concise and professional. It must cater to recruiters and make the resume stand out.\n- Use simple to understand language when possible, unless direct technical terminology is used.', 'You are a resume tailoring assistant. Only output what is requested of you, in the exact format specified. You are to follow these guidelines when tailoring all resume sections:\n- You may only draw from the provided descriptions, no making assumptions.\n- Do not invent any data or roles, only use the data provided.\n- You may not add any untrue statements to the data that has been provided.\n- The tailored sections and overall resume must be brief, concise and professional. It must cater to recruiters and make the resume stand out.\n- Use simple to understand language when possible, unless direct technical terminology is used.', 'You are a resume tailoring assistant. Only output what is requested of you, in the exact format specified. You are to follow these guidelines when tailoring all resume sections:\n- You may only draw from the provided descriptions, no making assumptions.\n- Do not invent any data or roles, only use the data provided.\n- You may not add any untrue statements to the data that has been provided.\n- The tailored sections and overall resume must be brief, concise and professional. It must cater to recruiters and make the resume stand out.\n- Use simple to understand language when possible, unless direct technical terminology is used.'], 'skill_section': True, 'windows': 4, 'mode': 'batch', 'standard_calls': ['summarize_general_info', 'summarize_skills'], 'non_standard_calls': ['sliding_window_two_sections', 'sliding_window_three_sections', 'sliding_window_four_sections']}
2025-09-17 14:28:31,143 INFO: [INFO][OLLAMA]fetch_complete_call_info: found key prompt_in with value:
2025-09-17 14:28:31,148 INFO: 
2025-09-17 14:28:31,148 INFO: [INFO][OLLAMA]fetch_complete_call_info: found key ollama_url with value:
2025-09-17 14:28:31,148 INFO: http://localhost:11434
2025-09-17 14:28:31,148 INFO: [INFO][OLLAMA]fetch_complete_call_info: found key sample_starts with value:
2025-09-17 14:28:31,148 INFO: []
2025-09-17 14:28:31,148 INFO: [INFO][OLLAMA]ollama_call: Try 1/3...
2025-09-17 14:28:31,150 INFO: [TIME] inv_parse_cv took 0.0000 seconds
2025-09-17 14:28:31,150 INFO: [TIME] inv_parse_cv took 0.0000 seconds
2025-09-17 14:28:31,151 INFO: [TIME] inv_parse_cv took 0.0000 seconds
2025-09-17 14:28:31,151 INFO: [TIME] inv_parse_cv took 0.0000 seconds
2025-09-17 14:28:31,151 INFO: [TIME] inv_parse_cv_out took 0.0000 seconds
2025-09-17 14:28:31,151 INFO: [TIME] inv_parse_cv_out took 0.0000 seconds
2025-09-17 14:28:31,152 INFO: [TIME] inv_parse_cv_out took 0.0000 seconds
2025-09-17 14:28:31,152 INFO: [TIME] inv_parse_cv_out took 0.0000 seconds
2025-09-17 14:28:31,152 INFO: [TIME] inv_parse_cv_out took 0.0000 seconds
2025-09-17 14:28:31,152 INFO: [TIME] inv_parse_cv_out took 0.0001 seconds
2025-09-17 14:28:31,152 INFO: [TIME] inv_parse_cv_out took 0.0000 seconds
2025-09-17 14:28:31,154 INFO: [INFO][OLLAMA]slide_summary: candidate_name: Marcos David Madrigal Albores
2025-09-17 14:28:31,154 INFO: [INFO][OLLAMA]slide_summary: candidate_title: Computer Engineer
2025-09-17 14:28:31,154 INFO: [INFO][OLLAMA]slide_summary: general_txts: 4
2025-09-17 14:28:31,155 INFO: [INFO][OLLAMA]slide_summary: special_txts: 6
2025-09-17 14:28:31,161 INFO: [INFO][OLLAMA]fetch_complete_call_info: fetching complete call info for call id sliding_window_four_sections...
2025-09-17 14:28:31,162 INFO: [INFO][OLLAMA]fetch_complete_call_info: complete call info:
2025-09-17 14:28:31,162 INFO: [INFO][OLLAMA]fetch_complete_call_info: found key call_id with value:
2025-09-17 14:28:31,162 INFO: sliding_window_four_sections
2025-09-17 14:28:31,162 INFO: [INFO][OLLAMA]fetch_complete_call_info: found key payload_in with value:
2025-09-17 14:28:31,163 INFO: {'model': 'llama3:8b', 'system': 'You are a resume tailoring assistant. Only output what is requested of you, in the exact format specified. You are to follow these guidelines when tailoring all resume sections:\n- You may only draw from the provided descriptions, no making assumptions.\n- Do not invent any data or roles, only use the data provided.\n- You may not add any untrue statements to the data that has been provided.\n- The tailored sections and overall resume must be brief, concise and professional. It must cater to recruiters and make the resume stand out.\n- Use simple to understand language when possible, unless direct technical terminology is used.', 'stream': False, 'temperature': 0.8}
2025-09-17 14:28:31,163 INFO: [INFO][OLLAMA]fetch_complete_call_info: found key format with value:
2025-09-17 14:28:31,163 INFO: {'sections': ['[0]Education:\n[1]Degree: Bachelor of Applied Science in Computer Engineering\n[1]University: University of Toronto\n[1]Location: Toronto, ON, Canada\n[1]Duration: 2018/09 - 2023/06\n[1]Courses: [1]Courses: ESC180 Introduction to Computer Programming, ESC190 Computer Algorithms and Data Structures, MAT185 Linear Algebra, MAT195 Calculus II, ECE244 Programming Fundamentals', '[0]Certifications:\n[1]Certification Name: Minor in Artificial Intelligence\n[1]Issuing Organization: University of Toronto\n[1]Issue Date: 2023/06', '[0]Awards and Scholarships:\n[1]Award Name: United Nations Datathon 2023 Participation\n[1]Issuing Organization: United Nations\n[1]Issue Date: 2023/11\n[1]Award Name: University of Toronto Engineering Scholar\n[1]Issuing Organization: University of Toronto Faculty of Applied Science and Engineering\n[1]Issue Date: 2018/09', '[0]Volunteering and Leadership:\n[1]Role: Committee Student Member\n[1]Organization: Scholarship Committee at the Faculty of Engineering, University of Toronto\n[1]Location: Toronto, ON, Canada\n[1]Duration: 2020/01 - 2020/12\n[1]Description: Utilized time management and analytical problem-solving skills as part of a multi-disciplinary committee to provide impactful decisions, relevant for software development lifecycle. Demonstrated effective written and communication skills in collaborating with peers'], 'section_names': ['education', 'certifications', 'awards_and_scholarships', 'volunteering_and_leadership'], 'systems': ['You are a resume tailoring assistant. Only output what is requested of you, in the exact format specified. You are to follow these guidelines when tailoring all resume sections:\n- You may only draw from the provided descriptions, no making assumptions.\n- Do not invent any data or roles, only use the data provided.\n- You may not add any untrue statements to the data that has been provided.\n- The tailored sections and overall resume must be brief, concise and professional. It must cater to recruiters and make the resume stand out.\n- Use simple to understand language when possible, unless direct technical terminology is used.', 'You are a resume tailoring assistant. Only output what is requested of you, in the exact format specified. You are to follow these guidelines when tailoring all resume sections:\n- You may only draw from the provided descriptions, no making assumptions.\n- Do not invent any data or roles, only use the data provided.\n- You may not add any untrue statements to the data that has been provided.\n- The tailored sections and overall resume must be brief, concise and professional. It must cater to recruiters and make the resume stand out.\n- Use simple to understand language when possible, unless direct technical terminology is used.', 'You are a resume tailoring assistant. Only output what is requested of you, in the exact format specified. You are to follow these guidelines when tailoring all resume sections:\n- You may only draw from the provided descriptions, no making assumptions.\n- Do not invent any data or roles, only use the data provided.\n- You may not add any untrue statements to the data that has been provided.\n- The tailored sections and overall resume must be brief, concise and professional. It must cater to recruiters and make the resume stand out.\n- Use simple to understand language when possible, unless direct technical terminology is used.', 'You are a resume tailoring assistant. Only output what is requested of you, in the exact format specified. You are to follow these guidelines when tailoring all resume sections:\n- You may only draw from the provided descriptions, no making assumptions.\n- Do not invent any data or roles, only use the data provided.\n- You may not add any untrue statements to the data that has been provided.\n- The tailored sections and overall resume must be brief, concise and professional. It must cater to recruiters and make the resume stand out.\n- Use simple to understand language when possible, unless direct technical terminology is used.'], 'candidate_name': 'Marcos David Madrigal Albores', 'candidate_title': 'Computer Engineer', 'mode': 'batch', 'standard_calls': ['summarize_section'], 'non_standard_calls': ['batch_summarize_sections'], 'async_calls': ['standard_ollama_call_async']}
2025-09-17 14:28:31,163 INFO: [INFO][OLLAMA]fetch_complete_call_info: found key prompt_in with value:
2025-09-17 14:28:31,164 INFO: Given the following resume section summaries:
                        {summary1}
                        {summary2}
                        {summary3}
                        {summary4}
                        Create a new summary that incorporates all four summaries, following these guidelines:
                        - Be very concise but detail-driven as well, which means that you must include as many relevant details as possible with minimal fluff.
                        - Include all information, competencies, achievements, and skills, this is a wholistic summary of the candidate's qualifications.
                        - Maintain the context and flow between the four sections.
                        - When referring to the candidate, use their name: {candidate_name} or their title: {candidate_title}
                        Return the summarized information as a single continuous string of text, following this format strictly:
                        [S]{section1_name} + {section2_name} + {section3_name} + {section4_name} Sections Summary: Wholistic summary of the sections' information, competencies, achievements, and key skills.
                    
2025-09-17 14:28:31,164 INFO: [INFO][OLLAMA]fetch_complete_call_info: found key ollama_url with value:
2025-09-17 14:28:31,164 INFO: http://localhost:11434
2025-09-17 14:28:31,164 INFO: [INFO][OLLAMA]fetch_complete_call_info: found key sample_starts with value:
2025-09-17 14:28:31,164 INFO: ['strict', 'cap_letters', '[S]']
2025-09-17 14:28:31,164 INFO: [INFO][OLLAMA]ollama_call: Try 1/3...
2025-09-17 14:28:31,175 INFO: [INFO][OLLAMA]fetch_complete_call_info: fetching complete call info for call id batch_summarize_sections...
2025-09-17 14:28:31,175 INFO: [INFO][OLLAMA]fetch_complete_call_info: complete call info:
2025-09-17 14:28:31,175 INFO: [INFO][OLLAMA]fetch_complete_call_info: found key call_id with value:
2025-09-17 14:28:31,175 INFO: batch_summarize_sections
2025-09-17 14:28:31,175 INFO: [INFO][OLLAMA]fetch_complete_call_info: found key payload_in with value:
2025-09-17 14:28:31,177 INFO: {'model': 'llama3:8b', 'system': 'You are a resume tailoring assistant. Only output what is requested of you, in the exact format specified. You are to follow these guidelines when tailoring all resume sections:\n- You may only draw from the provided descriptions, no making assumptions.\n- Do not invent any data or roles, only use the data provided.\n- You may not add any untrue statements to the data that has been provided.\n- The tailored sections and overall resume must be brief, concise and professional. It must cater to recruiters and make the resume stand out.\n- Use simple to understand language when possible, unless direct technical terminology is used.', 'stream': False, 'temperature': 0.8}
2025-09-17 14:28:31,177 INFO: [INFO][OLLAMA]fetch_complete_call_info: found key format with value:
2025-09-17 14:28:31,177 INFO: {'sections': ['[0]Education:\n[1]Degree: Bachelor of Applied Science in Computer Engineering\n[1]University: University of Toronto\n[1]Location: Toronto, ON, Canada\n[1]Duration: 2018/09 - 2023/06\n[1]Courses: [1]Courses: ESC180 Introduction to Computer Programming, ESC190 Computer Algorithms and Data Structures, MAT185 Linear Algebra, MAT195 Calculus II, ECE244 Programming Fundamentals', '[0]Certifications:\n[1]Certification Name: Minor in Artificial Intelligence\n[1]Issuing Organization: University of Toronto\n[1]Issue Date: 2023/06'], 'section_names': ['education', 'certifications']}
2025-09-17 14:28:31,177 INFO: [INFO][OLLAMA]fetch_complete_call_info: found key prompt_in with value:
2025-09-17 14:28:31,178 INFO: Given the following sections from a resume:
                        {sections_text}
                        Summarize the sections in a wholistic manner while following these guidelines:
                        - Be very concise but detail-driven as well, which means that you must include as many relevant details as possible with minimal fluff.
                        - Include all information, competencies, achievements, and skills, this is a wholistic summary of the candidate's qualifications.
                        - Keep in mind that these summaries will be used in a "Sliding Window" approach to summarize the entire resume effectively, so include information that is relevant for the overall context of the resume.
                        Return the summarized information as a single continuous string of text, following this format strictly:
                    
2025-09-17 14:28:31,178 INFO: [INFO][OLLAMA]fetch_complete_call_info: found key ollama_url with value:
2025-09-17 14:28:31,178 INFO: http://localhost:11434
2025-09-17 14:28:31,178 INFO: [INFO][OLLAMA]fetch_complete_call_info: found key sample_starts with value:
2025-09-17 14:28:31,179 INFO: ['flexible', 'cap_letters', '[S]']
2025-09-17 14:28:31,179 INFO: [INFO][OLLAMA]ollama_call: Try 1/3...
2025-09-17 14:28:31,180 INFO: [OLLAMA]batch_summarize_sections: call_id: batch_summarize_sections
2025-09-17 14:28:31,182 INFO: [OLLAMA]batch_summarize_sections: payload field model with value llama3:8b found
2025-09-17 14:28:31,182 INFO: [OLLAMA]batch_summarize_sections: payload field system with value You are a resume tailoring assistant. Only output what is requested of you, in the exact format specified. You are to follow these guidelines when tailoring all resume sections:
- You may only draw from the provided descriptions, no making assumptions.
- Do not invent any data or roles, only use the data provided.
- You may not add any untrue statements to the data that has been provided.
- The tailored sections and overall resume must be brief, concise and professional. It must cater to recruiters and make the resume stand out.
- Use simple to understand language when possible, unless direct technical terminology is used. found
2025-09-17 14:28:31,182 INFO: [OLLAMA]batch_summarize_sections: payload field prompt with value Given the following sections from a resume:
                        [0]Education:
[1]Degree: Bachelor of Applied Science in Computer Engineering
[1]University: University of Toronto
[1]Location: Toronto, ON, Canada
[1]Duration: 2018/09 - 2023/06
[1]Courses: [1]Courses: ESC180 Introduction to Computer Programming, ESC190 Computer Algorithms and Data Structures, MAT185 Linear Algebra, MAT195 Calculus II, ECE244 Programming Fundamentals
[0]Certifications:
[1]Certification Name: Minor in Artificial Intelligence
[1]Issuing Organization: University of Toronto
[1]Issue Date: 2023/06
                        Summarize the sections in a wholistic manner while following these guidelines:
                        - Be very concise but detail-driven as well, which means that you must include as many relevant details as possible with minimal fluff.
                        - Include all information, competencies, achievements, and skills, this is a wholistic summary of the candidate's qualifications.
                        - Keep in mind that these summaries will be used in a "Sliding Window" approach to summarize the entire resume effectively, so include information that is relevant for the overall context of the resume.
                        Return the summarized information as a single continuous string of text, following this format strictly:
                    [S]education Section Summary: Wholistic summary of the section's information.
[S]certifications Section Summary: Wholistic summary of the section's information.
 found
2025-09-17 14:28:31,182 INFO: [OLLAMA]batch_summarize_sections: payload field stream with value False found
2025-09-17 14:28:31,182 INFO: [OLLAMA]batch_summarize_sections: payload field temperature with value 0.8 found
2025-09-17 14:28:38,599 INFO: [SUCCESS][OLLAMA]batch_summarize_sections: {'model': 'llama3:8b', 'created_at': '2025-09-17T20:28:38.5978479Z', 'response': 'Here are the summaries:\n\n[S]Education Section Summary: The candidate holds a Bachelor of Applied Science in Computer Engineering from University of Toronto, with a duration of 2018/09 - 2023/06. Coursework includes Introduction to Computer Programming, Computer Algorithms and Data Structures, Linear Algebra, Calculus II, and Programming Fundamentals.\n\n[S]Certifications Section Summary: The candidate has earned a Minor in Artificial Intelligence from University of Toronto, issued on 2023/06, demonstrating their expertise in this field.', 'done': True, 'done_reason': 'stop', 'context': [128006, 9125, 128007, 271, 2675, 527, 264, 16063, 9986, 5620, 18328, 13, 8442, 2612, 1148, 374, 11472, 315, 499, 11, 304, 279, 4839, 3645, 5300, 13, 1472, 527, 311, 1833, 1521, 17959, 994, 9986, 5620, 682, 16063, 14491, 512, 12, 1472, 1253, 1193, 4128, 505, 279, 3984, 28887, 11, 912, 3339, 32946, 627, 12, 3234, 539, 17459, 904, 828, 477, 13073, 11, 1193, 1005, 279, 828, 3984, 627, 12, 1472, 1253, 539, 923, 904, 88977, 12518, 311, 279, 828, 430, 706, 1027, 3984, 627, 12, 578, 41891, 14491, 323, 8244, 16063, 2011, 387, 10015, 11, 64694, 323, 6721, 13, 1102, 2011, 29068, 311, 93940, 323, 1304, 279, 16063, 2559, 704, 627, 12, 5560, 4382, 311, 3619, 4221, 994, 3284, 11, 7389, 2167, 11156, 57726, 374, 1511, 13, 128009, 128006, 882, 128007, 271, 22818, 279, 2768, 14491, 505, 264, 16063, 512, 667, 510, 15, 60, 40234, 512, 58, 16, 60, 59867, 25, 42090, 315, 43608, 10170, 304, 17863, 17005, 198, 58, 16, 60, 31272, 25, 3907, 315, 14974, 198, 58, 16, 60, 4812, 25, 14974, 11, 6328, 11, 7008, 198, 58, 16, 60, 13242, 25, 220, 679, 23, 14, 2545, 482, 220, 2366, 18, 14, 2705, 198, 58, 16, 60, 62980, 25, 510, 16, 60, 62980, 25, 44374, 5245, 29438, 311, 17863, 39524, 11, 44374, 7028, 17863, 86859, 323, 2956, 71150, 11, 25832, 9741, 29363, 77543, 11, 25832, 6280, 32459, 355, 8105, 11, 469, 2152, 13719, 39524, 13492, 78114, 198, 58, 15, 60, 38034, 7174, 512, 58, 16, 60, 38034, 2461, 4076, 25, 30893, 304, 59294, 22107, 198, 58, 16, 60, 29316, 7623, 21021, 25, 3907, 315, 14974, 198, 58, 16, 60, 43106, 2696, 25, 220, 2366, 18, 14, 2705, 198, 667, 8279, 5730, 553, 279, 14491, 304, 264, 421, 337, 4633, 11827, 1418, 2768, 1521, 17959, 512, 667, 482, 2893, 1633, 64694, 719, 7872, 32505, 439, 1664, 11, 902, 3445, 430, 499, 2011, 2997, 439, 1690, 9959, 3649, 439, 3284, 449, 17832, 1344, 1386, 627, 667, 482, 30834, 682, 2038, 11, 4634, 6072, 11, 33997, 11, 323, 7512, 11, 420, 374, 264, 421, 337, 4633, 12399, 315, 279, 9322, 596, 43784, 627, 667, 482, 13969, 304, 4059, 430, 1521, 70022, 690, 387, 1511, 304, 264, 330, 7594, 6714, 13956, 1, 5603, 311, 63179, 279, 4553, 16063, 13750, 11, 779, 2997, 2038, 430, 374, 9959, 369, 279, 8244, 2317, 315, 279, 16063, 627, 667, 3494, 279, 69729, 2038, 439, 264, 3254, 19815, 925, 315, 1495, 11, 2768, 420, 3645, 26549, 512, 504, 510, 50, 60, 37838, 11360, 22241, 25, 1254, 337, 4633, 12399, 315, 279, 3857, 596, 2038, 627, 43574, 60, 12525, 7174, 11360, 22241, 25, 1254, 337, 4633, 12399, 315, 279, 3857, 596, 2038, 627, 128009, 128006, 78191, 128007, 271, 8586, 527, 279, 70022, 1473, 43574, 60, 40234, 11360, 22241, 25, 578, 9322, 10187, 264, 42090, 315, 43608, 10170, 304, 17863, 17005, 505, 3907, 315, 14974, 11, 449, 264, 8250, 315, 220, 679, 23, 14, 2545, 482, 220, 2366, 18, 14, 2705, 13, 17026, 1816, 5764, 29438, 311, 17863, 39524, 11, 17863, 86859, 323, 2956, 71150, 11, 29363, 77543, 11, 32459, 355, 8105, 11, 323, 39524, 13492, 78114, 382, 43574, 60, 38034, 7174, 11360, 22241, 25, 578, 9322, 706, 15662, 264, 30893, 304, 59294, 22107, 505, 3907, 315, 14974, 11, 11136, 389, 220, 2366, 18, 14, 2705, 11, 45296, 872, 19248, 304, 420, 2115, 13], 'total_duration': 5382527300, 'load_duration': 51163000, 'prompt_eval_count': 451, 'prompt_eval_duration': 442994000, 'eval_count': 106, 'eval_duration': 4886814800}
2025-09-17 14:28:38,600 INFO: [TIME] batch_summarize_sections took 7.4206 seconds
2025-09-17 14:28:38,600 INFO: [INFO][OLLAMA]ollama_call: response is a str
2025-09-17 14:28:38,600 INFO: [TIME] filter_output took 0.0000 seconds
2025-09-17 14:28:38,600 INFO: [INFO][OLLAMA]ollama_call: filtered response: [S]Education Section Summary: The candidate holds a Bachelor of Applied Science in Computer Engineering from University of Toronto, with a duration of 2018/09 - 2023/06. Coursework includes Introduction to Computer Programming, Computer Algorithms and Data Structures, Linear Algebra, Calculus II, and Programming Fundamentals.
[S]Certifications Section Summary: The candidate has earned a Minor in Artificial Intelligence from University of Toronto, issued on 2023/06, demonstrating their expertise in this field.
2025-09-17 14:28:38,600 WARNING: [WARNING]compare_start: Length mismatch: 1 != 2
2025-09-17 14:28:38,600 INFO: [SUCCESS]Output matches expected start lines
2025-09-17 14:28:38,600 INFO: [TIME] compare_start took 0.0025 seconds
2025-09-17 14:28:38,600 INFO: [SUCCESS][OLLAMA]ollama_call: Ollama call succeeded: [S]Education Section Summary: The candidate holds a Bachelor of Applied Science in Computer Engineering from University of Toronto, with a duration of 2018/09 - 2023/06. Coursework includes Introduction to Computer Programming, Computer Algorithms and Data Structures, Linear Algebra, Calculus II, and Programming Fundamentals.
[S]Certifications Section Summary: The candidate has earned a Minor in Artificial Intelligence from University of Toronto, issued on 2023/06, demonstrating their expertise in this field.
2025-09-17 14:28:38,600 INFO: [TIME] ollama_call took 7.4352 seconds
2025-09-17 14:28:38,600 INFO: [INFO][OLLAMA]fetch_complete_call_info: fetching complete call info for call id batch_summarize_sections...
2025-09-17 14:28:38,600 INFO: [INFO][OLLAMA]fetch_complete_call_info: complete call info:
2025-09-17 14:28:38,600 INFO: [INFO][OLLAMA]fetch_complete_call_info: found key call_id with value:
2025-09-17 14:28:38,600 INFO: batch_summarize_sections
2025-09-17 14:28:38,600 INFO: [INFO][OLLAMA]fetch_complete_call_info: found key payload_in with value:
2025-09-17 14:28:38,600 INFO: {'model': 'llama3:8b', 'system': 'You are a resume tailoring assistant. Only output what is requested of you, in the exact format specified. You are to follow these guidelines when tailoring all resume sections:\n- You may only draw from the provided descriptions, no making assumptions.\n- Do not invent any data or roles, only use the data provided.\n- You may not add any untrue statements to the data that has been provided.\n- The tailored sections and overall resume must be brief, concise and professional. It must cater to recruiters and make the resume stand out.\n- Use simple to understand language when possible, unless direct technical terminology is used.', 'stream': False, 'temperature': 0.8}
2025-09-17 14:28:38,600 INFO: [INFO][OLLAMA]fetch_complete_call_info: found key format with value:
2025-09-17 14:28:38,600 INFO: {'sections': ['[0]Awards and Scholarships:\n[1]Award Name: United Nations Datathon 2023 Participation\n[1]Issuing Organization: United Nations\n[1]Issue Date: 2023/11\n[1]Award Name: University of Toronto Engineering Scholar\n[1]Issuing Organization: University of Toronto Faculty of Applied Science and Engineering\n[1]Issue Date: 2018/09', '[0]Volunteering and Leadership:\n[1]Role: Committee Student Member\n[1]Organization: Scholarship Committee at the Faculty of Engineering, University of Toronto\n[1]Location: Toronto, ON, Canada\n[1]Duration: 2020/01 - 2020/12\n[1]Description: Utilized time management and analytical problem-solving skills as part of a multi-disciplinary committee to provide impactful decisions, relevant for software development lifecycle. Demonstrated effective written and communication skills in collaborating with peers'], 'section_names': ['awards_and_scholarships', 'volunteering_and_leadership']}
2025-09-17 14:28:38,600 INFO: [INFO][OLLAMA]fetch_complete_call_info: found key prompt_in with value:
2025-09-17 14:28:38,610 INFO: Given the following sections from a resume:
                        {sections_text}
                        Summarize the sections in a wholistic manner while following these guidelines:
                        - Be very concise but detail-driven as well, which means that you must include as many relevant details as possible with minimal fluff.
                        - Include all information, competencies, achievements, and skills, this is a wholistic summary of the candidate's qualifications.
                        - Keep in mind that these summaries will be used in a "Sliding Window" approach to summarize the entire resume effectively, so include information that is relevant for the overall context of the resume.
                        Return the summarized information as a single continuous string of text, following this format strictly:
                    
2025-09-17 14:28:38,610 INFO: [INFO][OLLAMA]fetch_complete_call_info: found key ollama_url with value:
2025-09-17 14:28:38,611 INFO: http://localhost:11434
2025-09-17 14:28:38,611 INFO: [INFO][OLLAMA]fetch_complete_call_info: found key sample_starts with value:
2025-09-17 14:28:38,611 INFO: ['flexible', 'cap_letters', '[S]']
2025-09-17 14:28:38,611 INFO: [INFO][OLLAMA]ollama_call: Try 1/3...
2025-09-17 14:28:38,614 INFO: [OLLAMA]batch_summarize_sections: call_id: batch_summarize_sections
2025-09-17 14:28:38,614 INFO: [OLLAMA]batch_summarize_sections: payload field model with value llama3:8b found
2025-09-17 14:28:38,614 INFO: [OLLAMA]batch_summarize_sections: payload field system with value You are a resume tailoring assistant. Only output what is requested of you, in the exact format specified. You are to follow these guidelines when tailoring all resume sections:
- You may only draw from the provided descriptions, no making assumptions.
- Do not invent any data or roles, only use the data provided.
- You may not add any untrue statements to the data that has been provided.
- The tailored sections and overall resume must be brief, concise and professional. It must cater to recruiters and make the resume stand out.
- Use simple to understand language when possible, unless direct technical terminology is used. found
2025-09-17 14:28:38,614 INFO: [OLLAMA]batch_summarize_sections: payload field prompt with value Given the following sections from a resume:
                        [0]Awards and Scholarships:
[1]Award Name: United Nations Datathon 2023 Participation
[1]Issuing Organization: United Nations
[1]Issue Date: 2023/11
[1]Award Name: University of Toronto Engineering Scholar
[1]Issuing Organization: University of Toronto Faculty of Applied Science and Engineering
[1]Issue Date: 2018/09
[0]Volunteering and Leadership:
[1]Role: Committee Student Member
[1]Organization: Scholarship Committee at the Faculty of Engineering, University of Toronto
[1]Location: Toronto, ON, Canada
[1]Duration: 2020/01 - 2020/12
[1]Description: Utilized time management and analytical problem-solving skills as part of a multi-disciplinary committee to provide impactful decisions, relevant for software development lifecycle. Demonstrated effective written and communication skills in collaborating with peers
                        Summarize the sections in a wholistic manner while following these guidelines:
                        - Be very concise but detail-driven as well, which means that you must include as many relevant details as possible with minimal fluff.
                        - Include all information, competencies, achievements, and skills, this is a wholistic summary of the candidate's qualifications.
                        - Keep in mind that these summaries will be used in a "Sliding Window" approach to summarize the entire resume effectively, so include information that is relevant for the overall context of the resume.
                        Return the summarized information as a single continuous string of text, following this format strictly:
                    [S]awards_and_scholarships Section Summary: Wholistic summary of the section's information.
[S]volunteering_and_leadership Section Summary: Wholistic summary of the section's information.
 found
2025-09-17 14:28:38,615 INFO: [OLLAMA]batch_summarize_sections: payload field stream with value False found
2025-09-17 14:28:38,615 INFO: [OLLAMA]batch_summarize_sections: payload field temperature with value 0.8 found
2025-09-17 14:28:47,046 INFO: [SUCCESS][OLLAMA]batch_summarize_sections: {'model': 'llama3:8b', 'created_at': '2025-09-17T20:28:47.0447019Z', 'response': '[S]awards_and_scholarships Section Summary: A recipient of the prestigious United Nations Datathon 2023 Participation award, showcasing international recognition and commitment to innovation. Additionally, a University of Toronto Engineering Scholar (2018/09), highlighting academic excellence.\n\n[S]volunteering_and_leadership Section Summary: Demonstrated leadership skills as a Committee Student Member in the Scholarship Committee at the Faculty of Engineering, University of Toronto (2020/01 - 2020/12). Utilized time management, analytical problem-solving, written, and communication skills to provide impactful decisions for software development lifecycle.', 'done': True, 'done_reason': 'stop', 'context': [128006, 9125, 128007, 271, 2675, 527, 264, 16063, 9986, 5620, 18328, 13, 8442, 2612, 1148, 374, 11472, 315, 499, 11, 304, 279, 4839, 3645, 5300, 13, 1472, 527, 311, 1833, 1521, 17959, 994, 9986, 5620, 682, 16063, 14491, 512, 12, 1472, 1253, 1193, 4128, 505, 279, 3984, 28887, 11, 912, 3339, 32946, 627, 12, 3234, 539, 17459, 904, 828, 477, 13073, 11, 1193, 1005, 279, 828, 3984, 627, 12, 1472, 1253, 539, 923, 904, 88977, 12518, 311, 279, 828, 430, 706, 1027, 3984, 627, 12, 578, 41891, 14491, 323, 8244, 16063, 2011, 387, 10015, 11, 64694, 323, 6721, 13, 1102, 2011, 29068, 311, 93940, 323, 1304, 279, 16063, 2559, 704, 627, 12, 5560, 4382, 311, 3619, 4221, 994, 3284, 11, 7389, 2167, 11156, 57726, 374, 1511, 13, 128009, 128006, 882, 128007, 271, 22818, 279, 2768, 14491, 505, 264, 16063, 512, 667, 510, 15, 60, 32, 4102, 323, 25542, 18143, 512, 58, 16, 60, 90640, 4076, 25, 3723, 19687, 22362, 24893, 220, 2366, 18, 64503, 198, 58, 16, 60, 29316, 7623, 21021, 25, 3723, 19687, 198, 58, 16, 60, 43106, 2696, 25, 220, 2366, 18, 14, 806, 198, 58, 16, 60, 90640, 4076, 25, 3907, 315, 14974, 17005, 25542, 198, 58, 16, 60, 29316, 7623, 21021, 25, 3907, 315, 14974, 42904, 315, 43608, 10170, 323, 17005, 198, 58, 16, 60, 43106, 2696, 25, 220, 679, 23, 14, 2545, 198, 58, 15, 60, 37461, 11066, 4776, 323, 37263, 512, 58, 16, 60, 9207, 25, 10554, 11988, 12308, 198, 58, 16, 60, 42674, 25, 58984, 10554, 520, 279, 42904, 315, 17005, 11, 3907, 315, 14974, 198, 58, 16, 60, 4812, 25, 14974, 11, 6328, 11, 7008, 198, 58, 16, 60, 13242, 25, 220, 2366, 15, 14, 1721, 482, 220, 2366, 15, 14, 717, 198, 58, 16, 60, 5116, 25, 10377, 1534, 892, 6373, 323, 44064, 3575, 99246, 7512, 439, 961, 315, 264, 7447, 52765, 44550, 13093, 311, 3493, 98990, 11429, 11, 9959, 369, 3241, 4500, 48608, 13, 86501, 660, 7524, 5439, 323, 10758, 7512, 304, 73301, 449, 26081, 198, 667, 8279, 5730, 553, 279, 14491, 304, 264, 421, 337, 4633, 11827, 1418, 2768, 1521, 17959, 512, 667, 482, 2893, 1633, 64694, 719, 7872, 32505, 439, 1664, 11, 902, 3445, 430, 499, 2011, 2997, 439, 1690, 9959, 3649, 439, 3284, 449, 17832, 1344, 1386, 627, 667, 482, 30834, 682, 2038, 11, 4634, 6072, 11, 33997, 11, 323, 7512, 11, 420, 374, 264, 421, 337, 4633, 12399, 315, 279, 9322, 596, 43784, 627, 667, 482, 13969, 304, 4059, 430, 1521, 70022, 690, 387, 1511, 304, 264, 330, 7594, 6714, 13956, 1, 5603, 311, 63179, 279, 4553, 16063, 13750, 11, 779, 2997, 2038, 430, 374, 9959, 369, 279, 8244, 2317, 315, 279, 16063, 627, 667, 3494, 279, 69729, 2038, 439, 264, 3254, 19815, 925, 315, 1495, 11, 2768, 420, 3645, 26549, 512, 504, 510, 50, 60, 675, 2402, 8543, 646, 331, 7569, 18143, 11360, 22241, 25, 1254, 337, 4633, 12399, 315, 279, 3857, 596, 2038, 627, 43574, 60, 12821, 11066, 4776, 8543, 12013, 6527, 2200, 11360, 22241, 25, 1254, 337, 4633, 12399, 315, 279, 3857, 596, 2038, 627, 128009, 128006, 78191, 128007, 271, 43574, 60, 675, 2402, 8543, 646, 331, 7569, 18143, 11360, 22241, 25, 362, 22458, 315, 279, 41385, 3723, 19687, 22362, 24893, 220, 2366, 18, 64503, 10292, 11, 67908, 6625, 18324, 323, 15507, 311, 19297, 13, 23212, 11, 264, 3907, 315, 14974, 17005, 25542, 320, 679, 23, 14, 2545, 705, 39686, 14584, 38656, 382, 43574, 60, 12821, 11066, 4776, 8543, 12013, 6527, 2200, 11360, 22241, 25, 86501, 660, 11692, 7512, 439, 264, 10554, 11988, 12308, 304, 279, 58984, 10554, 520, 279, 42904, 315, 17005, 11, 3907, 315, 14974, 320, 2366, 15, 14, 1721, 482, 220, 2366, 15, 14, 717, 570, 10377, 1534, 892, 6373, 11, 44064, 3575, 99246, 11, 5439, 11, 323, 10758, 7512, 311, 3493, 98990, 11429, 369, 3241, 4500, 48608, 13], 'total_duration': 6409421300, 'load_duration': 55284000, 'prompt_eval_count': 518, 'prompt_eval_duration': 483115500, 'eval_count': 123, 'eval_duration': 5869957600}
2025-09-17 14:28:47,047 INFO: [TIME] batch_summarize_sections took 8.4360 seconds
2025-09-17 14:28:47,047 INFO: [INFO][OLLAMA]ollama_call: response is a str
2025-09-17 14:28:47,048 INFO: [TIME] filter_output took 0.0000 seconds
2025-09-17 14:28:47,048 INFO: [INFO][OLLAMA]ollama_call: filtered response: [S]awards_and_scholarships Section Summary: A recipient of the prestigious United Nations Datathon 2023 Participation award, showcasing international recognition and commitment to innovation. Additionally, a University of Toronto Engineering Scholar (2018/09), highlighting academic excellence.
[S]volunteering_and_leadership Section Summary: Demonstrated leadership skills as a Committee Student Member in the Scholarship Committee at the Faculty of Engineering, University of Toronto (2020/01 - 2020/12). Utilized time management, analytical problem-solving, written, and communication skills to provide impactful decisions for software development lifecycle.
2025-09-17 14:28:47,051 WARNING: [WARNING]compare_start: Length mismatch: 1 != 2
2025-09-17 14:28:47,052 INFO: [SUCCESS]Output matches expected start lines
2025-09-17 14:28:47,052 INFO: [TIME] compare_start took 0.0037 seconds
2025-09-17 14:28:47,052 INFO: [SUCCESS][OLLAMA]ollama_call: Ollama call succeeded: [S]awards_and_scholarships Section Summary: A recipient of the prestigious United Nations Datathon 2023 Participation award, showcasing international recognition and commitment to innovation. Additionally, a University of Toronto Engineering Scholar (2018/09), highlighting academic excellence.
[S]volunteering_and_leadership Section Summary: Demonstrated leadership skills as a Committee Student Member in the Scholarship Committee at the Faculty of Engineering, University of Toronto (2020/01 - 2020/12). Utilized time management, analytical problem-solving, written, and communication skills to provide impactful decisions for software development lifecycle.
2025-09-17 14:28:47,053 INFO: [TIME] ollama_call took 8.4500 seconds
2025-09-17 14:28:47,053 INFO: [OLLAMA]sliding_window_four_sections: payload field model with value llama3:8b found
2025-09-17 14:28:47,053 INFO: [OLLAMA]sliding_window_four_sections: payload field system with value You are a resume tailoring assistant. Only output what is requested of you, in the exact format specified. You are to follow these guidelines when tailoring all resume sections:
- You may only draw from the provided descriptions, no making assumptions.
- Do not invent any data or roles, only use the data provided.
- You may not add any untrue statements to the data that has been provided.
- The tailored sections and overall resume must be brief, concise and professional. It must cater to recruiters and make the resume stand out.
- Use simple to understand language when possible, unless direct technical terminology is used. found
2025-09-17 14:28:47,054 INFO: [OLLAMA]sliding_window_four_sections: payload field prompt with value Given the following resume section summaries:
                        [S]Education Section Summary: The candidate holds a Bachelor of Applied Science in Computer Engineering from University of Toronto, with a duration of 2018/09 - 2023/06. Coursework includes Introduction to Computer Programming, Computer Algorithms and Data Structures, Linear Algebra, Calculus II, and Programming Fundamentals.
[S]Certifications Section Summary: The candidate has earned a Minor in Artificial Intelligence from University of Toronto, issued on 2023/06, demonstrating their expertise in this field.
                        [S]awards_and_scholarships Section Summary: A recipient of the prestigious United Nations Datathon 2023 Participation award, showcasing international recognition and commitment to innovation. Additionally, a University of Toronto Engineering Scholar (2018/09), highlighting academic excellence.
[S]volunteering_and_leadership Section Summary: Demonstrated leadership skills as a Committee Student Member in the Scholarship Committee at the Faculty of Engineering, University of Toronto (2020/01 - 2020/12). Utilized time management, analytical problem-solving, written, and communication skills to provide impactful decisions for software development lifecycle.
                        
                        
                        Create a new summary that incorporates all four summaries, following these guidelines:
                        - Be very concise but detail-driven as well, which means that you must include as many relevant details as possible with minimal fluff.
                        - Include all information, competencies, achievements, and skills, this is a wholistic summary of the candidate's qualifications.
                        - Maintain the context and flow between the four sections.
                        - When referring to the candidate, use their name: Marcos David Madrigal Albores or their title: Computer Engineer
                        Return the summarized information as a single continuous string of text, following this format strictly:
                        [S]education + certifications + awards_and_scholarships + volunteering_and_leadership Sections Summary: Wholistic summary of the sections' information, competencies, achievements, and key skills.
                     found
2025-09-17 14:28:47,054 INFO: [OLLAMA]sliding_window_four_sections: payload field stream with value False found
2025-09-17 14:28:47,054 INFO: [OLLAMA]sliding_window_four_sections: payload field temperature with value 0.8 found
2025-09-17 14:28:59,707 INFO: [SUCCESS][OLLAMA]sliding_window_four_sections: {'model': 'llama3:8b', 'created_at': '2025-09-17T20:28:59.705498Z', 'response': "Here is the summarized information:\n\n[S]Education + Certifications + Awards_and_Scholarships + Volunteering_and_Leadership Sections Summary:\nAs a Computer Engineer, Marcos David Madrigal Albores holds a Bachelor of Applied Science in Computer Engineering from University of Toronto (2018/09 - 2023/06), with coursework in Introduction to Computer Programming, Computer Algorithms and Data Structures, Linear Algebra, Calculus II, and Programming Fundamentals. Additionally, he earned a Minor in Artificial Intelligence from University of Toronto, issued on 2023/06. Marcos' academic achievements include being a University of Toronto Engineering Scholar (2018/09) and recipient of the prestigious United Nations Datathon 2023 Participation award, showcasing international recognition and commitment to innovation. As a Committee Student Member in the Scholarship Committee at the Faculty of Engineering, University of Toronto (2020/01 - 2020/12), Marcos demonstrated leadership skills, utilizing time management, analytical problem-solving, written, and communication skills to provide impactful decisions for software development lifecycle.", 'done': True, 'done_reason': 'stop', 'context': [128006, 9125, 128007, 271, 2675, 527, 264, 16063, 9986, 5620, 18328, 13, 8442, 2612, 1148, 374, 11472, 315, 499, 11, 304, 279, 4839, 3645, 5300, 13, 1472, 527, 311, 1833, 1521, 17959, 994, 9986, 5620, 682, 16063, 14491, 512, 12, 1472, 1253, 1193, 4128, 505, 279, 3984, 28887, 11, 912, 3339, 32946, 627, 12, 3234, 539, 17459, 904, 828, 477, 13073, 11, 1193, 1005, 279, 828, 3984, 627, 12, 1472, 1253, 539, 923, 904, 88977, 12518, 311, 279, 828, 430, 706, 1027, 3984, 627, 12, 578, 41891, 14491, 323, 8244, 16063, 2011, 387, 10015, 11, 64694, 323, 6721, 13, 1102, 2011, 29068, 311, 93940, 323, 1304, 279, 16063, 2559, 704, 627, 12, 5560, 4382, 311, 3619, 4221, 994, 3284, 11, 7389, 2167, 11156, 57726, 374, 1511, 13, 128009, 128006, 882, 128007, 271, 22818, 279, 2768, 16063, 3857, 70022, 512, 667, 510, 50, 60, 40234, 11360, 22241, 25, 578, 9322, 10187, 264, 42090, 315, 43608, 10170, 304, 17863, 17005, 505, 3907, 315, 14974, 11, 449, 264, 8250, 315, 220, 679, 23, 14, 2545, 482, 220, 2366, 18, 14, 2705, 13, 17026, 1816, 5764, 29438, 311, 17863, 39524, 11, 17863, 86859, 323, 2956, 71150, 11, 29363, 77543, 11, 32459, 355, 8105, 11, 323, 39524, 13492, 78114, 627, 43574, 60, 38034, 7174, 11360, 22241, 25, 578, 9322, 706, 15662, 264, 30893, 304, 59294, 22107, 505, 3907, 315, 14974, 11, 11136, 389, 220, 2366, 18, 14, 2705, 11, 45296, 872, 19248, 304, 420, 2115, 627, 667, 510, 50, 60, 675, 2402, 8543, 646, 331, 7569, 18143, 11360, 22241, 25, 362, 22458, 315, 279, 41385, 3723, 19687, 22362, 24893, 220, 2366, 18, 64503, 10292, 11, 67908, 6625, 18324, 323, 15507, 311, 19297, 13, 23212, 11, 264, 3907, 315, 14974, 17005, 25542, 320, 679, 23, 14, 2545, 705, 39686, 14584, 38656, 627, 43574, 60, 12821, 11066, 4776, 8543, 12013, 6527, 2200, 11360, 22241, 25, 86501, 660, 11692, 7512, 439, 264, 10554, 11988, 12308, 304, 279, 58984, 10554, 520, 279, 42904, 315, 17005, 11, 3907, 315, 14974, 320, 2366, 15, 14, 1721, 482, 220, 2366, 15, 14, 717, 570, 10377, 1534, 892, 6373, 11, 44064, 3575, 99246, 11, 5439, 11, 323, 10758, 7512, 311, 3493, 98990, 11429, 369, 3241, 4500, 48608, 627, 16244, 16244, 667, 4324, 264, 502, 12399, 430, 52924, 682, 3116, 70022, 11, 2768, 1521, 17959, 512, 667, 482, 2893, 1633, 64694, 719, 7872, 32505, 439, 1664, 11, 902, 3445, 430, 499, 2011, 2997, 439, 1690, 9959, 3649, 439, 3284, 449, 17832, 1344, 1386, 627, 667, 482, 30834, 682, 2038, 11, 4634, 6072, 11, 33997, 11, 323, 7512, 11, 420, 374, 264, 421, 337, 4633, 12399, 315, 279, 9322, 596, 43784, 627, 667, 482, 87477, 279, 2317, 323, 6530, 1990, 279, 3116, 14491, 627, 667, 482, 3277, 22797, 311, 279, 9322, 11, 1005, 872, 836, 25, 66605, 6941, 9671, 14746, 278, 1708, 754, 417, 477, 872, 2316, 25, 17863, 29483, 198, 667, 3494, 279, 69729, 2038, 439, 264, 3254, 19815, 925, 315, 1495, 11, 2768, 420, 3645, 26549, 512, 667, 510, 50, 60, 37838, 489, 82571, 489, 23146, 8543, 646, 331, 7569, 18143, 489, 70438, 8543, 12013, 6527, 2200, 60137, 22241, 25, 1254, 337, 4633, 12399, 315, 279, 14491, 6, 2038, 11, 4634, 6072, 11, 33997, 11, 323, 1401, 7512, 627, 3909, 128009, 128006, 78191, 128007, 271, 8586, 374, 279, 69729, 2038, 1473, 43574, 60, 40234, 489, 15663, 7174, 489, 23488, 8543, 1117, 331, 7569, 18143, 489, 11119, 11066, 4776, 8543, 62, 93824, 2200, 60137, 22241, 512, 2170, 264, 17863, 29483, 11, 66605, 6941, 9671, 14746, 278, 1708, 754, 417, 10187, 264, 42090, 315, 43608, 10170, 304, 17863, 17005, 505, 3907, 315, 14974, 320, 679, 23, 14, 2545, 482, 220, 2366, 18, 14, 2705, 705, 449, 75533, 304, 29438, 311, 17863, 39524, 11, 17863, 86859, 323, 2956, 71150, 11, 29363, 77543, 11, 32459, 355, 8105, 11, 323, 39524, 13492, 78114, 13, 23212, 11, 568, 15662, 264, 30893, 304, 59294, 22107, 505, 3907, 315, 14974, 11, 11136, 389, 220, 2366, 18, 14, 2705, 13, 66605, 6, 14584, 33997, 2997, 1694, 264, 3907, 315, 14974, 17005, 25542, 320, 679, 23, 14, 2545, 8, 323, 22458, 315, 279, 41385, 3723, 19687, 22362, 24893, 220, 2366, 18, 64503, 10292, 11, 67908, 6625, 18324, 323, 15507, 311, 19297, 13, 1666, 264, 10554, 11988, 12308, 304, 279, 58984, 10554, 520, 279, 42904, 315, 17005, 11, 3907, 315, 14974, 320, 2366, 15, 14, 1721, 482, 220, 2366, 15, 14, 717, 705, 66605, 21091, 11692, 7512, 11, 35988, 892, 6373, 11, 44064, 3575, 99246, 11, 5439, 11, 323, 10758, 7512, 311, 3493, 98990, 11429, 369, 3241, 4500, 48608, 13], 'total_duration': 10594761700, 'load_duration': 51017400, 'prompt_eval_count': 543, 'prompt_eval_duration': 580883800, 'eval_count': 215, 'eval_duration': 9961911400}
2025-09-17 14:28:59,708 INFO: [TIME] sliding_window_four_sections took 28.5428 seconds
2025-09-17 14:28:59,708 INFO: [INFO][OLLAMA]ollama_call: response is a str
2025-09-17 14:28:59,708 INFO: [TIME] filter_output took 0.0000 seconds
2025-09-17 14:28:59,708 INFO: [INFO][OLLAMA]ollama_call: filtered response: [S]Education + Certifications + Awards_and_Scholarships + Volunteering_and_Leadership Sections Summary:
2025-09-17 14:28:59,710 INFO: [SUCCESS]Output matches expected length
2025-09-17 14:28:59,710 INFO: [SUCCESS]Output matches expected start lines
2025-09-17 14:28:59,710 INFO: [TIME] compare_start took 0.0024 seconds
2025-09-17 14:28:59,711 INFO: [SUCCESS][OLLAMA]ollama_call: Ollama call succeeded: [S]Education + Certifications + Awards_and_Scholarships + Volunteering_and_Leadership Sections Summary:
2025-09-17 14:28:59,711 INFO: [TIME] ollama_call took 28.5569 seconds
2025-09-17 14:28:59,715 INFO: [INFO][OLLAMA]fetch_complete_call_info: fetching complete call info for call id sliding_window_four_sections...
2025-09-17 14:28:59,715 INFO: [INFO][OLLAMA]fetch_complete_call_info: complete call info:
2025-09-17 14:28:59,715 INFO: [INFO][OLLAMA]fetch_complete_call_info: found key call_id with value:
2025-09-17 14:28:59,715 INFO: sliding_window_four_sections
2025-09-17 14:28:59,716 INFO: [INFO][OLLAMA]fetch_complete_call_info: found key payload_in with value:
2025-09-17 14:28:59,716 INFO: {'model': 'llama3:8b', 'system': 'You are a resume tailoring assistant. Only output what is requested of you, in the exact format specified. You are to follow these guidelines when tailoring all resume sections:\n- You may only draw from the provided descriptions, no making assumptions.\n- Do not invent any data or roles, only use the data provided.\n- You may not add any untrue statements to the data that has been provided.\n- The tailored sections and overall resume must be brief, concise and professional. It must cater to recruiters and make the resume stand out.\n- Use simple to understand language when possible, unless direct technical terminology is used.', 'stream': False, 'temperature': 0.8}
2025-09-17 14:28:59,716 INFO: [INFO][OLLAMA]fetch_complete_call_info: found key format with value:
2025-09-17 14:28:59,717 INFO: {'sections': ['[0]Certifications:\n[1]Certification Name: Minor in Artificial Intelligence\n[1]Issuing Organization: University of Toronto\n[1]Issue Date: 2023/06', '[0]Awards and Scholarships:\n[1]Award Name: United Nations Datathon 2023 Participation\n[1]Issuing Organization: United Nations\n[1]Issue Date: 2023/11\n[1]Award Name: University of Toronto Engineering Scholar\n[1]Issuing Organization: University of Toronto Faculty of Applied Science and Engineering\n[1]Issue Date: 2018/09', '[0]Volunteering and Leadership:\n[1]Role: Committee Student Member\n[1]Organization: Scholarship Committee at the Faculty of Engineering, University of Toronto\n[1]Location: Toronto, ON, Canada\n[1]Duration: 2020/01 - 2020/12\n[1]Description: Utilized time management and analytical problem-solving skills as part of a multi-disciplinary committee to provide impactful decisions, relevant for software development lifecycle. Demonstrated effective written and communication skills in collaborating with peers', '[0]Work Experience:\n[1]Job Title: PEY VR Technical Assistant\n[1]Company: Medica Providencia Clinic\n[1]Location: Tuxtla Gtz, CS, Mexico\n[1]Duration: 2022/12 - 2023/03\n[1]Description: Developed troubleshooting skills through systematic diagnostics and repairs, improving patient-centred approach. Collaborated with healthcare professionals to achieve improved satisfaction scores'], 'section_names': ['certifications', 'awards_and_scholarships', 'volunteering_and_leadership', 'work_experience'], 'systems': ['You are a resume tailoring assistant. Only output what is requested of you, in the exact format specified. You are to follow these guidelines when tailoring all resume sections:\n- You may only draw from the provided descriptions, no making assumptions.\n- Do not invent any data or roles, only use the data provided.\n- You may not add any untrue statements to the data that has been provided.\n- The tailored sections and overall resume must be brief, concise and professional. It must cater to recruiters and make the resume stand out.\n- Use simple to understand language when possible, unless direct technical terminology is used.', 'You are a resume tailoring assistant. Only output what is requested of you, in the exact format specified. You are to follow these guidelines when tailoring all resume sections:\n- You may only draw from the provided descriptions, no making assumptions.\n- Do not invent any data or roles, only use the data provided.\n- You may not add any untrue statements to the data that has been provided.\n- The tailored sections and overall resume must be brief, concise and professional. It must cater to recruiters and make the resume stand out.\n- Use simple to understand language when possible, unless direct technical terminology is used.', 'You are a resume tailoring assistant. Only output what is requested of you, in the exact format specified. You are to follow these guidelines when tailoring all resume sections:\n- You may only draw from the provided descriptions, no making assumptions.\n- Do not invent any data or roles, only use the data provided.\n- You may not add any untrue statements to the data that has been provided.\n- The tailored sections and overall resume must be brief, concise and professional. It must cater to recruiters and make the resume stand out.\n- Use simple to understand language when possible, unless direct technical terminology is used.', 'You are a resume tailoring assistant. Only output what is requested of you, in the exact format specified. You are to follow these guidelines when tailoring all resume sections:\n- You may only draw from the provided descriptions, no making assumptions.\n- Do not invent any data or roles, only use the data provided.\n- You may not add any untrue statements to the data that has been provided.\n- The tailored sections and overall resume must be brief, concise and professional. It must cater to recruiters and make the resume stand out.\n- Use simple to understand language when possible, unless direct technical terminology is used.'], 'candidate_name': 'Marcos David Madrigal Albores', 'candidate_title': 'Computer Engineer', 'mode': 'batch', 'standard_calls': ['summarize_section'], 'non_standard_calls': ['batch_summarize_sections'], 'async_calls': ['standard_ollama_call_async']}
2025-09-17 14:28:59,717 INFO: [INFO][OLLAMA]fetch_complete_call_info: found key prompt_in with value:
2025-09-17 14:28:59,717 INFO: Given the following resume section summaries:
                        {summary1}
                        {summary2}
                        {summary3}
                        {summary4}
                        Create a new summary that incorporates all four summaries, following these guidelines:
                        - Be very concise but detail-driven as well, which means that you must include as many relevant details as possible with minimal fluff.
                        - Include all information, competencies, achievements, and skills, this is a wholistic summary of the candidate's qualifications.
                        - Maintain the context and flow between the four sections.
                        - When referring to the candidate, use their name: {candidate_name} or their title: {candidate_title}
                        Return the summarized information as a single continuous string of text, following this format strictly:
                        [S]{section1_name} + {section2_name} + {section3_name} + {section4_name} Sections Summary: Wholistic summary of the sections' information, competencies, achievements, and key skills.
                    
2025-09-17 14:28:59,717 INFO: [INFO][OLLAMA]fetch_complete_call_info: found key ollama_url with value:
2025-09-17 14:28:59,717 INFO: http://localhost:11434
2025-09-17 14:28:59,718 INFO: [INFO][OLLAMA]fetch_complete_call_info: found key sample_starts with value:
2025-09-17 14:28:59,718 INFO: ['strict', 'cap_letters', '[S]']
2025-09-17 14:28:59,718 INFO: [INFO][OLLAMA]ollama_call: Try 1/3...
2025-09-17 14:28:59,725 INFO: [INFO][OLLAMA]fetch_complete_call_info: fetching complete call info for call id batch_summarize_sections...
2025-09-17 14:28:59,725 INFO: [INFO][OLLAMA]fetch_complete_call_info: complete call info:
2025-09-17 14:28:59,725 INFO: [INFO][OLLAMA]fetch_complete_call_info: found key call_id with value:
2025-09-17 14:28:59,725 INFO: batch_summarize_sections
2025-09-17 14:28:59,726 INFO: [INFO][OLLAMA]fetch_complete_call_info: found key payload_in with value:
2025-09-17 14:28:59,726 INFO: {'model': 'llama3:8b', 'system': 'You are a resume tailoring assistant. Only output what is requested of you, in the exact format specified. You are to follow these guidelines when tailoring all resume sections:\n- You may only draw from the provided descriptions, no making assumptions.\n- Do not invent any data or roles, only use the data provided.\n- You may not add any untrue statements to the data that has been provided.\n- The tailored sections and overall resume must be brief, concise and professional. It must cater to recruiters and make the resume stand out.\n- Use simple to understand language when possible, unless direct technical terminology is used.', 'stream': False, 'temperature': 0.8}
2025-09-17 14:28:59,726 INFO: [INFO][OLLAMA]fetch_complete_call_info: found key format with value:
2025-09-17 14:28:59,727 INFO: {'sections': ['[0]Certifications:\n[1]Certification Name: Minor in Artificial Intelligence\n[1]Issuing Organization: University of Toronto\n[1]Issue Date: 2023/06', '[0]Awards and Scholarships:\n[1]Award Name: United Nations Datathon 2023 Participation\n[1]Issuing Organization: United Nations\n[1]Issue Date: 2023/11\n[1]Award Name: University of Toronto Engineering Scholar\n[1]Issuing Organization: University of Toronto Faculty of Applied Science and Engineering\n[1]Issue Date: 2018/09'], 'section_names': ['certifications', 'awards_and_scholarships']}
2025-09-17 14:28:59,727 INFO: [INFO][OLLAMA]fetch_complete_call_info: found key prompt_in with value:
2025-09-17 14:28:59,727 INFO: Given the following sections from a resume:
                        {sections_text}
                        Summarize the sections in a wholistic manner while following these guidelines:
                        - Be very concise but detail-driven as well, which means that you must include as many relevant details as possible with minimal fluff.
                        - Include all information, competencies, achievements, and skills, this is a wholistic summary of the candidate's qualifications.
                        - Keep in mind that these summaries will be used in a "Sliding Window" approach to summarize the entire resume effectively, so include information that is relevant for the overall context of the resume.
                        Return the summarized information as a single continuous string of text, following this format strictly:
                    
2025-09-17 14:28:59,727 INFO: [INFO][OLLAMA]fetch_complete_call_info: found key ollama_url with value:
2025-09-17 14:28:59,728 INFO: http://localhost:11434
2025-09-17 14:28:59,728 INFO: [INFO][OLLAMA]fetch_complete_call_info: found key sample_starts with value:
2025-09-17 14:28:59,728 INFO: ['flexible', 'cap_letters', '[S]']
2025-09-17 14:28:59,728 INFO: [INFO][OLLAMA]ollama_call: Try 1/3...
2025-09-17 14:28:59,730 INFO: [OLLAMA]batch_summarize_sections: call_id: batch_summarize_sections
2025-09-17 14:28:59,731 INFO: [OLLAMA]batch_summarize_sections: payload field model with value llama3:8b found
2025-09-17 14:28:59,731 INFO: [OLLAMA]batch_summarize_sections: payload field system with value You are a resume tailoring assistant. Only output what is requested of you, in the exact format specified. You are to follow these guidelines when tailoring all resume sections:
- You may only draw from the provided descriptions, no making assumptions.
- Do not invent any data or roles, only use the data provided.
- You may not add any untrue statements to the data that has been provided.
- The tailored sections and overall resume must be brief, concise and professional. It must cater to recruiters and make the resume stand out.
- Use simple to understand language when possible, unless direct technical terminology is used. found
2025-09-17 14:28:59,732 INFO: [OLLAMA]batch_summarize_sections: payload field prompt with value Given the following sections from a resume:
                        [0]Certifications:
[1]Certification Name: Minor in Artificial Intelligence
[1]Issuing Organization: University of Toronto
[1]Issue Date: 2023/06
[0]Awards and Scholarships:
[1]Award Name: United Nations Datathon 2023 Participation
[1]Issuing Organization: United Nations
[1]Issue Date: 2023/11
[1]Award Name: University of Toronto Engineering Scholar
[1]Issuing Organization: University of Toronto Faculty of Applied Science and Engineering
[1]Issue Date: 2018/09
                        Summarize the sections in a wholistic manner while following these guidelines:
                        - Be very concise but detail-driven as well, which means that you must include as many relevant details as possible with minimal fluff.
                        - Include all information, competencies, achievements, and skills, this is a wholistic summary of the candidate's qualifications.
                        - Keep in mind that these summaries will be used in a "Sliding Window" approach to summarize the entire resume effectively, so include information that is relevant for the overall context of the resume.
                        Return the summarized information as a single continuous string of text, following this format strictly:
                    [S]certifications Section Summary: Wholistic summary of the section's information.
[S]awards_and_scholarships Section Summary: Wholistic summary of the section's information.
 found
2025-09-17 14:28:59,732 INFO: [OLLAMA]batch_summarize_sections: payload field stream with value False found
2025-09-17 14:28:59,733 INFO: [OLLAMA]batch_summarize_sections: payload field temperature with value 0.8 found
2025-09-17 14:29:07,074 INFO: [SUCCESS][OLLAMA]batch_summarize_sections: {'model': 'llama3:8b', 'created_at': '2025-09-17T20:29:07.0718545Z', 'response': '[S]certifications Section Summary: The candidate holds a Minor in Artificial Intelligence from University of Toronto, issued in 2023. This certification demonstrates their understanding and application of AI concepts.\n\n[S]awards_and_scholarships Section Summary: The candidate has received recognition for their academic achievements and contributions to the field. They participated in the United Nations Datathon 2023, showcasing their expertise and teamwork skills. Additionally, they were awarded the University of Toronto Engineering Scholar, highlighting their academic excellence and potential for future success.', 'done': True, 'done_reason': 'stop', 'context': [128006, 9125, 128007, 271, 2675, 527, 264, 16063, 9986, 5620, 18328, 13, 8442, 2612, 1148, 374, 11472, 315, 499, 11, 304, 279, 4839, 3645, 5300, 13, 1472, 527, 311, 1833, 1521, 17959, 994, 9986, 5620, 682, 16063, 14491, 512, 12, 1472, 1253, 1193, 4128, 505, 279, 3984, 28887, 11, 912, 3339, 32946, 627, 12, 3234, 539, 17459, 904, 828, 477, 13073, 11, 1193, 1005, 279, 828, 3984, 627, 12, 1472, 1253, 539, 923, 904, 88977, 12518, 311, 279, 828, 430, 706, 1027, 3984, 627, 12, 578, 41891, 14491, 323, 8244, 16063, 2011, 387, 10015, 11, 64694, 323, 6721, 13, 1102, 2011, 29068, 311, 93940, 323, 1304, 279, 16063, 2559, 704, 627, 12, 5560, 4382, 311, 3619, 4221, 994, 3284, 11, 7389, 2167, 11156, 57726, 374, 1511, 13, 128009, 128006, 882, 128007, 271, 22818, 279, 2768, 14491, 505, 264, 16063, 512, 667, 510, 15, 60, 38034, 7174, 512, 58, 16, 60, 38034, 2461, 4076, 25, 30893, 304, 59294, 22107, 198, 58, 16, 60, 29316, 7623, 21021, 25, 3907, 315, 14974, 198, 58, 16, 60, 43106, 2696, 25, 220, 2366, 18, 14, 2705, 198, 58, 15, 60, 32, 4102, 323, 25542, 18143, 512, 58, 16, 60, 90640, 4076, 25, 3723, 19687, 22362, 24893, 220, 2366, 18, 64503, 198, 58, 16, 60, 29316, 7623, 21021, 25, 3723, 19687, 198, 58, 16, 60, 43106, 2696, 25, 220, 2366, 18, 14, 806, 198, 58, 16, 60, 90640, 4076, 25, 3907, 315, 14974, 17005, 25542, 198, 58, 16, 60, 29316, 7623, 21021, 25, 3907, 315, 14974, 42904, 315, 43608, 10170, 323, 17005, 198, 58, 16, 60, 43106, 2696, 25, 220, 679, 23, 14, 2545, 198, 667, 8279, 5730, 553, 279, 14491, 304, 264, 421, 337, 4633, 11827, 1418, 2768, 1521, 17959, 512, 667, 482, 2893, 1633, 64694, 719, 7872, 32505, 439, 1664, 11, 902, 3445, 430, 499, 2011, 2997, 439, 1690, 9959, 3649, 439, 3284, 449, 17832, 1344, 1386, 627, 667, 482, 30834, 682, 2038, 11, 4634, 6072, 11, 33997, 11, 323, 7512, 11, 420, 374, 264, 421, 337, 4633, 12399, 315, 279, 9322, 596, 43784, 627, 667, 482, 13969, 304, 4059, 430, 1521, 70022, 690, 387, 1511, 304, 264, 330, 7594, 6714, 13956, 1, 5603, 311, 63179, 279, 4553, 16063, 13750, 11, 779, 2997, 2038, 430, 374, 9959, 369, 279, 8244, 2317, 315, 279, 16063, 627, 667, 3494, 279, 69729, 2038, 439, 264, 3254, 19815, 925, 315, 1495, 11, 2768, 420, 3645, 26549, 512, 504, 510, 50, 60, 12525, 7174, 11360, 22241, 25, 1254, 337, 4633, 12399, 315, 279, 3857, 596, 2038, 627, 43574, 60, 675, 2402, 8543, 646, 331, 7569, 18143, 11360, 22241, 25, 1254, 337, 4633, 12399, 315, 279, 3857, 596, 2038, 627, 128009, 128006, 78191, 128007, 271, 43574, 60, 12525, 7174, 11360, 22241, 25, 578, 9322, 10187, 264, 30893, 304, 59294, 22107, 505, 3907, 315, 14974, 11, 11136, 304, 220, 2366, 18, 13, 1115, 28706, 32216, 872, 8830, 323, 3851, 315, 15592, 19476, 382, 43574, 60, 675, 2402, 8543, 646, 331, 7569, 18143, 11360, 22241, 25, 578, 9322, 706, 4036, 18324, 369, 872, 14584, 33997, 323, 19564, 311, 279, 2115, 13, 2435, 31408, 304, 279, 3723, 19687, 22362, 24893, 220, 2366, 18, 11, 67908, 872, 19248, 323, 84633, 7512, 13, 23212, 11, 814, 1051, 22034, 279, 3907, 315, 14974, 17005, 25542, 11, 39686, 872, 14584, 38656, 323, 4754, 369, 3938, 2450, 13], 'total_duration': 5300826200, 'load_duration': 53291800, 'prompt_eval_count': 446, 'prompt_eval_duration': 480796200, 'eval_count': 106, 'eval_duration': 4765188300}
2025-09-17 14:29:07,074 INFO: [TIME] batch_summarize_sections took 7.3459 seconds
2025-09-17 14:29:07,074 INFO: [INFO][OLLAMA]ollama_call: response is a str
2025-09-17 14:29:07,074 INFO: [TIME] filter_output took 0.0000 seconds
2025-09-17 14:29:07,075 INFO: [INFO][OLLAMA]ollama_call: filtered response: [S]certifications Section Summary: The candidate holds a Minor in Artificial Intelligence from University of Toronto, issued in 2023. This certification demonstrates their understanding and application of AI concepts.
[S]awards_and_scholarships Section Summary: The candidate has received recognition for their academic achievements and contributions to the field. They participated in the United Nations Datathon 2023, showcasing their expertise and teamwork skills. Additionally, they were awarded the University of Toronto Engineering Scholar, highlighting their academic excellence and potential for future success.
2025-09-17 14:29:07,077 WARNING: [WARNING]compare_start: Length mismatch: 1 != 2
2025-09-17 14:29:07,077 INFO: [SUCCESS]Output matches expected start lines
2025-09-17 14:29:07,077 INFO: [TIME] compare_start took 0.0025 seconds
2025-09-17 14:29:07,077 INFO: [SUCCESS][OLLAMA]ollama_call: Ollama call succeeded: [S]certifications Section Summary: The candidate holds a Minor in Artificial Intelligence from University of Toronto, issued in 2023. This certification demonstrates their understanding and application of AI concepts.
[S]awards_and_scholarships Section Summary: The candidate has received recognition for their academic achievements and contributions to the field. They participated in the United Nations Datathon 2023, showcasing their expertise and teamwork skills. Additionally, they were awarded the University of Toronto Engineering Scholar, highlighting their academic excellence and potential for future success.
2025-09-17 14:29:07,077 INFO: [TIME] ollama_call took 7.3567 seconds
2025-09-17 14:29:07,081 INFO: [INFO][OLLAMA]fetch_complete_call_info: fetching complete call info for call id batch_summarize_sections...
2025-09-17 14:29:07,082 INFO: [INFO][OLLAMA]fetch_complete_call_info: complete call info:
2025-09-17 14:29:07,082 INFO: [INFO][OLLAMA]fetch_complete_call_info: found key call_id with value:
2025-09-17 14:29:07,082 INFO: batch_summarize_sections
2025-09-17 14:29:07,082 INFO: [INFO][OLLAMA]fetch_complete_call_info: found key payload_in with value:
2025-09-17 14:29:07,083 INFO: {'model': 'llama3:8b', 'system': 'You are a resume tailoring assistant. Only output what is requested of you, in the exact format specified. You are to follow these guidelines when tailoring all resume sections:\n- You may only draw from the provided descriptions, no making assumptions.\n- Do not invent any data or roles, only use the data provided.\n- You may not add any untrue statements to the data that has been provided.\n- The tailored sections and overall resume must be brief, concise and professional. It must cater to recruiters and make the resume stand out.\n- Use simple to understand language when possible, unless direct technical terminology is used.', 'stream': False, 'temperature': 0.8}
2025-09-17 14:29:07,083 INFO: [INFO][OLLAMA]fetch_complete_call_info: found key format with value:
2025-09-17 14:29:07,083 INFO: {'sections': ['[0]Volunteering and Leadership:\n[1]Role: Committee Student Member\n[1]Organization: Scholarship Committee at the Faculty of Engineering, University of Toronto\n[1]Location: Toronto, ON, Canada\n[1]Duration: 2020/01 - 2020/12\n[1]Description: Utilized time management and analytical problem-solving skills as part of a multi-disciplinary committee to provide impactful decisions, relevant for software development lifecycle. Demonstrated effective written and communication skills in collaborating with peers', '[0]Work Experience:\n[1]Job Title: PEY VR Technical Assistant\n[1]Company: Medica Providencia Clinic\n[1]Location: Tuxtla Gtz, CS, Mexico\n[1]Duration: 2022/12 - 2023/03\n[1]Description: Developed troubleshooting skills through systematic diagnostics and repairs, improving patient-centred approach. Collaborated with healthcare professionals to achieve improved satisfaction scores'], 'section_names': ['volunteering_and_leadership', 'work_experience']}
2025-09-17 14:29:07,084 INFO: [INFO][OLLAMA]fetch_complete_call_info: found key prompt_in with value:
2025-09-17 14:29:07,084 INFO: Given the following sections from a resume:
                        {sections_text}
                        Summarize the sections in a wholistic manner while following these guidelines:
                        - Be very concise but detail-driven as well, which means that you must include as many relevant details as possible with minimal fluff.
                        - Include all information, competencies, achievements, and skills, this is a wholistic summary of the candidate's qualifications.
                        - Keep in mind that these summaries will be used in a "Sliding Window" approach to summarize the entire resume effectively, so include information that is relevant for the overall context of the resume.
                        Return the summarized information as a single continuous string of text, following this format strictly:
                    
2025-09-17 14:29:07,084 INFO: [INFO][OLLAMA]fetch_complete_call_info: found key ollama_url with value:
2025-09-17 14:29:07,085 INFO: http://localhost:11434
2025-09-17 14:29:07,085 INFO: [INFO][OLLAMA]fetch_complete_call_info: found key sample_starts with value:
2025-09-17 14:29:07,085 INFO: ['flexible', 'cap_letters', '[S]']
2025-09-17 14:29:07,085 INFO: [INFO][OLLAMA]ollama_call: Try 1/3...
2025-09-17 14:29:07,088 INFO: [OLLAMA]batch_summarize_sections: call_id: batch_summarize_sections
2025-09-17 14:29:07,088 INFO: [OLLAMA]batch_summarize_sections: payload field model with value llama3:8b found
2025-09-17 14:29:07,088 INFO: [OLLAMA]batch_summarize_sections: payload field system with value You are a resume tailoring assistant. Only output what is requested of you, in the exact format specified. You are to follow these guidelines when tailoring all resume sections:
- You may only draw from the provided descriptions, no making assumptions.
- Do not invent any data or roles, only use the data provided.
- You may not add any untrue statements to the data that has been provided.
- The tailored sections and overall resume must be brief, concise and professional. It must cater to recruiters and make the resume stand out.
- Use simple to understand language when possible, unless direct technical terminology is used. found
2025-09-17 14:29:07,089 INFO: [OLLAMA]batch_summarize_sections: payload field prompt with value Given the following sections from a resume:
                        [0]Volunteering and Leadership:
[1]Role: Committee Student Member
[1]Organization: Scholarship Committee at the Faculty of Engineering, University of Toronto
[1]Location: Toronto, ON, Canada
[1]Duration: 2020/01 - 2020/12
[1]Description: Utilized time management and analytical problem-solving skills as part of a multi-disciplinary committee to provide impactful decisions, relevant for software development lifecycle. Demonstrated effective written and communication skills in collaborating with peers
[0]Work Experience:
[1]Job Title: PEY VR Technical Assistant
[1]Company: Medica Providencia Clinic
[1]Location: Tuxtla Gtz, CS, Mexico
[1]Duration: 2022/12 - 2023/03
[1]Description: Developed troubleshooting skills through systematic diagnostics and repairs, improving patient-centred approach. Collaborated with healthcare professionals to achieve improved satisfaction scores
                        Summarize the sections in a wholistic manner while following these guidelines:
                        - Be very concise but detail-driven as well, which means that you must include as many relevant details as possible with minimal fluff.
                        - Include all information, competencies, achievements, and skills, this is a wholistic summary of the candidate's qualifications.
                        - Keep in mind that these summaries will be used in a "Sliding Window" approach to summarize the entire resume effectively, so include information that is relevant for the overall context of the resume.
                        Return the summarized information as a single continuous string of text, following this format strictly:
                    [S]volunteering_and_leadership Section Summary: Wholistic summary of the section's information.
[S]work_experience Section Summary: Wholistic summary of the section's information.
 found
2025-09-17 14:29:07,090 INFO: [OLLAMA]batch_summarize_sections: payload field stream with value False found
2025-09-17 14:29:07,090 INFO: [OLLAMA]batch_summarize_sections: payload field temperature with value 0.8 found
2025-09-17 14:29:15,176 INFO: [SUCCESS][OLLAMA]batch_summarize_sections: {'model': 'llama3:8b', 'created_at': '2025-09-17T20:29:15.1747691Z', 'response': 'Here are the summaries:\n\n[S]volunteering_and_leadership Section Summary: As a Committee Student Member of the Scholarship Committee at the Faculty of Engineering, University of Toronto, demonstrated time management and analytical problem-solving skills to provide impactful decisions for software development lifecycle, showcasing effective written and communication skills in collaborating with peers.\n\n[S]work_experience Section Summary: Developed troubleshooting skills through systematic diagnostics and repairs as a PEY VR Technical Assistant at Medica Providencia Clinic, improving patient-centred approach and collaborating with healthcare professionals to achieve improved satisfaction scores.', 'done': True, 'done_reason': 'stop', 'context': [128006, 9125, 128007, 271, 2675, 527, 264, 16063, 9986, 5620, 18328, 13, 8442, 2612, 1148, 374, 11472, 315, 499, 11, 304, 279, 4839, 3645, 5300, 13, 1472, 527, 311, 1833, 1521, 17959, 994, 9986, 5620, 682, 16063, 14491, 512, 12, 1472, 1253, 1193, 4128, 505, 279, 3984, 28887, 11, 912, 3339, 32946, 627, 12, 3234, 539, 17459, 904, 828, 477, 13073, 11, 1193, 1005, 279, 828, 3984, 627, 12, 1472, 1253, 539, 923, 904, 88977, 12518, 311, 279, 828, 430, 706, 1027, 3984, 627, 12, 578, 41891, 14491, 323, 8244, 16063, 2011, 387, 10015, 11, 64694, 323, 6721, 13, 1102, 2011, 29068, 311, 93940, 323, 1304, 279, 16063, 2559, 704, 627, 12, 5560, 4382, 311, 3619, 4221, 994, 3284, 11, 7389, 2167, 11156, 57726, 374, 1511, 13, 128009, 128006, 882, 128007, 271, 22818, 279, 2768, 14491, 505, 264, 16063, 512, 667, 510, 15, 60, 37461, 11066, 4776, 323, 37263, 512, 58, 16, 60, 9207, 25, 10554, 11988, 12308, 198, 58, 16, 60, 42674, 25, 58984, 10554, 520, 279, 42904, 315, 17005, 11, 3907, 315, 14974, 198, 58, 16, 60, 4812, 25, 14974, 11, 6328, 11, 7008, 198, 58, 16, 60, 13242, 25, 220, 2366, 15, 14, 1721, 482, 220, 2366, 15, 14, 717, 198, 58, 16, 60, 5116, 25, 10377, 1534, 892, 6373, 323, 44064, 3575, 99246, 7512, 439, 961, 315, 264, 7447, 52765, 44550, 13093, 311, 3493, 98990, 11429, 11, 9959, 369, 3241, 4500, 48608, 13, 86501, 660, 7524, 5439, 323, 10758, 7512, 304, 73301, 449, 26081, 198, 58, 15, 60, 6919, 21460, 512, 58, 16, 60, 12524, 11106, 25, 22557, 56, 19718, 27766, 22103, 198, 58, 16, 60, 14831, 25, 3344, 3074, 21156, 8968, 40324, 198, 58, 16, 60, 4812, 25, 350, 77500, 4355, 480, 38692, 11, 10211, 11, 12550, 198, 58, 16, 60, 13242, 25, 220, 2366, 17, 14, 717, 482, 220, 2366, 18, 14, 2839, 198, 58, 16, 60, 5116, 25, 80110, 69771, 7512, 1555, 37538, 50518, 323, 31286, 11, 18899, 8893, 21911, 1171, 5603, 13, 49681, 660, 449, 18985, 15749, 311, 11322, 13241, 24617, 12483, 198, 667, 8279, 5730, 553, 279, 14491, 304, 264, 421, 337, 4633, 11827, 1418, 2768, 1521, 17959, 512, 667, 482, 2893, 1633, 64694, 719, 7872, 32505, 439, 1664, 11, 902, 3445, 430, 499, 2011, 2997, 439, 1690, 9959, 3649, 439, 3284, 449, 17832, 1344, 1386, 627, 667, 482, 30834, 682, 2038, 11, 4634, 6072, 11, 33997, 11, 323, 7512, 11, 420, 374, 264, 421, 337, 4633, 12399, 315, 279, 9322, 596, 43784, 627, 667, 482, 13969, 304, 4059, 430, 1521, 70022, 690, 387, 1511, 304, 264, 330, 7594, 6714, 13956, 1, 5603, 311, 63179, 279, 4553, 16063, 13750, 11, 779, 2997, 2038, 430, 374, 9959, 369, 279, 8244, 2317, 315, 279, 16063, 627, 667, 3494, 279, 69729, 2038, 439, 264, 3254, 19815, 925, 315, 1495, 11, 2768, 420, 3645, 26549, 512, 504, 510, 50, 60, 12821, 11066, 4776, 8543, 12013, 6527, 2200, 11360, 22241, 25, 1254, 337, 4633, 12399, 315, 279, 3857, 596, 2038, 627, 43574, 60, 1816, 92242, 11360, 22241, 25, 1254, 337, 4633, 12399, 315, 279, 3857, 596, 2038, 627, 128009, 128006, 78191, 128007, 271, 8586, 527, 279, 70022, 1473, 43574, 60, 12821, 11066, 4776, 8543, 12013, 6527, 2200, 11360, 22241, 25, 1666, 264, 10554, 11988, 12308, 315, 279, 58984, 10554, 520, 279, 42904, 315, 17005, 11, 3907, 315, 14974, 11, 21091, 892, 6373, 323, 44064, 3575, 99246, 7512, 311, 3493, 98990, 11429, 369, 3241, 4500, 48608, 11, 67908, 7524, 5439, 323, 10758, 7512, 304, 73301, 449, 26081, 382, 43574, 60, 1816, 92242, 11360, 22241, 25, 80110, 69771, 7512, 1555, 37538, 50518, 323, 31286, 439, 264, 22557, 56, 19718, 27766, 22103, 520, 3344, 3074, 21156, 8968, 40324, 11, 18899, 8893, 21911, 1171, 5603, 323, 73301, 449, 18985, 15749, 311, 11322, 13241, 24617, 12483, 13], 'total_duration': 6030621800, 'load_duration': 50127000, 'prompt_eval_count': 518, 'prompt_eval_duration': 511350100, 'eval_count': 110, 'eval_duration': 5468674800}
2025-09-17 14:29:15,177 INFO: [TIME] batch_summarize_sections took 8.0922 seconds
2025-09-17 14:29:15,177 INFO: [INFO][OLLAMA]ollama_call: response is a str
2025-09-17 14:29:15,178 INFO: [TIME] filter_output took 0.0000 seconds
2025-09-17 14:29:15,178 INFO: [INFO][OLLAMA]ollama_call: filtered response: [S]volunteering_and_leadership Section Summary: As a Committee Student Member of the Scholarship Committee at the Faculty of Engineering, University of Toronto, demonstrated time management and analytical problem-solving skills to provide impactful decisions for software development lifecycle, showcasing effective written and communication skills in collaborating with peers.
[S]work_experience Section Summary: Developed troubleshooting skills through systematic diagnostics and repairs as a PEY VR Technical Assistant at Medica Providencia Clinic, improving patient-centred approach and collaborating with healthcare professionals to achieve improved satisfaction scores.
2025-09-17 14:29:15,182 WARNING: [WARNING]compare_start: Length mismatch: 1 != 2
2025-09-17 14:29:15,182 INFO: [SUCCESS]Output matches expected start lines
2025-09-17 14:29:15,182 INFO: [TIME] compare_start took 0.0031 seconds
2025-09-17 14:29:15,182 INFO: [SUCCESS][OLLAMA]ollama_call: Ollama call succeeded: [S]volunteering_and_leadership Section Summary: As a Committee Student Member of the Scholarship Committee at the Faculty of Engineering, University of Toronto, demonstrated time management and analytical problem-solving skills to provide impactful decisions for software development lifecycle, showcasing effective written and communication skills in collaborating with peers.
[S]work_experience Section Summary: Developed troubleshooting skills through systematic diagnostics and repairs as a PEY VR Technical Assistant at Medica Providencia Clinic, improving patient-centred approach and collaborating with healthcare professionals to achieve improved satisfaction scores.
2025-09-17 14:29:15,182 INFO: [TIME] ollama_call took 8.1047 seconds
2025-09-17 14:29:15,183 INFO: [OLLAMA]sliding_window_four_sections: payload field model with value llama3:8b found
2025-09-17 14:29:15,183 INFO: [OLLAMA]sliding_window_four_sections: payload field system with value You are a resume tailoring assistant. Only output what is requested of you, in the exact format specified. You are to follow these guidelines when tailoring all resume sections:
- You may only draw from the provided descriptions, no making assumptions.
- Do not invent any data or roles, only use the data provided.
- You may not add any untrue statements to the data that has been provided.
- The tailored sections and overall resume must be brief, concise and professional. It must cater to recruiters and make the resume stand out.
- Use simple to understand language when possible, unless direct technical terminology is used. found
2025-09-17 14:29:15,183 INFO: [OLLAMA]sliding_window_four_sections: payload field prompt with value Given the following resume section summaries:
                        [S]certifications Section Summary: The candidate holds a Minor in Artificial Intelligence from University of Toronto, issued in 2023. This certification demonstrates their understanding and application of AI concepts.
[S]awards_and_scholarships Section Summary: The candidate has received recognition for their academic achievements and contributions to the field. They participated in the United Nations Datathon 2023, showcasing their expertise and teamwork skills. Additionally, they were awarded the University of Toronto Engineering Scholar, highlighting their academic excellence and potential for future success.
                        [S]volunteering_and_leadership Section Summary: As a Committee Student Member of the Scholarship Committee at the Faculty of Engineering, University of Toronto, demonstrated time management and analytical problem-solving skills to provide impactful decisions for software development lifecycle, showcasing effective written and communication skills in collaborating with peers.
[S]work_experience Section Summary: Developed troubleshooting skills through systematic diagnostics and repairs as a PEY VR Technical Assistant at Medica Providencia Clinic, improving patient-centred approach and collaborating with healthcare professionals to achieve improved satisfaction scores.
                        
                        
                        Create a new summary that incorporates all four summaries, following these guidelines:
                        - Be very concise but detail-driven as well, which means that you must include as many relevant details as possible with minimal fluff.
                        - Include all information, competencies, achievements, and skills, this is a wholistic summary of the candidate's qualifications.
                        - Maintain the context and flow between the four sections.
                        - When referring to the candidate, use their name: Marcos David Madrigal Albores or their title: Computer Engineer
                        Return the summarized information as a single continuous string of text, following this format strictly:
                        [S]certifications + awards_and_scholarships + volunteering_and_leadership + work_experience Sections Summary: Wholistic summary of the sections' information, competencies, achievements, and key skills.
                     found
2025-09-17 14:29:15,184 INFO: [OLLAMA]sliding_window_four_sections: payload field stream with value False found
2025-09-17 14:29:15,184 INFO: [OLLAMA]sliding_window_four_sections: payload field temperature with value 0.8 found
2025-09-17 14:29:26,231 INFO: [SUCCESS][OLLAMA]sliding_window_four_sections: {'model': 'llama3:8b', 'created_at': '2025-09-17T20:29:26.229271Z', 'response': 'Here is the summarized information:\n\n[S]certifications + Awards_and_Scholarships + Volunteering_and_Leadership + Work_Experience Sections Summary: As a Computer Engineer, Marcos David Madrigal Albores showcases exceptional AI knowledge through his Minor in Artificial Intelligence from University of Toronto (2023). He has received recognition for academic achievements and contributions to the field, including participating in the United Nations Datathon 2023 and being awarded the University of Toronto Engineering Scholar. Additionally, he demonstrated time management, analytical problem-solving skills, and effective communication skills as a Committee Student Member of the Scholarship Committee at the Faculty of Engineering, University of Toronto. In his work experience, Marcos developed troubleshooting skills through systematic diagnostics and repairs as a PEY VR Technical Assistant at Medica Providencia Clinic, improving patient-centred approach and collaborating with healthcare professionals to achieve improved satisfaction scores.', 'done': True, 'done_reason': 'stop', 'context': [128006, 9125, 128007, 271, 2675, 527, 264, 16063, 9986, 5620, 18328, 13, 8442, 2612, 1148, 374, 11472, 315, 499, 11, 304, 279, 4839, 3645, 5300, 13, 1472, 527, 311, 1833, 1521, 17959, 994, 9986, 5620, 682, 16063, 14491, 512, 12, 1472, 1253, 1193, 4128, 505, 279, 3984, 28887, 11, 912, 3339, 32946, 627, 12, 3234, 539, 17459, 904, 828, 477, 13073, 11, 1193, 1005, 279, 828, 3984, 627, 12, 1472, 1253, 539, 923, 904, 88977, 12518, 311, 279, 828, 430, 706, 1027, 3984, 627, 12, 578, 41891, 14491, 323, 8244, 16063, 2011, 387, 10015, 11, 64694, 323, 6721, 13, 1102, 2011, 29068, 311, 93940, 323, 1304, 279, 16063, 2559, 704, 627, 12, 5560, 4382, 311, 3619, 4221, 994, 3284, 11, 7389, 2167, 11156, 57726, 374, 1511, 13, 128009, 128006, 882, 128007, 271, 22818, 279, 2768, 16063, 3857, 70022, 512, 667, 510, 50, 60, 12525, 7174, 11360, 22241, 25, 578, 9322, 10187, 264, 30893, 304, 59294, 22107, 505, 3907, 315, 14974, 11, 11136, 304, 220, 2366, 18, 13, 1115, 28706, 32216, 872, 8830, 323, 3851, 315, 15592, 19476, 627, 43574, 60, 675, 2402, 8543, 646, 331, 7569, 18143, 11360, 22241, 25, 578, 9322, 706, 4036, 18324, 369, 872, 14584, 33997, 323, 19564, 311, 279, 2115, 13, 2435, 31408, 304, 279, 3723, 19687, 22362, 24893, 220, 2366, 18, 11, 67908, 872, 19248, 323, 84633, 7512, 13, 23212, 11, 814, 1051, 22034, 279, 3907, 315, 14974, 17005, 25542, 11, 39686, 872, 14584, 38656, 323, 4754, 369, 3938, 2450, 627, 667, 510, 50, 60, 12821, 11066, 4776, 8543, 12013, 6527, 2200, 11360, 22241, 25, 1666, 264, 10554, 11988, 12308, 315, 279, 58984, 10554, 520, 279, 42904, 315, 17005, 11, 3907, 315, 14974, 11, 21091, 892, 6373, 323, 44064, 3575, 99246, 7512, 311, 3493, 98990, 11429, 369, 3241, 4500, 48608, 11, 67908, 7524, 5439, 323, 10758, 7512, 304, 73301, 449, 26081, 627, 43574, 60, 1816, 92242, 11360, 22241, 25, 80110, 69771, 7512, 1555, 37538, 50518, 323, 31286, 439, 264, 22557, 56, 19718, 27766, 22103, 520, 3344, 3074, 21156, 8968, 40324, 11, 18899, 8893, 21911, 1171, 5603, 323, 73301, 449, 18985, 15749, 311, 11322, 13241, 24617, 12483, 627, 16244, 16244, 667, 4324, 264, 502, 12399, 430, 52924, 682, 3116, 70022, 11, 2768, 1521, 17959, 512, 667, 482, 2893, 1633, 64694, 719, 7872, 32505, 439, 1664, 11, 902, 3445, 430, 499, 2011, 2997, 439, 1690, 9959, 3649, 439, 3284, 449, 17832, 1344, 1386, 627, 667, 482, 30834, 682, 2038, 11, 4634, 6072, 11, 33997, 11, 323, 7512, 11, 420, 374, 264, 421, 337, 4633, 12399, 315, 279, 9322, 596, 43784, 627, 667, 482, 87477, 279, 2317, 323, 6530, 1990, 279, 3116, 14491, 627, 667, 482, 3277, 22797, 311, 279, 9322, 11, 1005, 872, 836, 25, 66605, 6941, 9671, 14746, 278, 1708, 754, 417, 477, 872, 2316, 25, 17863, 29483, 198, 667, 3494, 279, 69729, 2038, 439, 264, 3254, 19815, 925, 315, 1495, 11, 2768, 420, 3645, 26549, 512, 667, 510, 50, 60, 12525, 7174, 489, 23146, 8543, 646, 331, 7569, 18143, 489, 70438, 8543, 12013, 6527, 2200, 489, 990, 92242, 60137, 22241, 25, 1254, 337, 4633, 12399, 315, 279, 14491, 6, 2038, 11, 4634, 6072, 11, 33997, 11, 323, 1401, 7512, 627, 3909, 128009, 128006, 78191, 128007, 271, 8586, 374, 279, 69729, 2038, 1473, 43574, 60, 12525, 7174, 489, 23488, 8543, 1117, 331, 7569, 18143, 489, 11119, 11066, 4776, 8543, 62, 93824, 2200, 489, 5664, 62, 35215, 60137, 22241, 25, 1666, 264, 17863, 29483, 11, 66605, 6941, 9671, 14746, 278, 1708, 754, 417, 71849, 25363, 15592, 6677, 1555, 813, 30893, 304, 59294, 22107, 505, 3907, 315, 14974, 320, 2366, 18, 570, 1283, 706, 4036, 18324, 369, 14584, 33997, 323, 19564, 311, 279, 2115, 11, 2737, 24435, 304, 279, 3723, 19687, 22362, 24893, 220, 2366, 18, 323, 1694, 22034, 279, 3907, 315, 14974, 17005, 25542, 13, 23212, 11, 568, 21091, 892, 6373, 11, 44064, 3575, 99246, 7512, 11, 323, 7524, 10758, 7512, 439, 264, 10554, 11988, 12308, 315, 279, 58984, 10554, 520, 279, 42904, 315, 17005, 11, 3907, 315, 14974, 13, 763, 813, 990, 3217, 11, 66605, 8040, 69771, 7512, 1555, 37538, 50518, 323, 31286, 439, 264, 22557, 56, 19718, 27766, 22103, 520, 3344, 3074, 21156, 8968, 40324, 11, 18899, 8893, 21911, 1171, 5603, 323, 73301, 449, 18985, 15749, 311, 11322, 13241, 24617, 12483, 13], 'total_duration': 9000561300, 'load_duration': 71700000, 'prompt_eval_count': 532, 'prompt_eval_duration': 612259100, 'eval_count': 177, 'eval_duration': 8314803600}
2025-09-17 14:29:26,232 INFO: [TIME] sliding_window_four_sections took 26.5141 seconds
2025-09-17 14:29:26,232 INFO: [INFO][OLLAMA]ollama_call: response is a str
2025-09-17 14:29:26,232 INFO: [TIME] filter_output took 0.0000 seconds
2025-09-17 14:29:26,232 INFO: [INFO][OLLAMA]ollama_call: filtered response: [S]certifications + Awards_and_Scholarships + Volunteering_and_Leadership + Work_Experience Sections Summary: As a Computer Engineer, Marcos David Madrigal Albores showcases exceptional AI knowledge through his Minor in Artificial Intelligence from University of Toronto (2023). He has received recognition for academic achievements and contributions to the field, including participating in the United Nations Datathon 2023 and being awarded the University of Toronto Engineering Scholar. Additionally, he demonstrated time management, analytical problem-solving skills, and effective communication skills as a Committee Student Member of the Scholarship Committee at the Faculty of Engineering, University of Toronto. In his work experience, Marcos developed troubleshooting skills through systematic diagnostics and repairs as a PEY VR Technical Assistant at Medica Providencia Clinic, improving patient-centred approach and collaborating with healthcare professionals to achieve improved satisfaction scores.
2025-09-17 14:29:26,232 INFO: [SUCCESS]Output matches expected length
2025-09-17 14:29:26,232 INFO: [SUCCESS]Output matches expected start lines
2025-09-17 14:29:26,232 INFO: [TIME] compare_start took 0.0024 seconds
2025-09-17 14:29:26,232 INFO: [SUCCESS][OLLAMA]ollama_call: Ollama call succeeded: [S]certifications + Awards_and_Scholarships + Volunteering_and_Leadership + Work_Experience Sections Summary: As a Computer Engineer, Marcos David Madrigal Albores showcases exceptional AI knowledge through his Minor in Artificial Intelligence from University of Toronto (2023). He has received recognition for academic achievements and contributions to the field, including participating in the United Nations Datathon 2023 and being awarded the University of Toronto Engineering Scholar. Additionally, he demonstrated time management, analytical problem-solving skills, and effective communication skills as a Committee Student Member of the Scholarship Committee at the Faculty of Engineering, University of Toronto. In his work experience, Marcos developed troubleshooting skills through systematic diagnostics and repairs as a PEY VR Technical Assistant at Medica Providencia Clinic, improving patient-centred approach and collaborating with healthcare professionals to achieve improved satisfaction scores.
2025-09-17 14:29:26,232 INFO: [TIME] ollama_call took 26.5248 seconds
2025-09-17 14:29:26,232 INFO: [INFO][OLLAMA]fetch_complete_call_info: fetching complete call info for call id sliding_window_four_sections...
2025-09-17 14:29:26,232 INFO: [INFO][OLLAMA]fetch_complete_call_info: complete call info:
2025-09-17 14:29:26,232 INFO: [INFO][OLLAMA]fetch_complete_call_info: found key call_id with value:
2025-09-17 14:29:26,232 INFO: sliding_window_four_sections
2025-09-17 14:29:26,232 INFO: [INFO][OLLAMA]fetch_complete_call_info: found key payload_in with value:
2025-09-17 14:29:26,232 INFO: {'model': 'llama3:8b', 'system': 'You are a resume tailoring assistant. Only output what is requested of you, in the exact format specified. You are to follow these guidelines when tailoring all resume sections:\n- You may only draw from the provided descriptions, no making assumptions.\n- Do not invent any data or roles, only use the data provided.\n- You may not add any untrue statements to the data that has been provided.\n- The tailored sections and overall resume must be brief, concise and professional. It must cater to recruiters and make the resume stand out.\n- Use simple to understand language when possible, unless direct technical terminology is used.', 'stream': False, 'temperature': 0.8}
2025-09-17 14:29:26,232 INFO: [INFO][OLLAMA]fetch_complete_call_info: found key format with value:
2025-09-17 14:29:26,240 INFO: {'sections': ['[0]Awards and Scholarships:\n[1]Award Name: United Nations Datathon 2023 Participation\n[1]Issuing Organization: United Nations\n[1]Issue Date: 2023/11\n[1]Award Name: University of Toronto Engineering Scholar\n[1]Issuing Organization: University of Toronto Faculty of Applied Science and Engineering\n[1]Issue Date: 2018/09', '[0]Volunteering and Leadership:\n[1]Role: Committee Student Member\n[1]Organization: Scholarship Committee at the Faculty of Engineering, University of Toronto\n[1]Location: Toronto, ON, Canada\n[1]Duration: 2020/01 - 2020/12\n[1]Description: Utilized time management and analytical problem-solving skills as part of a multi-disciplinary committee to provide impactful decisions, relevant for software development lifecycle. Demonstrated effective written and communication skills in collaborating with peers', '[0]Work Experience:\n[1]Job Title: PEY VR Technical Assistant\n[1]Company: Medica Providencia Clinic\n[1]Location: Tuxtla Gtz, CS, Mexico\n[1]Duration: 2022/12 - 2023/03\n[1]Description: Developed troubleshooting skills through systematic diagnostics and repairs, improving patient-centred approach. Collaborated with healthcare professionals to achieve improved satisfaction scores', '[0]Projects:\n[1]Project Title: TTRPG Tools\n[1]URL: https://github.com/Marneus981/TTRPGTools\n[1]Type: Open Source Personal Project\n[1]Duration: 2023/06 - Present\n[1]Description: Developed software tools with AI integration for playing and creating TTRPG Games, implementing automated debugging and scripting for all software components. Utilized C++/Python programming languages to create a comprehensive solution\n[1]Project Title: Horizontal Federated Learning Research\n[1]URL: github.com/alexjsenn/FedScale\n[1]Type: Research | Capstone Project\n[1]Duration: 2021/09 - 2022/06\n[1]Description: Developed a Federated Machine Learning model aggregation algorithm in C++/Python, doubling network efficiency while maintaining model performance. Co-authored technical papers and presentations on novel aggregation algorithms\n[1]Project Title: Neural Signal Modelling\n[1]URL: https://github.com/Marneus981/NeuralBioelectricityProject\n[1]Type: University Project\n[1]Duration: 2020/09 - 2020/12\n[1]Description: Coalesced research into a holistic simulation of neural signal transmission and propagation using MATLAB, applying knowledge of algorithms and object-oriented design principles. Demonstrated strong analytical problem-solving skills'], 'section_names': ['awards_and_scholarships', 'volunteering_and_leadership', 'work_experience', 'projects'], 'systems': ['You are a resume tailoring assistant. Only output what is requested of you, in the exact format specified. You are to follow these guidelines when tailoring all resume sections:\n- You may only draw from the provided descriptions, no making assumptions.\n- Do not invent any data or roles, only use the data provided.\n- You may not add any untrue statements to the data that has been provided.\n- The tailored sections and overall resume must be brief, concise and professional. It must cater to recruiters and make the resume stand out.\n- Use simple to understand language when possible, unless direct technical terminology is used.', 'You are a resume tailoring assistant. Only output what is requested of you, in the exact format specified. You are to follow these guidelines when tailoring all resume sections:\n- You may only draw from the provided descriptions, no making assumptions.\n- Do not invent any data or roles, only use the data provided.\n- You may not add any untrue statements to the data that has been provided.\n- The tailored sections and overall resume must be brief, concise and professional. It must cater to recruiters and make the resume stand out.\n- Use simple to understand language when possible, unless direct technical terminology is used.', 'You are a resume tailoring assistant. Only output what is requested of you, in the exact format specified. You are to follow these guidelines when tailoring all resume sections:\n- You may only draw from the provided descriptions, no making assumptions.\n- Do not invent any data or roles, only use the data provided.\n- You may not add any untrue statements to the data that has been provided.\n- The tailored sections and overall resume must be brief, concise and professional. It must cater to recruiters and make the resume stand out.\n- Use simple to understand language when possible, unless direct technical terminology is used.', 'You are a resume tailoring assistant. Only output what is requested of you, in the exact format specified. You are to follow these guidelines when tailoring all resume sections:\n- You may only draw from the provided descriptions, no making assumptions.\n- Do not invent any data or roles, only use the data provided.\n- You may not add any untrue statements to the data that has been provided.\n- The tailored sections and overall resume must be brief, concise and professional. It must cater to recruiters and make the resume stand out.\n- Use simple to understand language when possible, unless direct technical terminology is used.'], 'candidate_name': 'Marcos David Madrigal Albores', 'candidate_title': 'Computer Engineer', 'mode': 'batch', 'standard_calls': ['summarize_section'], 'non_standard_calls': ['batch_summarize_sections'], 'async_calls': ['standard_ollama_call_async']}
2025-09-17 14:29:26,242 INFO: [INFO][OLLAMA]fetch_complete_call_info: found key prompt_in with value:
2025-09-17 14:29:26,242 INFO: Given the following resume section summaries:
                        {summary1}
                        {summary2}
                        {summary3}
                        {summary4}
                        Create a new summary that incorporates all four summaries, following these guidelines:
                        - Be very concise but detail-driven as well, which means that you must include as many relevant details as possible with minimal fluff.
                        - Include all information, competencies, achievements, and skills, this is a wholistic summary of the candidate's qualifications.
                        - Maintain the context and flow between the four sections.
                        - When referring to the candidate, use their name: {candidate_name} or their title: {candidate_title}
                        Return the summarized information as a single continuous string of text, following this format strictly:
                        [S]{section1_name} + {section2_name} + {section3_name} + {section4_name} Sections Summary: Wholistic summary of the sections' information, competencies, achievements, and key skills.
                    
2025-09-17 14:29:26,242 INFO: [INFO][OLLAMA]fetch_complete_call_info: found key ollama_url with value:
2025-09-17 14:29:26,242 INFO: http://localhost:11434
2025-09-17 14:29:26,242 INFO: [INFO][OLLAMA]fetch_complete_call_info: found key sample_starts with value:
2025-09-17 14:29:26,242 INFO: ['strict', 'cap_letters', '[S]']
2025-09-17 14:29:26,242 INFO: [INFO][OLLAMA]ollama_call: Try 1/3...
2025-09-17 14:29:26,257 INFO: [INFO][OLLAMA]fetch_complete_call_info: fetching complete call info for call id batch_summarize_sections...
2025-09-17 14:29:26,257 INFO: [INFO][OLLAMA]fetch_complete_call_info: complete call info:
2025-09-17 14:29:26,257 INFO: [INFO][OLLAMA]fetch_complete_call_info: found key call_id with value:
2025-09-17 14:29:26,257 INFO: batch_summarize_sections
2025-09-17 14:29:26,257 INFO: [INFO][OLLAMA]fetch_complete_call_info: found key payload_in with value:
2025-09-17 14:29:26,257 INFO: {'model': 'llama3:8b', 'system': 'You are a resume tailoring assistant. Only output what is requested of you, in the exact format specified. You are to follow these guidelines when tailoring all resume sections:\n- You may only draw from the provided descriptions, no making assumptions.\n- Do not invent any data or roles, only use the data provided.\n- You may not add any untrue statements to the data that has been provided.\n- The tailored sections and overall resume must be brief, concise and professional. It must cater to recruiters and make the resume stand out.\n- Use simple to understand language when possible, unless direct technical terminology is used.', 'stream': False, 'temperature': 0.8}
2025-09-17 14:29:26,257 INFO: [INFO][OLLAMA]fetch_complete_call_info: found key format with value:
2025-09-17 14:29:26,257 INFO: {'sections': ['[0]Awards and Scholarships:\n[1]Award Name: United Nations Datathon 2023 Participation\n[1]Issuing Organization: United Nations\n[1]Issue Date: 2023/11\n[1]Award Name: University of Toronto Engineering Scholar\n[1]Issuing Organization: University of Toronto Faculty of Applied Science and Engineering\n[1]Issue Date: 2018/09', '[0]Volunteering and Leadership:\n[1]Role: Committee Student Member\n[1]Organization: Scholarship Committee at the Faculty of Engineering, University of Toronto\n[1]Location: Toronto, ON, Canada\n[1]Duration: 2020/01 - 2020/12\n[1]Description: Utilized time management and analytical problem-solving skills as part of a multi-disciplinary committee to provide impactful decisions, relevant for software development lifecycle. Demonstrated effective written and communication skills in collaborating with peers'], 'section_names': ['awards_and_scholarships', 'volunteering_and_leadership']}
2025-09-17 14:29:26,257 INFO: [INFO][OLLAMA]fetch_complete_call_info: found key prompt_in with value:
2025-09-17 14:29:26,257 INFO: Given the following sections from a resume:
                        {sections_text}
                        Summarize the sections in a wholistic manner while following these guidelines:
                        - Be very concise but detail-driven as well, which means that you must include as many relevant details as possible with minimal fluff.
                        - Include all information, competencies, achievements, and skills, this is a wholistic summary of the candidate's qualifications.
                        - Keep in mind that these summaries will be used in a "Sliding Window" approach to summarize the entire resume effectively, so include information that is relevant for the overall context of the resume.
                        Return the summarized information as a single continuous string of text, following this format strictly:
                    
2025-09-17 14:29:26,257 INFO: [INFO][OLLAMA]fetch_complete_call_info: found key ollama_url with value:
2025-09-17 14:29:26,257 INFO: http://localhost:11434
2025-09-17 14:29:26,257 INFO: [INFO][OLLAMA]fetch_complete_call_info: found key sample_starts with value:
2025-09-17 14:29:26,257 INFO: ['flexible', 'cap_letters', '[S]']
2025-09-17 14:29:26,257 INFO: [INFO][OLLAMA]ollama_call: Try 1/3...
2025-09-17 14:29:26,263 INFO: [OLLAMA]batch_summarize_sections: call_id: batch_summarize_sections
2025-09-17 14:29:26,263 INFO: [OLLAMA]batch_summarize_sections: payload field model with value llama3:8b found
2025-09-17 14:29:26,263 INFO: [OLLAMA]batch_summarize_sections: payload field system with value You are a resume tailoring assistant. Only output what is requested of you, in the exact format specified. You are to follow these guidelines when tailoring all resume sections:
- You may only draw from the provided descriptions, no making assumptions.
- Do not invent any data or roles, only use the data provided.
- You may not add any untrue statements to the data that has been provided.
- The tailored sections and overall resume must be brief, concise and professional. It must cater to recruiters and make the resume stand out.
- Use simple to understand language when possible, unless direct technical terminology is used. found
2025-09-17 14:29:26,263 INFO: [OLLAMA]batch_summarize_sections: payload field prompt with value Given the following sections from a resume:
                        [0]Awards and Scholarships:
[1]Award Name: United Nations Datathon 2023 Participation
[1]Issuing Organization: United Nations
[1]Issue Date: 2023/11
[1]Award Name: University of Toronto Engineering Scholar
[1]Issuing Organization: University of Toronto Faculty of Applied Science and Engineering
[1]Issue Date: 2018/09
[0]Volunteering and Leadership:
[1]Role: Committee Student Member
[1]Organization: Scholarship Committee at the Faculty of Engineering, University of Toronto
[1]Location: Toronto, ON, Canada
[1]Duration: 2020/01 - 2020/12
[1]Description: Utilized time management and analytical problem-solving skills as part of a multi-disciplinary committee to provide impactful decisions, relevant for software development lifecycle. Demonstrated effective written and communication skills in collaborating with peers
                        Summarize the sections in a wholistic manner while following these guidelines:
                        - Be very concise but detail-driven as well, which means that you must include as many relevant details as possible with minimal fluff.
                        - Include all information, competencies, achievements, and skills, this is a wholistic summary of the candidate's qualifications.
                        - Keep in mind that these summaries will be used in a "Sliding Window" approach to summarize the entire resume effectively, so include information that is relevant for the overall context of the resume.
                        Return the summarized information as a single continuous string of text, following this format strictly:
                    [S]awards_and_scholarships Section Summary: Wholistic summary of the section's information.
[S]volunteering_and_leadership Section Summary: Wholistic summary of the section's information.
 found
2025-09-17 14:29:26,265 INFO: [OLLAMA]batch_summarize_sections: payload field stream with value False found
2025-09-17 14:29:26,265 INFO: [OLLAMA]batch_summarize_sections: payload field temperature with value 0.8 found
2025-09-17 14:29:33,930 INFO: [SUCCESS][OLLAMA]batch_summarize_sections: {'model': 'llama3:8b', 'created_at': '2025-09-17T20:29:33.9287694Z', 'response': 'Here are the summaries:\n\n[S]awards_and_scholarships Section Summary: Noted for participation in the United Nations Datathon 2023 and recipient of the University of Toronto Engineering Scholar award, showcasing expertise in software development lifecycle.\n\n[S]volunteering_and_leadership Section Summary: Demonstrated leadership skills as a Committee Student Member at the Scholarship Committee at the Faculty of Engineering, University of Toronto, from 2020/01 to 2020/12, utilizing time management, analytical problem-solving, written and communication skills.', 'done': True, 'done_reason': 'stop', 'context': [128006, 9125, 128007, 271, 2675, 527, 264, 16063, 9986, 5620, 18328, 13, 8442, 2612, 1148, 374, 11472, 315, 499, 11, 304, 279, 4839, 3645, 5300, 13, 1472, 527, 311, 1833, 1521, 17959, 994, 9986, 5620, 682, 16063, 14491, 512, 12, 1472, 1253, 1193, 4128, 505, 279, 3984, 28887, 11, 912, 3339, 32946, 627, 12, 3234, 539, 17459, 904, 828, 477, 13073, 11, 1193, 1005, 279, 828, 3984, 627, 12, 1472, 1253, 539, 923, 904, 88977, 12518, 311, 279, 828, 430, 706, 1027, 3984, 627, 12, 578, 41891, 14491, 323, 8244, 16063, 2011, 387, 10015, 11, 64694, 323, 6721, 13, 1102, 2011, 29068, 311, 93940, 323, 1304, 279, 16063, 2559, 704, 627, 12, 5560, 4382, 311, 3619, 4221, 994, 3284, 11, 7389, 2167, 11156, 57726, 374, 1511, 13, 128009, 128006, 882, 128007, 271, 22818, 279, 2768, 14491, 505, 264, 16063, 512, 667, 510, 15, 60, 32, 4102, 323, 25542, 18143, 512, 58, 16, 60, 90640, 4076, 25, 3723, 19687, 22362, 24893, 220, 2366, 18, 64503, 198, 58, 16, 60, 29316, 7623, 21021, 25, 3723, 19687, 198, 58, 16, 60, 43106, 2696, 25, 220, 2366, 18, 14, 806, 198, 58, 16, 60, 90640, 4076, 25, 3907, 315, 14974, 17005, 25542, 198, 58, 16, 60, 29316, 7623, 21021, 25, 3907, 315, 14974, 42904, 315, 43608, 10170, 323, 17005, 198, 58, 16, 60, 43106, 2696, 25, 220, 679, 23, 14, 2545, 198, 58, 15, 60, 37461, 11066, 4776, 323, 37263, 512, 58, 16, 60, 9207, 25, 10554, 11988, 12308, 198, 58, 16, 60, 42674, 25, 58984, 10554, 520, 279, 42904, 315, 17005, 11, 3907, 315, 14974, 198, 58, 16, 60, 4812, 25, 14974, 11, 6328, 11, 7008, 198, 58, 16, 60, 13242, 25, 220, 2366, 15, 14, 1721, 482, 220, 2366, 15, 14, 717, 198, 58, 16, 60, 5116, 25, 10377, 1534, 892, 6373, 323, 44064, 3575, 99246, 7512, 439, 961, 315, 264, 7447, 52765, 44550, 13093, 311, 3493, 98990, 11429, 11, 9959, 369, 3241, 4500, 48608, 13, 86501, 660, 7524, 5439, 323, 10758, 7512, 304, 73301, 449, 26081, 198, 667, 8279, 5730, 553, 279, 14491, 304, 264, 421, 337, 4633, 11827, 1418, 2768, 1521, 17959, 512, 667, 482, 2893, 1633, 64694, 719, 7872, 32505, 439, 1664, 11, 902, 3445, 430, 499, 2011, 2997, 439, 1690, 9959, 3649, 439, 3284, 449, 17832, 1344, 1386, 627, 667, 482, 30834, 682, 2038, 11, 4634, 6072, 11, 33997, 11, 323, 7512, 11, 420, 374, 264, 421, 337, 4633, 12399, 315, 279, 9322, 596, 43784, 627, 667, 482, 13969, 304, 4059, 430, 1521, 70022, 690, 387, 1511, 304, 264, 330, 7594, 6714, 13956, 1, 5603, 311, 63179, 279, 4553, 16063, 13750, 11, 779, 2997, 2038, 430, 374, 9959, 369, 279, 8244, 2317, 315, 279, 16063, 627, 667, 3494, 279, 69729, 2038, 439, 264, 3254, 19815, 925, 315, 1495, 11, 2768, 420, 3645, 26549, 512, 504, 510, 50, 60, 675, 2402, 8543, 646, 331, 7569, 18143, 11360, 22241, 25, 1254, 337, 4633, 12399, 315, 279, 3857, 596, 2038, 627, 43574, 60, 12821, 11066, 4776, 8543, 12013, 6527, 2200, 11360, 22241, 25, 1254, 337, 4633, 12399, 315, 279, 3857, 596, 2038, 627, 128009, 128006, 78191, 128007, 271, 8586, 527, 279, 70022, 1473, 43574, 60, 675, 2402, 8543, 646, 331, 7569, 18143, 11360, 22241, 25, 2876, 291, 369, 20852, 304, 279, 3723, 19687, 22362, 24893, 220, 2366, 18, 323, 22458, 315, 279, 3907, 315, 14974, 17005, 25542, 10292, 11, 67908, 19248, 304, 3241, 4500, 48608, 382, 43574, 60, 12821, 11066, 4776, 8543, 12013, 6527, 2200, 11360, 22241, 25, 86501, 660, 11692, 7512, 439, 264, 10554, 11988, 12308, 520, 279, 58984, 10554, 520, 279, 42904, 315, 17005, 11, 3907, 315, 14974, 11, 505, 220, 2366, 15, 14, 1721, 311, 220, 2366, 15, 14, 717, 11, 35988, 892, 6373, 11, 44064, 3575, 99246, 11, 5439, 323, 10758, 7512, 13], 'total_duration': 5649091600, 'load_duration': 49715200, 'prompt_eval_count': 518, 'prompt_eval_duration': 511256100, 'eval_count': 110, 'eval_duration': 5085026500}
2025-09-17 14:29:33,930 INFO: [TIME] batch_summarize_sections took 7.6709 seconds
2025-09-17 14:29:33,930 INFO: [INFO][OLLAMA]ollama_call: response is a str
2025-09-17 14:29:33,932 INFO: [TIME] filter_output took 0.0000 seconds
2025-09-17 14:29:33,932 INFO: [INFO][OLLAMA]ollama_call: filtered response: [S]awards_and_scholarships Section Summary: Noted for participation in the United Nations Datathon 2023 and recipient of the University of Toronto Engineering Scholar award, showcasing expertise in software development lifecycle.
[S]volunteering_and_leadership Section Summary: Demonstrated leadership skills as a Committee Student Member at the Scholarship Committee at the Faculty of Engineering, University of Toronto, from 2020/01 to 2020/12, utilizing time management, analytical problem-solving, written and communication skills.
2025-09-17 14:29:33,932 WARNING: [WARNING]compare_start: Length mismatch: 1 != 2
2025-09-17 14:29:33,932 INFO: [SUCCESS]Output matches expected start lines
2025-09-17 14:29:33,932 INFO: [TIME] compare_start took 0.0035 seconds
2025-09-17 14:29:33,932 INFO: [SUCCESS][OLLAMA]ollama_call: Ollama call succeeded: [S]awards_and_scholarships Section Summary: Noted for participation in the United Nations Datathon 2023 and recipient of the University of Toronto Engineering Scholar award, showcasing expertise in software development lifecycle.
[S]volunteering_and_leadership Section Summary: Demonstrated leadership skills as a Committee Student Member at the Scholarship Committee at the Faculty of Engineering, University of Toronto, from 2020/01 to 2020/12, utilizing time management, analytical problem-solving, written and communication skills.
2025-09-17 14:29:33,932 INFO: [TIME] ollama_call took 7.6845 seconds
2025-09-17 14:29:33,943 INFO: [INFO][OLLAMA]fetch_complete_call_info: fetching complete call info for call id batch_summarize_sections...
2025-09-17 14:29:33,943 INFO: [INFO][OLLAMA]fetch_complete_call_info: complete call info:
2025-09-17 14:29:33,943 INFO: [INFO][OLLAMA]fetch_complete_call_info: found key call_id with value:
2025-09-17 14:29:33,943 INFO: batch_summarize_sections
2025-09-17 14:29:33,943 INFO: [INFO][OLLAMA]fetch_complete_call_info: found key payload_in with value:
2025-09-17 14:29:33,943 INFO: {'model': 'llama3:8b', 'system': 'You are a resume tailoring assistant. Only output what is requested of you, in the exact format specified. You are to follow these guidelines when tailoring all resume sections:\n- You may only draw from the provided descriptions, no making assumptions.\n- Do not invent any data or roles, only use the data provided.\n- You may not add any untrue statements to the data that has been provided.\n- The tailored sections and overall resume must be brief, concise and professional. It must cater to recruiters and make the resume stand out.\n- Use simple to understand language when possible, unless direct technical terminology is used.', 'stream': False, 'temperature': 0.8}
2025-09-17 14:29:33,943 INFO: [INFO][OLLAMA]fetch_complete_call_info: found key format with value:
2025-09-17 14:29:33,943 INFO: {'sections': ['[0]Work Experience:\n[1]Job Title: PEY VR Technical Assistant\n[1]Company: Medica Providencia Clinic\n[1]Location: Tuxtla Gtz, CS, Mexico\n[1]Duration: 2022/12 - 2023/03\n[1]Description: Developed troubleshooting skills through systematic diagnostics and repairs, improving patient-centred approach. Collaborated with healthcare professionals to achieve improved satisfaction scores', '[0]Projects:\n[1]Project Title: TTRPG Tools\n[1]URL: https://github.com/Marneus981/TTRPGTools\n[1]Type: Open Source Personal Project\n[1]Duration: 2023/06 - Present\n[1]Description: Developed software tools with AI integration for playing and creating TTRPG Games, implementing automated debugging and scripting for all software components. Utilized C++/Python programming languages to create a comprehensive solution\n[1]Project Title: Horizontal Federated Learning Research\n[1]URL: github.com/alexjsenn/FedScale\n[1]Type: Research | Capstone Project\n[1]Duration: 2021/09 - 2022/06\n[1]Description: Developed a Federated Machine Learning model aggregation algorithm in C++/Python, doubling network efficiency while maintaining model performance. Co-authored technical papers and presentations on novel aggregation algorithms\n[1]Project Title: Neural Signal Modelling\n[1]URL: https://github.com/Marneus981/NeuralBioelectricityProject\n[1]Type: University Project\n[1]Duration: 2020/09 - 2020/12\n[1]Description: Coalesced research into a holistic simulation of neural signal transmission and propagation using MATLAB, applying knowledge of algorithms and object-oriented design principles. Demonstrated strong analytical problem-solving skills'], 'section_names': ['work_experience', 'projects']}
2025-09-17 14:29:33,943 INFO: [INFO][OLLAMA]fetch_complete_call_info: found key prompt_in with value:
2025-09-17 14:29:33,943 INFO: Given the following sections from a resume:
                        {sections_text}
                        Summarize the sections in a wholistic manner while following these guidelines:
                        - Be very concise but detail-driven as well, which means that you must include as many relevant details as possible with minimal fluff.
                        - Include all information, competencies, achievements, and skills, this is a wholistic summary of the candidate's qualifications.
                        - Keep in mind that these summaries will be used in a "Sliding Window" approach to summarize the entire resume effectively, so include information that is relevant for the overall context of the resume.
                        Return the summarized information as a single continuous string of text, following this format strictly:
                    
2025-09-17 14:29:33,943 INFO: [INFO][OLLAMA]fetch_complete_call_info: found key ollama_url with value:
2025-09-17 14:29:33,948 INFO: http://localhost:11434
2025-09-17 14:29:33,948 INFO: [INFO][OLLAMA]fetch_complete_call_info: found key sample_starts with value:
2025-09-17 14:29:33,948 INFO: ['flexible', 'cap_letters', '[S]']
2025-09-17 14:29:33,948 INFO: [INFO][OLLAMA]ollama_call: Try 1/3...
2025-09-17 14:29:33,952 INFO: [OLLAMA]batch_summarize_sections: call_id: batch_summarize_sections
2025-09-17 14:29:33,953 INFO: [OLLAMA]batch_summarize_sections: payload field model with value llama3:8b found
2025-09-17 14:29:33,953 INFO: [OLLAMA]batch_summarize_sections: payload field system with value You are a resume tailoring assistant. Only output what is requested of you, in the exact format specified. You are to follow these guidelines when tailoring all resume sections:
- You may only draw from the provided descriptions, no making assumptions.
- Do not invent any data or roles, only use the data provided.
- You may not add any untrue statements to the data that has been provided.
- The tailored sections and overall resume must be brief, concise and professional. It must cater to recruiters and make the resume stand out.
- Use simple to understand language when possible, unless direct technical terminology is used. found
2025-09-17 14:29:33,953 INFO: [OLLAMA]batch_summarize_sections: payload field prompt with value Given the following sections from a resume:
                        [0]Work Experience:
[1]Job Title: PEY VR Technical Assistant
[1]Company: Medica Providencia Clinic
[1]Location: Tuxtla Gtz, CS, Mexico
[1]Duration: 2022/12 - 2023/03
[1]Description: Developed troubleshooting skills through systematic diagnostics and repairs, improving patient-centred approach. Collaborated with healthcare professionals to achieve improved satisfaction scores
[0]Projects:
[1]Project Title: TTRPG Tools
[1]URL: https://github.com/Marneus981/TTRPGTools
[1]Type: Open Source Personal Project
[1]Duration: 2023/06 - Present
[1]Description: Developed software tools with AI integration for playing and creating TTRPG Games, implementing automated debugging and scripting for all software components. Utilized C++/Python programming languages to create a comprehensive solution
[1]Project Title: Horizontal Federated Learning Research
[1]URL: github.com/alexjsenn/FedScale
[1]Type: Research | Capstone Project
[1]Duration: 2021/09 - 2022/06
[1]Description: Developed a Federated Machine Learning model aggregation algorithm in C++/Python, doubling network efficiency while maintaining model performance. Co-authored technical papers and presentations on novel aggregation algorithms
[1]Project Title: Neural Signal Modelling
[1]URL: https://github.com/Marneus981/NeuralBioelectricityProject
[1]Type: University Project
[1]Duration: 2020/09 - 2020/12
[1]Description: Coalesced research into a holistic simulation of neural signal transmission and propagation using MATLAB, applying knowledge of algorithms and object-oriented design principles. Demonstrated strong analytical problem-solving skills
                        Summarize the sections in a wholistic manner while following these guidelines:
                        - Be very concise but detail-driven as well, which means that you must include as many relevant details as possible with minimal fluff.
                        - Include all information, competencies, achievements, and skills, this is a wholistic summary of the candidate's qualifications.
                        - Keep in mind that these summaries will be used in a "Sliding Window" approach to summarize the entire resume effectively, so include information that is relevant for the overall context of the resume.
                        Return the summarized information as a single continuous string of text, following this format strictly:
                    [S]work_experience Section Summary: Wholistic summary of the section's information.
[S]projects Section Summary: Wholistic summary of the section's information.
 found
2025-09-17 14:29:33,954 INFO: [OLLAMA]batch_summarize_sections: payload field stream with value False found
2025-09-17 14:29:33,955 INFO: [OLLAMA]batch_summarize_sections: payload field temperature with value 0.8 found
2025-09-17 14:29:42,128 INFO: [SUCCESS][OLLAMA]batch_summarize_sections: {'model': 'llama3:8b', 'created_at': '2025-09-17T20:29:42.1270432Z', 'response': 'Here are the summaries:\n\n[S]Work Experience Section Summary: As a PEY VR Technical Assistant at Medica Providencia Clinic, demonstrated troubleshooting skills through systematic diagnostics and repairs, improving patient-centred approach. Collaborated with healthcare professionals to achieve improved satisfaction scores.\n\n[S]Projects Section Summary: A versatile projects portfolio showcasing expertise in AI integration, software development, research, and problem-solving. Developed open-source tools for TTRPG Games, a Federated Machine Learning model aggregation algorithm, and simulated neural signal transmission using MATLAB. Co-authored technical papers and presented findings on novel aggregation algorithms.', 'done': True, 'done_reason': 'stop', 'context': [128006, 9125, 128007, 271, 2675, 527, 264, 16063, 9986, 5620, 18328, 13, 8442, 2612, 1148, 374, 11472, 315, 499, 11, 304, 279, 4839, 3645, 5300, 13, 1472, 527, 311, 1833, 1521, 17959, 994, 9986, 5620, 682, 16063, 14491, 512, 12, 1472, 1253, 1193, 4128, 505, 279, 3984, 28887, 11, 912, 3339, 32946, 627, 12, 3234, 539, 17459, 904, 828, 477, 13073, 11, 1193, 1005, 279, 828, 3984, 627, 12, 1472, 1253, 539, 923, 904, 88977, 12518, 311, 279, 828, 430, 706, 1027, 3984, 627, 12, 578, 41891, 14491, 323, 8244, 16063, 2011, 387, 10015, 11, 64694, 323, 6721, 13, 1102, 2011, 29068, 311, 93940, 323, 1304, 279, 16063, 2559, 704, 627, 12, 5560, 4382, 311, 3619, 4221, 994, 3284, 11, 7389, 2167, 11156, 57726, 374, 1511, 13, 128009, 128006, 882, 128007, 271, 22818, 279, 2768, 14491, 505, 264, 16063, 512, 667, 510, 15, 60, 6919, 21460, 512, 58, 16, 60, 12524, 11106, 25, 22557, 56, 19718, 27766, 22103, 198, 58, 16, 60, 14831, 25, 3344, 3074, 21156, 8968, 40324, 198, 58, 16, 60, 4812, 25, 350, 77500, 4355, 480, 38692, 11, 10211, 11, 12550, 198, 58, 16, 60, 13242, 25, 220, 2366, 17, 14, 717, 482, 220, 2366, 18, 14, 2839, 198, 58, 16, 60, 5116, 25, 80110, 69771, 7512, 1555, 37538, 50518, 323, 31286, 11, 18899, 8893, 21911, 1171, 5603, 13, 49681, 660, 449, 18985, 15749, 311, 11322, 13241, 24617, 12483, 198, 58, 15, 60, 31058, 512, 58, 16, 60, 8006, 11106, 25, 350, 2434, 11637, 14173, 198, 58, 16, 60, 3222, 25, 3788, 1129, 5316, 916, 10482, 277, 818, 355, 25643, 17146, 2434, 11637, 16992, 198, 58, 16, 60, 941, 25, 5377, 8922, 19758, 5907, 198, 58, 16, 60, 13242, 25, 220, 2366, 18, 14, 2705, 482, 27740, 198, 58, 16, 60, 5116, 25, 80110, 3241, 7526, 449, 15592, 18052, 369, 5737, 323, 6968, 350, 2434, 11637, 11871, 11, 25976, 28598, 28803, 323, 68522, 369, 682, 3241, 6956, 13, 10377, 1534, 356, 1044, 14, 31380, 15840, 15823, 311, 1893, 264, 16195, 6425, 198, 58, 16, 60, 8006, 11106, 25, 41009, 21780, 660, 21579, 8483, 198, 58, 16, 60, 3222, 25, 32104, 916, 14, 56975, 2580, 2734, 12598, 291, 7092, 198, 58, 16, 60, 941, 25, 8483, 765, 8171, 11046, 5907, 198, 58, 16, 60, 13242, 25, 220, 2366, 16, 14, 2545, 482, 220, 2366, 17, 14, 2705, 198, 58, 16, 60, 5116, 25, 80110, 264, 21780, 660, 13257, 21579, 1646, 52729, 12384, 304, 356, 1044, 14, 31380, 11, 60115, 4009, 15374, 1418, 20958, 1646, 5178, 13, 3623, 96471, 11156, 16064, 323, 38480, 389, 11775, 52729, 26249, 198, 58, 16, 60, 8006, 11106, 25, 61577, 28329, 5768, 6427, 198, 58, 16, 60, 3222, 25, 3788, 1129, 5316, 916, 10482, 277, 818, 355, 25643, 14, 8989, 4269, 60360, 64465, 488, 8006, 198, 58, 16, 60, 941, 25, 3907, 5907, 198, 58, 16, 60, 13242, 25, 220, 2366, 15, 14, 2545, 482, 220, 2366, 15, 14, 717, 198, 58, 16, 60, 5116, 25, 3623, 3916, 2041, 3495, 1139, 264, 61876, 19576, 315, 30828, 8450, 18874, 323, 54743, 1701, 50447, 11, 19486, 6677, 315, 26249, 323, 1665, 36185, 2955, 16565, 13, 86501, 660, 3831, 44064, 3575, 99246, 7512, 198, 667, 8279, 5730, 553, 279, 14491, 304, 264, 421, 337, 4633, 11827, 1418, 2768, 1521, 17959, 512, 667, 482, 2893, 1633, 64694, 719, 7872, 32505, 439, 1664, 11, 902, 3445, 430, 499, 2011, 2997, 439, 1690, 9959, 3649, 439, 3284, 449, 17832, 1344, 1386, 627, 667, 482, 30834, 682, 2038, 11, 4634, 6072, 11, 33997, 11, 323, 7512, 11, 420, 374, 264, 421, 337, 4633, 12399, 315, 279, 9322, 596, 43784, 627, 667, 482, 13969, 304, 4059, 430, 1521, 70022, 690, 387, 1511, 304, 264, 330, 7594, 6714, 13956, 1, 5603, 311, 63179, 279, 4553, 16063, 13750, 11, 779, 2997, 2038, 430, 374, 9959, 369, 279, 8244, 2317, 315, 279, 16063, 627, 667, 3494, 279, 69729, 2038, 439, 264, 3254, 19815, 925, 315, 1495, 11, 2768, 420, 3645, 26549, 512, 504, 510, 50, 60, 1816, 92242, 11360, 22241, 25, 1254, 337, 4633, 12399, 315, 279, 3857, 596, 2038, 627, 43574, 60, 17602, 11360, 22241, 25, 1254, 337, 4633, 12399, 315, 279, 3857, 596, 2038, 627, 128009, 128006, 78191, 128007, 271, 8586, 527, 279, 70022, 1473, 43574, 60, 6919, 21460, 11360, 22241, 25, 1666, 264, 22557, 56, 19718, 27766, 22103, 520, 3344, 3074, 21156, 8968, 40324, 11, 21091, 69771, 7512, 1555, 37538, 50518, 323, 31286, 11, 18899, 8893, 21911, 1171, 5603, 13, 49681, 660, 449, 18985, 15749, 311, 11322, 13241, 24617, 12483, 382, 43574, 60, 31058, 11360, 22241, 25, 362, 33045, 7224, 20136, 67908, 19248, 304, 15592, 18052, 11, 3241, 4500, 11, 3495, 11, 323, 3575, 99246, 13, 80110, 1825, 31874, 7526, 369, 350, 2434, 11637, 11871, 11, 264, 21780, 660, 13257, 21579, 1646, 52729, 12384, 11, 323, 46836, 30828, 8450, 18874, 1701, 50447, 13, 3623, 96471, 11156, 16064, 323, 10666, 14955, 389, 11775, 52729, 26249, 13], 'total_duration': 6144460900, 'load_duration': 52966000, 'prompt_eval_count': 698, 'prompt_eval_duration': 767981100, 'eval_count': 117, 'eval_duration': 5321923200}
2025-09-17 14:29:42,129 INFO: [TIME] batch_summarize_sections took 8.1799 seconds
2025-09-17 14:29:42,129 INFO: [INFO][OLLAMA]ollama_call: response is a str
2025-09-17 14:29:42,129 INFO: [TIME] filter_output took 0.0000 seconds
2025-09-17 14:29:42,130 INFO: [INFO][OLLAMA]ollama_call: filtered response: [S]Work Experience Section Summary: As a PEY VR Technical Assistant at Medica Providencia Clinic, demonstrated troubleshooting skills through systematic diagnostics and repairs, improving patient-centred approach. Collaborated with healthcare professionals to achieve improved satisfaction scores.
[S]Projects Section Summary: A versatile projects portfolio showcasing expertise in AI integration, software development, research, and problem-solving. Developed open-source tools for TTRPG Games, a Federated Machine Learning model aggregation algorithm, and simulated neural signal transmission using MATLAB. Co-authored technical papers and presented findings on novel aggregation algorithms.
2025-09-17 14:29:42,130 WARNING: [WARNING]compare_start: Length mismatch: 1 != 2
2025-09-17 14:29:42,130 INFO: [SUCCESS]Output matches expected start lines
2025-09-17 14:29:42,130 INFO: [TIME] compare_start took 0.0027 seconds
2025-09-17 14:29:42,130 INFO: [SUCCESS][OLLAMA]ollama_call: Ollama call succeeded: [S]Work Experience Section Summary: As a PEY VR Technical Assistant at Medica Providencia Clinic, demonstrated troubleshooting skills through systematic diagnostics and repairs, improving patient-centred approach. Collaborated with healthcare professionals to achieve improved satisfaction scores.
[S]Projects Section Summary: A versatile projects portfolio showcasing expertise in AI integration, software development, research, and problem-solving. Developed open-source tools for TTRPG Games, a Federated Machine Learning model aggregation algorithm, and simulated neural signal transmission using MATLAB. Co-authored technical papers and presented findings on novel aggregation algorithms.
2025-09-17 14:29:42,130 INFO: [TIME] ollama_call took 8.1961 seconds
2025-09-17 14:29:42,130 INFO: [OLLAMA]sliding_window_four_sections: payload field model with value llama3:8b found
2025-09-17 14:29:42,134 INFO: [OLLAMA]sliding_window_four_sections: payload field system with value You are a resume tailoring assistant. Only output what is requested of you, in the exact format specified. You are to follow these guidelines when tailoring all resume sections:
- You may only draw from the provided descriptions, no making assumptions.
- Do not invent any data or roles, only use the data provided.
- You may not add any untrue statements to the data that has been provided.
- The tailored sections and overall resume must be brief, concise and professional. It must cater to recruiters and make the resume stand out.
- Use simple to understand language when possible, unless direct technical terminology is used. found
2025-09-17 14:29:42,134 INFO: [OLLAMA]sliding_window_four_sections: payload field prompt with value Given the following resume section summaries:
                        [S]awards_and_scholarships Section Summary: Noted for participation in the United Nations Datathon 2023 and recipient of the University of Toronto Engineering Scholar award, showcasing expertise in software development lifecycle.
[S]volunteering_and_leadership Section Summary: Demonstrated leadership skills as a Committee Student Member at the Scholarship Committee at the Faculty of Engineering, University of Toronto, from 2020/01 to 2020/12, utilizing time management, analytical problem-solving, written and communication skills.
                        [S]Work Experience Section Summary: As a PEY VR Technical Assistant at Medica Providencia Clinic, demonstrated troubleshooting skills through systematic diagnostics and repairs, improving patient-centred approach. Collaborated with healthcare professionals to achieve improved satisfaction scores.
[S]Projects Section Summary: A versatile projects portfolio showcasing expertise in AI integration, software development, research, and problem-solving. Developed open-source tools for TTRPG Games, a Federated Machine Learning model aggregation algorithm, and simulated neural signal transmission using MATLAB. Co-authored technical papers and presented findings on novel aggregation algorithms.
                        
                        
                        Create a new summary that incorporates all four summaries, following these guidelines:
                        - Be very concise but detail-driven as well, which means that you must include as many relevant details as possible with minimal fluff.
                        - Include all information, competencies, achievements, and skills, this is a wholistic summary of the candidate's qualifications.
                        - Maintain the context and flow between the four sections.
                        - When referring to the candidate, use their name: Marcos David Madrigal Albores or their title: Computer Engineer
                        Return the summarized information as a single continuous string of text, following this format strictly:
                        [S]awards_and_scholarships + volunteering_and_leadership + work_experience + projects Sections Summary: Wholistic summary of the sections' information, competencies, achievements, and key skills.
                     found
2025-09-17 14:29:42,135 INFO: [OLLAMA]sliding_window_four_sections: payload field stream with value False found
2025-09-17 14:29:42,135 INFO: [OLLAMA]sliding_window_four_sections: payload field temperature with value 0.8 found
2025-09-17 14:29:55,592 INFO: [SUCCESS][OLLAMA]sliding_window_four_sections: {'model': 'llama3:8b', 'created_at': '2025-09-17T20:29:55.5901051Z', 'response': "Here is the wholistic summary:\n\n[S]awards_and_scholarships + volunteering_and_leadership + work_experience + projects Sections Summary: As a driven Computer Engineer, Marcos David Madrigal Albores demonstrates expertise in software development lifecycle, showcased through participation in the United Nations Datathon 2023 and receipt of the University of Toronto Engineering Scholar award. He leverages leadership skills as a Committee Student Member at the Scholarship Committee at the Faculty of Engineering, University of Toronto (2020/01-2020/12), utilizing time management, analytical problem-solving, written and communication skills. Notably, Marcos' work experience as a PEY VR Technical Assistant at Medica Providencia Clinic showcases his troubleshooting skills through systematic diagnostics and repairs, improving patient-centred approach and collaborating with healthcare professionals to achieve improved satisfaction scores. As a versatile projects portfolio developer, Marcos has showcased expertise in AI integration, software development, research, and problem-solving, co-authoring technical papers and presenting findings on novel aggregation algorithms, while also developing open-source tools for TTRPG Games, a Federated Machine Learning model aggregation algorithm, and simulated neural signal transmission using MATLAB.", 'done': True, 'done_reason': 'stop', 'context': [128006, 9125, 128007, 271, 2675, 527, 264, 16063, 9986, 5620, 18328, 13, 8442, 2612, 1148, 374, 11472, 315, 499, 11, 304, 279, 4839, 3645, 5300, 13, 1472, 527, 311, 1833, 1521, 17959, 994, 9986, 5620, 682, 16063, 14491, 512, 12, 1472, 1253, 1193, 4128, 505, 279, 3984, 28887, 11, 912, 3339, 32946, 627, 12, 3234, 539, 17459, 904, 828, 477, 13073, 11, 1193, 1005, 279, 828, 3984, 627, 12, 1472, 1253, 539, 923, 904, 88977, 12518, 311, 279, 828, 430, 706, 1027, 3984, 627, 12, 578, 41891, 14491, 323, 8244, 16063, 2011, 387, 10015, 11, 64694, 323, 6721, 13, 1102, 2011, 29068, 311, 93940, 323, 1304, 279, 16063, 2559, 704, 627, 12, 5560, 4382, 311, 3619, 4221, 994, 3284, 11, 7389, 2167, 11156, 57726, 374, 1511, 13, 128009, 128006, 882, 128007, 271, 22818, 279, 2768, 16063, 3857, 70022, 512, 667, 510, 50, 60, 675, 2402, 8543, 646, 331, 7569, 18143, 11360, 22241, 25, 2876, 291, 369, 20852, 304, 279, 3723, 19687, 22362, 24893, 220, 2366, 18, 323, 22458, 315, 279, 3907, 315, 14974, 17005, 25542, 10292, 11, 67908, 19248, 304, 3241, 4500, 48608, 627, 43574, 60, 12821, 11066, 4776, 8543, 12013, 6527, 2200, 11360, 22241, 25, 86501, 660, 11692, 7512, 439, 264, 10554, 11988, 12308, 520, 279, 58984, 10554, 520, 279, 42904, 315, 17005, 11, 3907, 315, 14974, 11, 505, 220, 2366, 15, 14, 1721, 311, 220, 2366, 15, 14, 717, 11, 35988, 892, 6373, 11, 44064, 3575, 99246, 11, 5439, 323, 10758, 7512, 627, 667, 510, 50, 60, 6919, 21460, 11360, 22241, 25, 1666, 264, 22557, 56, 19718, 27766, 22103, 520, 3344, 3074, 21156, 8968, 40324, 11, 21091, 69771, 7512, 1555, 37538, 50518, 323, 31286, 11, 18899, 8893, 21911, 1171, 5603, 13, 49681, 660, 449, 18985, 15749, 311, 11322, 13241, 24617, 12483, 627, 43574, 60, 31058, 11360, 22241, 25, 362, 33045, 7224, 20136, 67908, 19248, 304, 15592, 18052, 11, 3241, 4500, 11, 3495, 11, 323, 3575, 99246, 13, 80110, 1825, 31874, 7526, 369, 350, 2434, 11637, 11871, 11, 264, 21780, 660, 13257, 21579, 1646, 52729, 12384, 11, 323, 46836, 30828, 8450, 18874, 1701, 50447, 13, 3623, 96471, 11156, 16064, 323, 10666, 14955, 389, 11775, 52729, 26249, 627, 16244, 16244, 667, 4324, 264, 502, 12399, 430, 52924, 682, 3116, 70022, 11, 2768, 1521, 17959, 512, 667, 482, 2893, 1633, 64694, 719, 7872, 32505, 439, 1664, 11, 902, 3445, 430, 499, 2011, 2997, 439, 1690, 9959, 3649, 439, 3284, 449, 17832, 1344, 1386, 627, 667, 482, 30834, 682, 2038, 11, 4634, 6072, 11, 33997, 11, 323, 7512, 11, 420, 374, 264, 421, 337, 4633, 12399, 315, 279, 9322, 596, 43784, 627, 667, 482, 87477, 279, 2317, 323, 6530, 1990, 279, 3116, 14491, 627, 667, 482, 3277, 22797, 311, 279, 9322, 11, 1005, 872, 836, 25, 66605, 6941, 9671, 14746, 278, 1708, 754, 417, 477, 872, 2316, 25, 17863, 29483, 198, 667, 3494, 279, 69729, 2038, 439, 264, 3254, 19815, 925, 315, 1495, 11, 2768, 420, 3645, 26549, 512, 667, 510, 50, 60, 675, 2402, 8543, 646, 331, 7569, 18143, 489, 70438, 8543, 12013, 6527, 2200, 489, 990, 92242, 489, 7224, 60137, 22241, 25, 1254, 337, 4633, 12399, 315, 279, 14491, 6, 2038, 11, 4634, 6072, 11, 33997, 11, 323, 1401, 7512, 627, 3909, 128009, 128006, 78191, 128007, 271, 8586, 374, 279, 421, 337, 4633, 12399, 1473, 43574, 60, 675, 2402, 8543, 646, 331, 7569, 18143, 489, 70438, 8543, 12013, 6527, 2200, 489, 990, 92242, 489, 7224, 60137, 22241, 25, 1666, 264, 16625, 17863, 29483, 11, 66605, 6941, 9671, 14746, 278, 1708, 754, 417, 32216, 19248, 304, 3241, 4500, 48608, 11, 83860, 1555, 20852, 304, 279, 3723, 19687, 22362, 24893, 220, 2366, 18, 323, 23383, 315, 279, 3907, 315, 14974, 17005, 25542, 10292, 13, 1283, 28605, 1154, 11692, 7512, 439, 264, 10554, 11988, 12308, 520, 279, 58984, 10554, 520, 279, 42904, 315, 17005, 11, 3907, 315, 14974, 320, 2366, 15, 14, 1721, 12, 2366, 15, 14, 717, 705, 35988, 892, 6373, 11, 44064, 3575, 99246, 11, 5439, 323, 10758, 7512, 13, 2876, 2915, 11, 66605, 6, 990, 3217, 439, 264, 22557, 56, 19718, 27766, 22103, 520, 3344, 3074, 21156, 8968, 40324, 71849, 813, 69771, 7512, 1555, 37538, 50518, 323, 31286, 11, 18899, 8893, 21911, 1171, 5603, 323, 73301, 449, 18985, 15749, 311, 11322, 13241, 24617, 12483, 13, 1666, 264, 33045, 7224, 20136, 16131, 11, 66605, 706, 83860, 19248, 304, 15592, 18052, 11, 3241, 4500, 11, 3495, 11, 323, 3575, 99246, 11, 1080, 43802, 287, 11156, 16064, 323, 32644, 14955, 389, 11775, 52729, 26249, 11, 1418, 1101, 11469, 1825, 31874, 7526, 369, 350, 2434, 11637, 11871, 11, 264, 21780, 660, 13257, 21579, 1646, 52729, 12384, 11, 323, 46836, 30828, 8450, 18874, 1701, 50447, 13], 'total_duration': 11433544300, 'load_duration': 55548400, 'prompt_eval_count': 538, 'prompt_eval_duration': 584541300, 'eval_count': 235, 'eval_duration': 10791662400}
2025-09-17 14:29:55,593 INFO: [TIME] sliding_window_four_sections took 29.3490 seconds
2025-09-17 14:29:55,593 INFO: [INFO][OLLAMA]ollama_call: response is a str
2025-09-17 14:29:55,593 INFO: [TIME] filter_output took 0.0000 seconds
2025-09-17 14:29:55,593 INFO: [INFO][OLLAMA]ollama_call: filtered response: [S]awards_and_scholarships + volunteering_and_leadership + work_experience + projects Sections Summary: As a driven Computer Engineer, Marcos David Madrigal Albores demonstrates expertise in software development lifecycle, showcased through participation in the United Nations Datathon 2023 and receipt of the University of Toronto Engineering Scholar award. He leverages leadership skills as a Committee Student Member at the Scholarship Committee at the Faculty of Engineering, University of Toronto (2020/01-2020/12), utilizing time management, analytical problem-solving, written and communication skills. Notably, Marcos' work experience as a PEY VR Technical Assistant at Medica Providencia Clinic showcases his troubleshooting skills through systematic diagnostics and repairs, improving patient-centred approach and collaborating with healthcare professionals to achieve improved satisfaction scores. As a versatile projects portfolio developer, Marcos has showcased expertise in AI integration, software development, research, and problem-solving, co-authoring technical papers and presenting findings on novel aggregation algorithms, while also developing open-source tools for TTRPG Games, a Federated Machine Learning model aggregation algorithm, and simulated neural signal transmission using MATLAB.
2025-09-17 14:29:55,593 INFO: [SUCCESS]Output matches expected length
2025-09-17 14:29:55,596 INFO: [SUCCESS]Output matches expected start lines
2025-09-17 14:29:55,596 INFO: [TIME] compare_start took 0.0027 seconds
2025-09-17 14:29:55,596 INFO: [SUCCESS][OLLAMA]ollama_call: Ollama call succeeded: [S]awards_and_scholarships + volunteering_and_leadership + work_experience + projects Sections Summary: As a driven Computer Engineer, Marcos David Madrigal Albores demonstrates expertise in software development lifecycle, showcased through participation in the United Nations Datathon 2023 and receipt of the University of Toronto Engineering Scholar award. He leverages leadership skills as a Committee Student Member at the Scholarship Committee at the Faculty of Engineering, University of Toronto (2020/01-2020/12), utilizing time management, analytical problem-solving, written and communication skills. Notably, Marcos' work experience as a PEY VR Technical Assistant at Medica Providencia Clinic showcases his troubleshooting skills through systematic diagnostics and repairs, improving patient-centred approach and collaborating with healthcare professionals to achieve improved satisfaction scores. As a versatile projects portfolio developer, Marcos has showcased expertise in AI integration, software development, research, and problem-solving, co-authoring technical papers and presenting findings on novel aggregation algorithms, while also developing open-source tools for TTRPG Games, a Federated Machine Learning model aggregation algorithm, and simulated neural signal transmission using MATLAB.
2025-09-17 14:29:55,596 INFO: [TIME] ollama_call took 29.3618 seconds
2025-09-17 14:29:55,598 INFO: [INFO][OLLAMA]fetch_complete_call_info: fetching complete call info for call id summarize_general_info...
2025-09-17 14:29:55,598 INFO: [INFO][OLLAMA]fetch_complete_call_info: complete call info:
2025-09-17 14:29:55,598 INFO: [INFO][OLLAMA]fetch_complete_call_info: found key call_id with value:
2025-09-17 14:29:55,598 INFO: summarize_general_info
2025-09-17 14:29:55,598 INFO: [INFO][OLLAMA]fetch_complete_call_info: found key payload_in with value:
2025-09-17 14:29:55,598 INFO: {'model': 'llama3:8b', 'system': 'You are a resume tailoring assistant. Only output what is requested of you, in the exact format specified. You are to follow these guidelines when tailoring all resume sections:\n- You may only draw from the provided descriptions, no making assumptions.\n- Do not invent any data or roles, only use the data provided.\n- You may not add any untrue statements to the data that has been provided.\n- The tailored sections and overall resume must be brief, concise and professional. It must cater to recruiters and make the resume stand out.\n- Use simple to understand language when possible, unless direct technical terminology is used.', 'stream': False, 'temperature': 0.8}
2025-09-17 14:29:55,598 INFO: [INFO][OLLAMA]fetch_complete_call_info: found key format with value:
2025-09-17 14:29:55,598 INFO: {'general_info_text': '[0]Name: Marcos David Madrigal Albores\n[0]Contact Information:\n[1]Address: 308 Brunswick Ave, Toronto, ON, Canada\n[1]Phone: +1-437-981-2994\n[1]Email: marcosdma.compeng@outlook.com\n[1]LinkedIn: linkedin.com/in/marcosdma/\n[1]Github: github.com/marneus981\n[1]Portfolio: marneus981.github.io | donkeyponius981.itch.io\n[0]Title: Computer Engineer\n[0]Languages: English, Spanish, French'}
2025-09-17 14:29:55,598 INFO: [INFO][OLLAMA]fetch_complete_call_info: found key prompt_in with value:
2025-09-17 14:29:55,598 INFO: Given the following general information from a resume:
                        {general_info_text}
                        Summarize the general information section of a resume in a wholistic manner; be very concise but detail-driven as well, which means that you must include as many relevant details as possible with minimal fluff.
                        Since this is a summary of a resume's general information, you need to include the candidate's Name, Contact Information, Title, and Languages Spoken.
                        Return the summarized general information as follows:
                        [S]General Information Summary: Brief and concise summary of the resume's general information, presented as a single continuous string of text.
                    
2025-09-17 14:29:55,598 INFO: [INFO][OLLAMA]fetch_complete_call_info: found key ollama_url with value:
2025-09-17 14:29:55,598 INFO: http://localhost:11434
2025-09-17 14:29:55,598 INFO: [INFO][OLLAMA]fetch_complete_call_info: found key sample_starts with value:
2025-09-17 14:29:55,598 INFO: ['strict', 'cap_letters', '[S]General Information Summary:']
2025-09-17 14:29:55,598 INFO: [INFO][OLLAMA]ollama_call: Try 1/3...
2025-09-17 14:29:55,607 INFO: [OLLAMA]standard_ollama_call: call_id: summarize_general_info
2025-09-17 14:29:55,607 WARNING: [WARNING][OLLAMA]standard_ollama_call: prompt_in contains placeholders
2025-09-17 14:29:55,607 INFO: [OLLAMA]standard_ollama_call: payload field model with value llama3:8b found
2025-09-17 14:29:55,607 INFO: [OLLAMA]standard_ollama_call: payload field system with value You are a resume tailoring assistant. Only output what is requested of you, in the exact format specified. You are to follow these guidelines when tailoring all resume sections:
- You may only draw from the provided descriptions, no making assumptions.
- Do not invent any data or roles, only use the data provided.
- You may not add any untrue statements to the data that has been provided.
- The tailored sections and overall resume must be brief, concise and professional. It must cater to recruiters and make the resume stand out.
- Use simple to understand language when possible, unless direct technical terminology is used. found
2025-09-17 14:29:55,607 INFO: [OLLAMA]standard_ollama_call: payload field prompt with value Given the following general information from a resume:
                        [0]Name: Marcos David Madrigal Albores
[0]Contact Information:
[1]Address: 308 Brunswick Ave, Toronto, ON, Canada
[1]Phone: +1-437-981-2994
[1]Email: marcosdma.compeng@outlook.com
[1]LinkedIn: linkedin.com/in/marcosdma/
[1]Github: github.com/marneus981
[1]Portfolio: marneus981.github.io | donkeyponius981.itch.io
[0]Title: Computer Engineer
[0]Languages: English, Spanish, French
                        Summarize the general information section of a resume in a wholistic manner; be very concise but detail-driven as well, which means that you must include as many relevant details as possible with minimal fluff.
                        Since this is a summary of a resume's general information, you need to include the candidate's Name, Contact Information, Title, and Languages Spoken.
                        Return the summarized general information as follows:
                        [S]General Information Summary: Brief and concise summary of the resume's general information, presented as a single continuous string of text.
                     found
2025-09-17 14:29:55,607 INFO: [OLLAMA]standard_ollama_call: payload field stream with value False found
2025-09-17 14:29:55,607 INFO: [OLLAMA]standard_ollama_call: payload field temperature with value 0.8 found
2025-09-17 14:30:02,345 INFO: [SUCCESS][OLLAMA]standard_ollama_call: {'model': 'llama3:8b', 'created_at': '2025-09-17T20:30:02.343458Z', 'response': '[S]General Information Summary: Marcos David Madrigal Albores is a Computer Engineer with contact details including an address at 308 Brunswick Ave, Toronto, ON, Canada; phone number +1-437-981-2994; email marcosdma.compeng@outlook.com; LinkedIn linkedin.com/in/marcosdma/; and GitHub github.com/marneus981. Proficient in English, Spanish, and French languages.', 'done': True, 'done_reason': 'stop', 'context': [128006, 9125, 128007, 271, 2675, 527, 264, 16063, 9986, 5620, 18328, 13, 8442, 2612, 1148, 374, 11472, 315, 499, 11, 304, 279, 4839, 3645, 5300, 13, 1472, 527, 311, 1833, 1521, 17959, 994, 9986, 5620, 682, 16063, 14491, 512, 12, 1472, 1253, 1193, 4128, 505, 279, 3984, 28887, 11, 912, 3339, 32946, 627, 12, 3234, 539, 17459, 904, 828, 477, 13073, 11, 1193, 1005, 279, 828, 3984, 627, 12, 1472, 1253, 539, 923, 904, 88977, 12518, 311, 279, 828, 430, 706, 1027, 3984, 627, 12, 578, 41891, 14491, 323, 8244, 16063, 2011, 387, 10015, 11, 64694, 323, 6721, 13, 1102, 2011, 29068, 311, 93940, 323, 1304, 279, 16063, 2559, 704, 627, 12, 5560, 4382, 311, 3619, 4221, 994, 3284, 11, 7389, 2167, 11156, 57726, 374, 1511, 13, 128009, 128006, 882, 128007, 271, 22818, 279, 2768, 4689, 2038, 505, 264, 16063, 512, 667, 510, 15, 60, 678, 25, 66605, 6941, 9671, 14746, 278, 1708, 754, 417, 198, 58, 15, 60, 8906, 8245, 512, 58, 16, 60, 4383, 25, 220, 14498, 61250, 21998, 11, 14974, 11, 6328, 11, 7008, 198, 58, 16, 60, 7084, 25, 489, 16, 12, 18318, 12, 25643, 12, 15531, 19, 198, 58, 16, 60, 4886, 25, 3678, 9594, 46081, 40802, 833, 31, 412, 7349, 916, 198, 58, 16, 60, 76303, 25, 10815, 258, 916, 18480, 3262, 8362, 437, 46081, 6018, 58, 16, 60, 79817, 25, 32104, 916, 3262, 277, 818, 355, 25643, 198, 58, 16, 60, 67775, 25, 3678, 818, 355, 25643, 11267, 4340, 765, 1541, 798, 621, 9334, 25643, 13, 1641, 4340, 198, 58, 15, 60, 3936, 25, 17863, 29483, 198, 58, 15, 60, 60386, 25, 6498, 11, 15506, 11, 8753, 198, 667, 8279, 5730, 553, 279, 4689, 2038, 3857, 315, 264, 16063, 304, 264, 421, 337, 4633, 11827, 26, 387, 1633, 64694, 719, 7872, 32505, 439, 1664, 11, 902, 3445, 430, 499, 2011, 2997, 439, 1690, 9959, 3649, 439, 3284, 449, 17832, 1344, 1386, 627, 667, 8876, 420, 374, 264, 12399, 315, 264, 16063, 596, 4689, 2038, 11, 499, 1205, 311, 2997, 279, 9322, 596, 4076, 11, 9359, 8245, 11, 11106, 11, 323, 56064, 3165, 1713, 627, 667, 3494, 279, 69729, 4689, 2038, 439, 11263, 512, 667, 510, 50, 60, 15777, 8245, 22241, 25, 37618, 323, 64694, 12399, 315, 279, 16063, 596, 4689, 2038, 11, 10666, 439, 264, 3254, 19815, 925, 315, 1495, 627, 3909, 128009, 128006, 78191, 128007, 271, 43574, 60, 15777, 8245, 22241, 25, 66605, 6941, 9671, 14746, 278, 1708, 754, 417, 374, 264, 17863, 29483, 449, 3729, 3649, 2737, 459, 2686, 520, 220, 14498, 61250, 21998, 11, 14974, 11, 6328, 11, 7008, 26, 4641, 1396, 489, 16, 12, 18318, 12, 25643, 12, 15531, 19, 26, 2613, 3678, 9594, 46081, 40802, 833, 31, 412, 7349, 916, 26, 33867, 10815, 258, 916, 18480, 3262, 8362, 437, 46081, 14, 26, 323, 33195, 32104, 916, 3262, 277, 818, 355, 25643, 13, 8626, 5499, 304, 6498, 11, 15506, 11, 323, 8753, 15823, 13], 'total_duration': 4694022800, 'load_duration': 54652900, 'prompt_eval_count': 395, 'prompt_eval_duration': 411223000, 'eval_count': 92, 'eval_duration': 4227540800}
2025-09-17 14:30:02,346 INFO: [TIME] standard_ollama_call took 6.7417 seconds
2025-09-17 14:30:02,346 INFO: [INFO][OLLAMA]ollama_call: response is a str
2025-09-17 14:30:02,346 INFO: [TIME] filter_output took 0.0000 seconds
2025-09-17 14:30:02,347 INFO: [INFO][OLLAMA]ollama_call: filtered response: [S]General Information Summary: Marcos David Madrigal Albores is a Computer Engineer with contact details including an address at 308 Brunswick Ave, Toronto, ON, Canada; phone number +1-437-981-2994; email marcosdma.compeng@outlook.com; LinkedIn linkedin.com/in/marcosdma/; and GitHub github.com/marneus981. Proficient in English, Spanish, and French languages.
2025-09-17 14:30:02,348 INFO: [SUCCESS]Output matches expected length
2025-09-17 14:30:02,348 INFO: [SUCCESS]Output matches expected start lines
2025-09-17 14:30:02,348 INFO: [TIME] compare_start took 0.0027 seconds
2025-09-17 14:30:02,348 INFO: [SUCCESS][OLLAMA]ollama_call: Ollama call succeeded: [S]General Information Summary: Marcos David Madrigal Albores is a Computer Engineer with contact details including an address at 308 Brunswick Ave, Toronto, ON, Canada; phone number +1-437-981-2994; email marcosdma.compeng@outlook.com; LinkedIn linkedin.com/in/marcosdma/; and GitHub github.com/marneus981. Proficient in English, Spanish, and French languages.
2025-09-17 14:30:02,348 INFO: [TIME] ollama_call took 6.7529 seconds
2025-09-17 14:30:02,352 INFO: [INFO][OLLAMA]fetch_complete_call_info: fetching complete call info for call id summarize_skills...
2025-09-17 14:30:02,354 INFO: [INFO][OLLAMA]fetch_complete_call_info: complete call info:
2025-09-17 14:30:02,354 INFO: [INFO][OLLAMA]fetch_complete_call_info: found key call_id with value:
2025-09-17 14:30:02,354 INFO: summarize_skills
2025-09-17 14:30:02,354 INFO: [INFO][OLLAMA]fetch_complete_call_info: found key payload_in with value:
2025-09-17 14:30:02,354 INFO: {'model': 'llama3:8b', 'system': 'You are a resume tailoring assistant. Only output what is requested of you, in the exact format specified. You are to follow these guidelines when tailoring all resume sections:\n- You may only draw from the provided descriptions, no making assumptions.\n- Do not invent any data or roles, only use the data provided.\n- You may not add any untrue statements to the data that has been provided.\n- The tailored sections and overall resume must be brief, concise and professional. It must cater to recruiters and make the resume stand out.\n- Use simple to understand language when possible, unless direct technical terminology is used.', 'stream': False, 'temperature': 0.8}
2025-09-17 14:30:02,354 INFO: [INFO][OLLAMA]fetch_complete_call_info: found key format with value:
2025-09-17 14:30:02,354 INFO: {'skill_section': '[0]Skills:\n[1]Programming Languages: Python, JavaScript\n[1]Technical Skills: Algorithms, Data Structures, Object-Oriented Design Principles, Machine Learning, Unit Testing\n[1]Soft Skills: Detail-Oriented, Good Written and Communication Skills, Teamwork, Time Management\n'}
2025-09-17 14:30:02,354 INFO: [INFO][OLLAMA]fetch_complete_call_info: found key prompt_in with value:
2025-09-17 14:30:02,354 INFO: Given the following skills information from a resume:
                        {skill_section}
                        Summarize the skills section of a resume in a wholistic manner; be very concise but detail-driven as well, which means that you must include as many relevant details as possible with minimal fluff.
                        Return the summarized skills information as follows:
                        [S]Skills Summary: Brief and concise wholistic summary of the resume's skills, presented as a single continuous string of text.
                    
2025-09-17 14:30:02,354 INFO: [INFO][OLLAMA]fetch_complete_call_info: found key ollama_url with value:
2025-09-17 14:30:02,354 INFO: http://localhost:11434
2025-09-17 14:30:02,354 INFO: [INFO][OLLAMA]fetch_complete_call_info: found key sample_starts with value:
2025-09-17 14:30:02,354 INFO: ['strict', 'cap_letters', '[S]Skills Summary:']
2025-09-17 14:30:02,354 INFO: [INFO][OLLAMA]ollama_call: Try 1/3...
2025-09-17 14:30:02,359 INFO: [OLLAMA]standard_ollama_call: call_id: summarize_skills
2025-09-17 14:30:02,359 WARNING: [WARNING][OLLAMA]standard_ollama_call: prompt_in contains placeholders
2025-09-17 14:30:02,359 INFO: [OLLAMA]standard_ollama_call: payload field model with value llama3:8b found
2025-09-17 14:30:02,359 INFO: [OLLAMA]standard_ollama_call: payload field system with value You are a resume tailoring assistant. Only output what is requested of you, in the exact format specified. You are to follow these guidelines when tailoring all resume sections:
- You may only draw from the provided descriptions, no making assumptions.
- Do not invent any data or roles, only use the data provided.
- You may not add any untrue statements to the data that has been provided.
- The tailored sections and overall resume must be brief, concise and professional. It must cater to recruiters and make the resume stand out.
- Use simple to understand language when possible, unless direct technical terminology is used. found
2025-09-17 14:30:02,359 INFO: [OLLAMA]standard_ollama_call: payload field prompt with value Given the following skills information from a resume:
                        [0]Skills:
[1]Programming Languages: Python, JavaScript
[1]Technical Skills: Algorithms, Data Structures, Object-Oriented Design Principles, Machine Learning, Unit Testing
[1]Soft Skills: Detail-Oriented, Good Written and Communication Skills, Teamwork, Time Management

                        Summarize the skills section of a resume in a wholistic manner; be very concise but detail-driven as well, which means that you must include as many relevant details as possible with minimal fluff.
                        Return the summarized skills information as follows:
                        [S]Skills Summary: Brief and concise wholistic summary of the resume's skills, presented as a single continuous string of text.
                     found
2025-09-17 14:30:02,359 INFO: [OLLAMA]standard_ollama_call: payload field stream with value False found
2025-09-17 14:30:02,359 INFO: [OLLAMA]standard_ollama_call: payload field temperature with value 0.8 found
2025-09-17 14:30:07,427 INFO: [SUCCESS][OLLAMA]standard_ollama_call: {'model': 'llama3:8b', 'created_at': '2025-09-17T20:30:07.4259623Z', 'response': '[S]Skills Summary: A versatile programmer proficient in Python and JavaScript, with expertise in algorithms, data structures, object-oriented design principles, machine learning, and unit testing. Possesses strong soft skills, including attention to detail, excellent written and communication abilities, teamwork, and effective time management.', 'done': True, 'done_reason': 'stop', 'context': [128006, 9125, 128007, 271, 2675, 527, 264, 16063, 9986, 5620, 18328, 13, 8442, 2612, 1148, 374, 11472, 315, 499, 11, 304, 279, 4839, 3645, 5300, 13, 1472, 527, 311, 1833, 1521, 17959, 994, 9986, 5620, 682, 16063, 14491, 512, 12, 1472, 1253, 1193, 4128, 505, 279, 3984, 28887, 11, 912, 3339, 32946, 627, 12, 3234, 539, 17459, 904, 828, 477, 13073, 11, 1193, 1005, 279, 828, 3984, 627, 12, 1472, 1253, 539, 923, 904, 88977, 12518, 311, 279, 828, 430, 706, 1027, 3984, 627, 12, 578, 41891, 14491, 323, 8244, 16063, 2011, 387, 10015, 11, 64694, 323, 6721, 13, 1102, 2011, 29068, 311, 93940, 323, 1304, 279, 16063, 2559, 704, 627, 12, 5560, 4382, 311, 3619, 4221, 994, 3284, 11, 7389, 2167, 11156, 57726, 374, 1511, 13, 128009, 128006, 882, 128007, 271, 22818, 279, 2768, 7512, 2038, 505, 264, 16063, 512, 667, 510, 15, 60, 47761, 512, 58, 16, 60, 46819, 56064, 25, 13325, 11, 13210, 198, 58, 16, 60, 63326, 31340, 25, 86859, 11, 2956, 71150, 11, 3075, 24540, 13283, 291, 7127, 58014, 11, 13257, 21579, 11, 8113, 27866, 198, 58, 16, 60, 31631, 31340, 25, 26855, 24540, 13283, 291, 11, 7839, 34991, 323, 31966, 31340, 11, 8068, 1816, 11, 4212, 9744, 271, 667, 8279, 5730, 553, 279, 7512, 3857, 315, 264, 16063, 304, 264, 421, 337, 4633, 11827, 26, 387, 1633, 64694, 719, 7872, 32505, 439, 1664, 11, 902, 3445, 430, 499, 2011, 2997, 439, 1690, 9959, 3649, 439, 3284, 449, 17832, 1344, 1386, 627, 667, 3494, 279, 69729, 7512, 2038, 439, 11263, 512, 667, 510, 50, 60, 47761, 22241, 25, 37618, 323, 64694, 421, 337, 4633, 12399, 315, 279, 16063, 596, 7512, 11, 10666, 439, 264, 3254, 19815, 925, 315, 1495, 627, 3909, 128009, 128006, 78191, 128007, 271, 43574, 60, 47761, 22241, 25, 362, 33045, 48888, 69365, 304, 13325, 323, 13210, 11, 449, 19248, 304, 26249, 11, 828, 14726, 11, 1665, 36185, 2955, 16565, 11, 5780, 6975, 11, 323, 5089, 7649, 13, 42145, 65970, 3831, 8579, 7512, 11, 2737, 6666, 311, 7872, 11, 9250, 5439, 323, 10758, 18000, 11, 84633, 11, 323, 7524, 892, 6373, 13], 'total_duration': 3015980200, 'load_duration': 54274400, 'prompt_eval_count': 292, 'prompt_eval_duration': 270907000, 'eval_count': 59, 'eval_duration': 2689782300}
2025-09-17 14:30:07,428 INFO: [TIME] standard_ollama_call took 5.0709 seconds
2025-09-17 14:30:07,428 INFO: [INFO][OLLAMA]ollama_call: response is a str
2025-09-17 14:30:07,428 INFO: [TIME] filter_output took 0.0000 seconds
2025-09-17 14:30:07,428 INFO: [INFO][OLLAMA]ollama_call: filtered response: [S]Skills Summary: A versatile programmer proficient in Python and JavaScript, with expertise in algorithms, data structures, object-oriented design principles, machine learning, and unit testing. Possesses strong soft skills, including attention to detail, excellent written and communication abilities, teamwork, and effective time management.
2025-09-17 14:30:07,428 INFO: [SUCCESS]Output matches expected length
2025-09-17 14:30:07,428 INFO: [SUCCESS]Output matches expected start lines
2025-09-17 14:30:07,428 INFO: [TIME] compare_start took 0.0025 seconds
2025-09-17 14:30:07,428 INFO: [SUCCESS][OLLAMA]ollama_call: Ollama call succeeded: [S]Skills Summary: A versatile programmer proficient in Python and JavaScript, with expertise in algorithms, data structures, object-oriented design principles, machine learning, and unit testing. Possesses strong soft skills, including attention to detail, excellent written and communication abilities, teamwork, and effective time management.
2025-09-17 14:30:07,428 INFO: [TIME] ollama_call took 5.0815 seconds
2025-09-17 14:30:07,428 INFO: [TIME] slide_summary took 96.2854 seconds
2025-09-17 14:30:07,428 INFO: [INFO][OLLAMA]ollama_call: response is a list
2025-09-17 14:30:07,428 INFO: [SUCCESS][OLLAMA]ollama_call: Ollama call succeeded: [S]General Information Summary: Marcos David Madrigal Albores is a Computer Engineer with contact details including an address at 308 Brunswick Ave, Toronto, ON, Canada; phone number +1-437-981-2994; email marcosdma.compeng@outlook.com; LinkedIn linkedin.com/in/marcosdma/; and GitHub github.com/marneus981. Proficient in English, Spanish, and French languages.
2025-09-17 14:30:07,428 INFO: [SUCCESS][OLLAMA]ollama_call: Ollama call succeeded: [S]Education + Certifications + Awards_and_Scholarships + Volunteering_and_Leadership Sections Summary:
2025-09-17 14:30:07,428 INFO: [SUCCESS][OLLAMA]ollama_call: Ollama call succeeded: [S]certifications + Awards_and_Scholarships + Volunteering_and_Leadership + Work_Experience Sections Summary: As a Computer Engineer, Marcos David Madrigal Albores showcases exceptional AI knowledge through his Minor in Artificial Intelligence from University of Toronto (2023). He has received recognition for academic achievements and contributions to the field, including participating in the United Nations Datathon 2023 and being awarded the University of Toronto Engineering Scholar. Additionally, he demonstrated time management, analytical problem-solving skills, and effective communication skills as a Committee Student Member of the Scholarship Committee at the Faculty of Engineering, University of Toronto. In his work experience, Marcos developed troubleshooting skills through systematic diagnostics and repairs as a PEY VR Technical Assistant at Medica Providencia Clinic, improving patient-centred approach and collaborating with healthcare professionals to achieve improved satisfaction scores.
2025-09-17 14:30:07,428 INFO: [SUCCESS][OLLAMA]ollama_call: Ollama call succeeded: [S]awards_and_scholarships + volunteering_and_leadership + work_experience + projects Sections Summary: As a driven Computer Engineer, Marcos David Madrigal Albores demonstrates expertise in software development lifecycle, showcased through participation in the United Nations Datathon 2023 and receipt of the University of Toronto Engineering Scholar award. He leverages leadership skills as a Committee Student Member at the Scholarship Committee at the Faculty of Engineering, University of Toronto (2020/01-2020/12), utilizing time management, analytical problem-solving, written and communication skills. Notably, Marcos' work experience as a PEY VR Technical Assistant at Medica Providencia Clinic showcases his troubleshooting skills through systematic diagnostics and repairs, improving patient-centred approach and collaborating with healthcare professionals to achieve improved satisfaction scores. As a versatile projects portfolio developer, Marcos has showcased expertise in AI integration, software development, research, and problem-solving, co-authoring technical papers and presenting findings on novel aggregation algorithms, while also developing open-source tools for TTRPG Games, a Federated Machine Learning model aggregation algorithm, and simulated neural signal transmission using MATLAB.
2025-09-17 14:30:07,428 INFO: [SUCCESS][OLLAMA]ollama_call: Ollama call succeeded: [S]Skills Summary: A versatile programmer proficient in Python and JavaScript, with expertise in algorithms, data structures, object-oriented design principles, machine learning, and unit testing. Possesses strong soft skills, including attention to detail, excellent written and communication abilities, teamwork, and effective time management.
2025-09-17 14:30:07,428 INFO: [TIME] ollama_call took 96.2936 seconds
2025-09-17 14:30:07,428 INFO: [OLLAMA]step0_tailor_summary: payload field model with value llama3:8b found
2025-09-17 14:30:07,428 INFO: [OLLAMA]step0_tailor_summary: payload field system with value You are a resume tailoring assistant. Only output what is requested of you, in the exact format specified. You are to follow these guidelines when tailoring all resume sections:
- You may only draw from the provided descriptions, no making assumptions.
- Do not invent any data or roles, only use the data provided.
- You may not add any untrue statements to the data that has been provided.
- The tailored sections and overall resume must be brief, concise and professional. It must cater to recruiters and make the resume stand out.
- Use simple to understand language when possible, unless direct technical terminology is used. found
2025-09-17 14:30:07,428 INFO: [OLLAMA]step0_tailor_summary: payload field prompt with value Given the following resume sections summarized:
                        [S]General Information Summary: Marcos David Madrigal Albores is a Computer Engineer with contact details including an address at 308 Brunswick Ave, Toronto, ON, Canada; phone number +1-437-981-2994; email marcosdma.compeng@outlook.com; LinkedIn linkedin.com/in/marcosdma/; and GitHub github.com/marneus981. Proficient in English, Spanish, and French languages.
[S]Education + Certifications + Awards_and_Scholarships + Volunteering_and_Leadership Sections Summary:
[S]certifications + Awards_and_Scholarships + Volunteering_and_Leadership + Work_Experience Sections Summary: As a Computer Engineer, Marcos David Madrigal Albores showcases exceptional AI knowledge through his Minor in Artificial Intelligence from University of Toronto (2023). He has received recognition for academic achievements and contributions to the field, including participating in the United Nations Datathon 2023 and being awarded the University of Toronto Engineering Scholar. Additionally, he demonstrated time management, analytical problem-solving skills, and effective communication skills as a Committee Student Member of the Scholarship Committee at the Faculty of Engineering, University of Toronto. In his work experience, Marcos developed troubleshooting skills through systematic diagnostics and repairs as a PEY VR Technical Assistant at Medica Providencia Clinic, improving patient-centred approach and collaborating with healthcare professionals to achieve improved satisfaction scores.
[S]awards_and_scholarships + volunteering_and_leadership + work_experience + projects Sections Summary: As a driven Computer Engineer, Marcos David Madrigal Albores demonstrates expertise in software development lifecycle, showcased through participation in the United Nations Datathon 2023 and receipt of the University of Toronto Engineering Scholar award. He leverages leadership skills as a Committee Student Member at the Scholarship Committee at the Faculty of Engineering, University of Toronto (2020/01-2020/12), utilizing time management, analytical problem-solving, written and communication skills. Notably, Marcos' work experience as a PEY VR Technical Assistant at Medica Providencia Clinic showcases his troubleshooting skills through systematic diagnostics and repairs, improving patient-centred approach and collaborating with healthcare professionals to achieve improved satisfaction scores. As a versatile projects portfolio developer, Marcos has showcased expertise in AI integration, software development, research, and problem-solving, co-authoring technical papers and presenting findings on novel aggregation algorithms, while also developing open-source tools for TTRPG Games, a Federated Machine Learning model aggregation algorithm, and simulated neural signal transmission using MATLAB.
[S]Skills Summary: A versatile programmer proficient in Python and JavaScript, with expertise in algorithms, data structures, object-oriented design principles, machine learning, and unit testing. Possesses strong soft skills, including attention to detail, excellent written and communication abilities, teamwork, and effective time management.
                        Create a wholistic summary of all of them, following these guidelines:
                        - Include the candidate's contact information, as well as their title and name.
                        - Include any certifications or qualifications.
                        - Include all education.
                        - Include all projects, work experience, and volunteering and leadership roles.
                        - Include all information, competencies, achievements, and skills, this is a wholistic summary of the candidate's qualifications.
                        - Maintain the context and flow between the sections.
                        - Be very concise but detail-driven as well, which means that you must include as many relevant details as possible with minimal fluff.
                        Return the summarized information as a single continuous string of text, following this format strictly:
                        [0]Summary: Wholistic summary of all sections.
                     found
2025-09-17 14:30:07,428 INFO: [OLLAMA]step0_tailor_summary: payload field stream with value False found
2025-09-17 14:30:07,428 INFO: [OLLAMA]step0_tailor_summary: payload field temperature with value 0.8 found
2025-09-17 14:30:24,250 INFO: [SUCCESS][OLLAMA]step0_tailor_summary: {'model': 'llama3:8b', 'created_at': '2025-09-17T20:30:24.2458138Z', 'response': 'Here is the wholistic summary:\n\n[0]Summary: Marcos David Madrigal Albores, Computer Engineer\nContact Information: marcosdma.compeng@outlook.com, +1-437-981-2994, linkedin.com/in/marcosdma/, github.com/marneus981\n\nCertifications: University of Toronto Engineering Scholar\n\nEducation:\nMinor in Artificial Intelligence, University of Toronto (2023)\n\nProjects:\nDeveloped open-source tools for TTRPG Games, a Federated Machine Learning model aggregation algorithm, and simulated neural signal transmission using MATLAB\nCo-authored technical papers and presented findings on novel aggregation algorithms\n\nWork Experience:\nPEY VR Technical Assistant at Medica Providencia Clinic: Developed troubleshooting skills through systematic diagnostics and repairs, improving patient-centred approach and collaborating with healthcare professionals to achieve improved satisfaction scores\n\nVolunteering & Leadership Roles:\nCommittee Student Member of the Scholarship Committee at the Faculty of Engineering, University of Toronto (2020/01-2020/12)\n\nSkills:\nProficient in Python and JavaScript\nExpertise in algorithms, data structures, object-oriented design principles, machine learning, and unit testing\nStrong soft skills: attention to detail, excellent written and communication abilities, teamwork, and effective time management\n\nNote: This summary maintains the context and flow between sections, while including all relevant information, competencies, achievements, and skills.', 'done': True, 'done_reason': 'stop', 'context': [128006, 9125, 128007, 271, 2675, 527, 264, 16063, 9986, 5620, 18328, 13, 8442, 2612, 1148, 374, 11472, 315, 499, 11, 304, 279, 4839, 3645, 5300, 13, 1472, 527, 311, 1833, 1521, 17959, 994, 9986, 5620, 682, 16063, 14491, 512, 12, 1472, 1253, 1193, 4128, 505, 279, 3984, 28887, 11, 912, 3339, 32946, 627, 12, 3234, 539, 17459, 904, 828, 477, 13073, 11, 1193, 1005, 279, 828, 3984, 627, 12, 1472, 1253, 539, 923, 904, 88977, 12518, 311, 279, 828, 430, 706, 1027, 3984, 627, 12, 578, 41891, 14491, 323, 8244, 16063, 2011, 387, 10015, 11, 64694, 323, 6721, 13, 1102, 2011, 29068, 311, 93940, 323, 1304, 279, 16063, 2559, 704, 627, 12, 5560, 4382, 311, 3619, 4221, 994, 3284, 11, 7389, 2167, 11156, 57726, 374, 1511, 13, 128009, 128006, 882, 128007, 271, 22818, 279, 2768, 16063, 14491, 69729, 512, 667, 510, 50, 60, 15777, 8245, 22241, 25, 66605, 6941, 9671, 14746, 278, 1708, 754, 417, 374, 264, 17863, 29483, 449, 3729, 3649, 2737, 459, 2686, 520, 220, 14498, 61250, 21998, 11, 14974, 11, 6328, 11, 7008, 26, 4641, 1396, 489, 16, 12, 18318, 12, 25643, 12, 15531, 19, 26, 2613, 3678, 9594, 46081, 40802, 833, 31, 412, 7349, 916, 26, 33867, 10815, 258, 916, 18480, 3262, 8362, 437, 46081, 14, 26, 323, 33195, 32104, 916, 3262, 277, 818, 355, 25643, 13, 8626, 5499, 304, 6498, 11, 15506, 11, 323, 8753, 15823, 627, 43574, 60, 40234, 489, 15663, 7174, 489, 23488, 8543, 1117, 331, 7569, 18143, 489, 11119, 11066, 4776, 8543, 62, 93824, 2200, 60137, 22241, 512, 43574, 60, 12525, 7174, 489, 23488, 8543, 1117, 331, 7569, 18143, 489, 11119, 11066, 4776, 8543, 62, 93824, 2200, 489, 5664, 62, 35215, 60137, 22241, 25, 1666, 264, 17863, 29483, 11, 66605, 6941, 9671, 14746, 278, 1708, 754, 417, 71849, 25363, 15592, 6677, 1555, 813, 30893, 304, 59294, 22107, 505, 3907, 315, 14974, 320, 2366, 18, 570, 1283, 706, 4036, 18324, 369, 14584, 33997, 323, 19564, 311, 279, 2115, 11, 2737, 24435, 304, 279, 3723, 19687, 22362, 24893, 220, 2366, 18, 323, 1694, 22034, 279, 3907, 315, 14974, 17005, 25542, 13, 23212, 11, 568, 21091, 892, 6373, 11, 44064, 3575, 99246, 7512, 11, 323, 7524, 10758, 7512, 439, 264, 10554, 11988, 12308, 315, 279, 58984, 10554, 520, 279, 42904, 315, 17005, 11, 3907, 315, 14974, 13, 763, 813, 990, 3217, 11, 66605, 8040, 69771, 7512, 1555, 37538, 50518, 323, 31286, 439, 264, 22557, 56, 19718, 27766, 22103, 520, 3344, 3074, 21156, 8968, 40324, 11, 18899, 8893, 21911, 1171, 5603, 323, 73301, 449, 18985, 15749, 311, 11322, 13241, 24617, 12483, 627, 43574, 60, 675, 2402, 8543, 646, 331, 7569, 18143, 489, 70438, 8543, 12013, 6527, 2200, 489, 990, 92242, 489, 7224, 60137, 22241, 25, 1666, 264, 16625, 17863, 29483, 11, 66605, 6941, 9671, 14746, 278, 1708, 754, 417, 32216, 19248, 304, 3241, 4500, 48608, 11, 83860, 1555, 20852, 304, 279, 3723, 19687, 22362, 24893, 220, 2366, 18, 323, 23383, 315, 279, 3907, 315, 14974, 17005, 25542, 10292, 13, 1283, 28605, 1154, 11692, 7512, 439, 264, 10554, 11988, 12308, 520, 279, 58984, 10554, 520, 279, 42904, 315, 17005, 11, 3907, 315, 14974, 320, 2366, 15, 14, 1721, 12, 2366, 15, 14, 717, 705, 35988, 892, 6373, 11, 44064, 3575, 99246, 11, 5439, 323, 10758, 7512, 13, 2876, 2915, 11, 66605, 6, 990, 3217, 439, 264, 22557, 56, 19718, 27766, 22103, 520, 3344, 3074, 21156, 8968, 40324, 71849, 813, 69771, 7512, 1555, 37538, 50518, 323, 31286, 11, 18899, 8893, 21911, 1171, 5603, 323, 73301, 449, 18985, 15749, 311, 11322, 13241, 24617, 12483, 13, 1666, 264, 33045, 7224, 20136, 16131, 11, 66605, 706, 83860, 19248, 304, 15592, 18052, 11, 3241, 4500, 11, 3495, 11, 323, 3575, 99246, 11, 1080, 43802, 287, 11156, 16064, 323, 32644, 14955, 389, 11775, 52729, 26249, 11, 1418, 1101, 11469, 1825, 31874, 7526, 369, 350, 2434, 11637, 11871, 11, 264, 21780, 660, 13257, 21579, 1646, 52729, 12384, 11, 323, 46836, 30828, 8450, 18874, 1701, 50447, 627, 43574, 60, 47761, 22241, 25, 362, 33045, 48888, 69365, 304, 13325, 323, 13210, 11, 449, 19248, 304, 26249, 11, 828, 14726, 11, 1665, 36185, 2955, 16565, 11, 5780, 6975, 11, 323, 5089, 7649, 13, 42145, 65970, 3831, 8579, 7512, 11, 2737, 6666, 311, 7872, 11, 9250, 5439, 323, 10758, 18000, 11, 84633, 11, 323, 7524, 892, 6373, 627, 667, 4324, 264, 421, 337, 4633, 12399, 315, 682, 315, 1124, 11, 2768, 1521, 17959, 512, 667, 482, 30834, 279, 9322, 596, 3729, 2038, 11, 439, 1664, 439, 872, 2316, 323, 836, 627, 667, 482, 30834, 904, 82571, 477, 43784, 627, 667, 482, 30834, 682, 6873, 627, 667, 482, 30834, 682, 7224, 11, 990, 3217, 11, 323, 70438, 323, 11692, 13073, 627, 667, 482, 30834, 682, 2038, 11, 4634, 6072, 11, 33997, 11, 323, 7512, 11, 420, 374, 264, 421, 337, 4633, 12399, 315, 279, 9322, 596, 43784, 627, 667, 482, 87477, 279, 2317, 323, 6530, 1990, 279, 14491, 627, 667, 482, 2893, 1633, 64694, 719, 7872, 32505, 439, 1664, 11, 902, 3445, 430, 499, 2011, 2997, 439, 1690, 9959, 3649, 439, 3284, 449, 17832, 1344, 1386, 627, 667, 3494, 279, 69729, 2038, 439, 264, 3254, 19815, 925, 315, 1495, 11, 2768, 420, 3645, 26549, 512, 667, 510, 15, 60, 19791, 25, 1254, 337, 4633, 12399, 315, 682, 14491, 627, 3909, 128009, 128006, 78191, 128007, 271, 8586, 374, 279, 421, 337, 4633, 12399, 1473, 58, 15, 60, 19791, 25, 66605, 6941, 9671, 14746, 278, 1708, 754, 417, 11, 17863, 29483, 198, 8906, 8245, 25, 3678, 9594, 46081, 40802, 833, 31, 412, 7349, 916, 11, 489, 16, 12, 18318, 12, 25643, 12, 15531, 19, 11, 10815, 258, 916, 18480, 3262, 8362, 437, 46081, 35645, 32104, 916, 3262, 277, 818, 355, 25643, 271, 38034, 7174, 25, 3907, 315, 14974, 17005, 25542, 271, 40234, 512, 58124, 304, 59294, 22107, 11, 3907, 315, 14974, 320, 2366, 18, 696, 31058, 512, 21076, 291, 1825, 31874, 7526, 369, 350, 2434, 11637, 11871, 11, 264, 21780, 660, 13257, 21579, 1646, 52729, 12384, 11, 323, 46836, 30828, 8450, 18874, 1701, 50447, 198, 7489, 96471, 11156, 16064, 323, 10666, 14955, 389, 11775, 52729, 26249, 271, 6919, 21460, 512, 1777, 56, 19718, 27766, 22103, 520, 3344, 3074, 21156, 8968, 40324, 25, 80110, 69771, 7512, 1555, 37538, 50518, 323, 31286, 11, 18899, 8893, 21911, 1171, 5603, 323, 73301, 449, 18985, 15749, 311, 11322, 13241, 24617, 12483, 271, 37461, 11066, 4776, 612, 37263, 52007, 512, 34541, 6684, 11988, 12308, 315, 279, 58984, 10554, 520, 279, 42904, 315, 17005, 11, 3907, 315, 14974, 320, 2366, 15, 14, 1721, 12, 2366, 15, 14, 717, 696, 47761, 512, 19105, 5499, 304, 13325, 323, 13210, 198, 75392, 1082, 304, 26249, 11, 828, 14726, 11, 1665, 36185, 2955, 16565, 11, 5780, 6975, 11, 323, 5089, 7649, 198, 48686, 8579, 7512, 25, 6666, 311, 7872, 11, 9250, 5439, 323, 10758, 18000, 11, 84633, 11, 323, 7524, 892, 6373, 271, 9290, 25, 1115, 12399, 33095, 279, 2317, 323, 6530, 1990, 14491, 11, 1418, 2737, 682, 9959, 2038, 11, 4634, 6072, 11, 33997, 11, 323, 7512, 13], 'total_duration': 14775886400, 'load_duration': 57357700, 'prompt_eval_count': 877, 'prompt_eval_duration': 950413200, 'eval_count': 282, 'eval_duration': 13767803800}
2025-09-17 14:30:24,251 INFO: [TIME] step0_tailor_summary took 113.1139 seconds
2025-09-17 14:30:24,251 INFO: [INFO][OLLAMA]ollama_call: response is a str
2025-09-17 14:30:24,251 INFO: [TIME] filter_output took 0.0000 seconds
2025-09-17 14:30:24,251 INFO: [INFO][OLLAMA]ollama_call: filtered response: [0]Summary: Marcos David Madrigal Albores, Computer Engineer
2025-09-17 14:30:24,251 INFO: [SUCCESS]Output matches expected length
2025-09-17 14:30:24,251 INFO: [SUCCESS]Output matches expected start lines
2025-09-17 14:30:24,251 INFO: [TIME] compare_start took 0.0019 seconds
2025-09-17 14:30:24,251 INFO: [SUCCESS][OLLAMA]ollama_call: Ollama call succeeded: [0]Summary: Marcos David Madrigal Albores, Computer Engineer
2025-09-17 14:30:24,251 INFO: [TIME] ollama_call took 113.1237 seconds
2025-09-17 14:30:24,251 INFO: [TIME] check_summaries took 126.0674 seconds
2025-09-17 14:30:24,251 INFO: Tailoring cover letter with model: llama3:8b
2025-09-17 14:30:24,251 INFO: [INFO][OLLAMA]fetch_complete_call_info: fetching complete call info for call id compose_cover_letter_dictionary...
2025-09-17 14:30:24,251 INFO: [INFO][OLLAMA]fetch_complete_call_info: complete call info:
2025-09-17 14:30:24,251 INFO: [INFO][OLLAMA]fetch_complete_call_info: found key call_id with value:
2025-09-17 14:30:24,258 INFO: compose_cover_letter_dictionary
2025-09-17 14:30:24,258 INFO: [INFO][OLLAMA]fetch_complete_call_info: found key payload_in with value:
2025-09-17 14:30:24,258 INFO: {'model': 'llama3:8b', 'system': '', 'stream': False, 'temperature': 0.8}
2025-09-17 14:30:24,258 INFO: [INFO][OLLAMA]fetch_complete_call_info: found key format with value:
2025-09-17 14:30:24,258 INFO: {'cv_text_summary': '[0]Summary: Marcos David Madrigal Albores, Computer Engineer', 'cv_text': '[0]Name: Marcos David Madrigal Albores\n[0]Contact Information:\n[1]Address: 308 Brunswick Ave, Toronto, ON, Canada\n[1]Phone: +1-437-981-2994\n[1]Email: marcosdma.compeng@outlook.com\n[1]LinkedIn: linkedin.com/in/marcosdma/\n[1]Github: github.com/marneus981\n[1]Portfolio: marneus981.github.io | donkeyponius981.itch.io\n[0]Title: Computer Engineer\n[0]Summary: As a new graduate with a strong foundation in computer science, I leverage my passion for software development and collaboration to drive innovative solutions. With experience in implementing algorithms, data structures, and object-oriented design principles through Python programming, I am eager to apply my skills in a dynamic environment like Sentry, where I can extend my knowledge and grow as a Software Engineer.\n[0]Languages: English, Spanish, French\n[0]Education:\n[1]Degree: Bachelor of Applied Science in Computer Engineering\n[1]University: University of Toronto\n[1]Location: Toronto, ON, Canada\n[1]Duration: 2018/09 - 2023/06\n[1]Courses: [1]Courses: ESC180 Introduction to Computer Programming, ESC190 Computer Algorithms and Data Structures, MAT185 Linear Algebra, MAT195 Calculus II, ECE244 Programming Fundamentals\n[0]Certifications:\n[1]Certification Name: Minor in Artificial Intelligence\n[1]Issuing Organization: University of Toronto\n[1]Issue Date: 2023/06\n[0]Awards and Scholarships:\n[1]Award Name: United Nations Datathon 2023 Participation\n[1]Issuing Organization: United Nations\n[1]Issue Date: 2023/11\n[1]Award Name: University of Toronto Engineering Scholar\n[1]Issuing Organization: University of Toronto Faculty of Applied Science and Engineering\n[1]Issue Date: 2018/09\n[0]Volunteering and Leadership:\n[1]Role: Committee Student Member\n[1]Organization: Scholarship Committee at the Faculty of Engineering, University of Toronto\n[1]Location: Toronto, ON, Canada\n[1]Duration: 2020/01 - 2020/12\n[1]Description: Utilized time management and analytical problem-solving skills as part of a multi-disciplinary committee to provide impactful decisions, relevant for software development lifecycle. Demonstrated effective written and communication skills in collaborating with peers\n[0]Work Experience:\n[1]Job Title: PEY VR Technical Assistant\n[1]Company: Medica Providencia Clinic\n[1]Location: Tuxtla Gtz, CS, Mexico\n[1]Duration: 2022/12 - 2023/03\n[1]Description: Developed troubleshooting skills through systematic diagnostics and repairs, improving patient-centred approach. Collaborated with healthcare professionals to achieve improved satisfaction scores\n[0]Projects:\n[1]Project Title: TTRPG Tools\n[1]URL: https://github.com/Marneus981/TTRPGTools\n[1]Type: Open Source Personal Project\n[1]Duration: 2023/06 - Present\n[1]Description: Developed software tools with AI integration for playing and creating TTRPG Games, implementing automated debugging and scripting for all software components. Utilized C++/Python programming languages to create a comprehensive solution\n[1]Project Title: Horizontal Federated Learning Research\n[1]URL: github.com/alexjsenn/FedScale\n[1]Type: Research | Capstone Project\n[1]Duration: 2021/09 - 2022/06\n[1]Description: Developed a Federated Machine Learning model aggregation algorithm in C++/Python, doubling network efficiency while maintaining model performance. Co-authored technical papers and presentations on novel aggregation algorithms\n[1]Project Title: Neural Signal Modelling\n[1]URL: https://github.com/Marneus981/NeuralBioelectricityProject\n[1]Type: University Project\n[1]Duration: 2020/09 - 2020/12\n[1]Description: Coalesced research into a holistic simulation of neural signal transmission and propagation using MATLAB, applying knowledge of algorithms and object-oriented design principles. Demonstrated strong analytical problem-solving skills\n[0]Skills:\n[1]Programming Languages: Python, JavaScript\n[1]Technical Skills: Algorithms, Data Structures, Object-Oriented Design Principles, Machine Learning, Unit Testing\n[1]Soft Skills: Detail-Oriented, Good Written and Communication Skills, Teamwork, Time Management', 'job_description': 'Here is the summary:\n\n**Company Name:** Sentry\n**Job Title:** Software Engineer, New Grad\n\n**Key Responsibilities:**\n\n* Develop and extend software in Python or JavaScript (or both)\n* Participate in full software development lifecycle (design, development, testing, and operating in production)\n* Communicate effectively with team members, stakeholders, and other teams\n* Act on feedback, coaching, and mentorship from manager and teammates\n\n**Required Skills:**\n\n* B.S. or higher in Computer Science (or similar degree program)\n* At least 1 previous internship or equivalent practical experience\n* Implementation skills with one or more general-purpose programming languages (e.g., Python, JavaScript, Java, etc.)\n* Good knowledge of:\n\t+ Algorithms\n\t+ Data structures\n\t+ Object-oriented design principles\n* Experience working with:\n\t+ Version control\n\t+ Unit testing\n\n**Soft Skills:**\n\n* Ability to work effectively in a team environment\n* Willingness to take feedback and improve\n* Desire to actively use the product being built (Sentry)\n* Interest in contributing to an open-source project daily', 'standard_calls': ['make_cover_letter_text'], 'non_standard_calls': []}
2025-09-17 14:30:24,258 INFO: [INFO][OLLAMA]fetch_complete_call_info: found key prompt_in with value:
2025-09-17 14:30:24,258 INFO: 
2025-09-17 14:30:24,258 INFO: [INFO][OLLAMA]fetch_complete_call_info: found key ollama_url with value:
2025-09-17 14:30:24,258 INFO: http://localhost:11434
2025-09-17 14:30:24,258 INFO: [INFO][OLLAMA]fetch_complete_call_info: found key sample_starts with value:
2025-09-17 14:30:24,260 INFO: ['flexible', 'digits', '[0]', '[1]']
2025-09-17 14:30:24,260 INFO: [INFO][OLLAMA]ollama_call: Try 1/3...
2025-09-17 14:30:24,261 INFO: [TIME] parse_cv_out took 0.0002 seconds
2025-09-17 14:30:24,261 INFO: [TIME] dict_spliter took 0.0000 seconds
2025-09-17 14:30:24,261 INFO: [TIME] read_text_file took 0.0003 seconds
2025-09-17 14:30:24,261 INFO: [INFO][OLLAMA]fetch_complete_call_info: fetching complete call info for call id make_cover_letter_text...
2025-09-17 14:30:24,261 INFO: [INFO][OLLAMA]fetch_complete_call_info: complete call info:
2025-09-17 14:30:24,261 INFO: [INFO][OLLAMA]fetch_complete_call_info: found key call_id with value:
2025-09-17 14:30:24,261 INFO: make_cover_letter_text
2025-09-17 14:30:24,261 INFO: [INFO][OLLAMA]fetch_complete_call_info: found key payload_in with value:
2025-09-17 14:30:24,261 INFO: {'model': 'llama3:8b', 'system': 'You are a resume and cover letter writing expert. Your job is to write cover letters for already-tailored resumes, given a particular job description.\nWhile writing the cover letters, you follow these guidelines:\n1. You may only draw from the provided resume, no making assumptions.\n2. You may not add any untrue statements outside of what has been provided.\n3. You must remain objective throughout.', 'stream': False, 'temperature': 0.8}
2025-09-17 14:30:24,261 INFO: [INFO][OLLAMA]fetch_complete_call_info: found key format with value:
2025-09-17 14:30:24,261 INFO: {'cv_data': '[0]Summary: Marcos David Madrigal Albores, Computer Engineer', 'job_description': 'Here is the summary:\n\n**Company Name:** Sentry\n**Job Title:** Software Engineer, New Grad\n\n**Key Responsibilities:**\n\n* Develop and extend software in Python or JavaScript (or both)\n* Participate in full software development lifecycle (design, development, testing, and operating in production)\n* Communicate effectively with team members, stakeholders, and other teams\n* Act on feedback, coaching, and mentorship from manager and teammates\n\n**Required Skills:**\n\n* B.S. or higher in Computer Science (or similar degree program)\n* At least 1 previous internship or equivalent practical experience\n* Implementation skills with one or more general-purpose programming languages (e.g., Python, JavaScript, Java, etc.)\n* Good knowledge of:\n\t+ Algorithms\n\t+ Data structures\n\t+ Object-oriented design principles\n* Experience working with:\n\t+ Version control\n\t+ Unit testing\n\n**Soft Skills:**\n\n* Ability to work effectively in a team environment\n* Willingness to take feedback and improve\n* Desire to actively use the product being built (Sentry)\n* Interest in contributing to an open-source project daily'}
2025-09-17 14:30:24,261 INFO: [INFO][OLLAMA]fetch_complete_call_info: found key prompt_in with value:
2025-09-17 14:30:24,261 INFO: Given the following wholistic summary of a resume:
                        {cv_data}
                        And the following summary of the job description it has been tailored to:
                        {job_description}
                        Write a cover letter tailored to the job description, following the guidelines below:
                        - It should highlight the most relevant skills and experiences from the resume that match the job description.
                        - It should be written in a professional tone.
                        - Do not invent information or experiences, only include what is present in the resume.
                        - Do not make use of run-on sentences.
                        - The only line breaks allowed are those that separate paragraphs, as per the format below.
                        - Only 4 paragraphs are allowed, each starting with "[1]New ParagraphX: " and then the text of the new paragraph; X starts at 0 and goes up to 3.
                        - Total word count must not exceed 400 words. This is a hard limit, so be concise and to the point.
                        - Write the cover letter as the candidate, not as an external observer.
                        Strictly follow the format:
                        [0]Cover Letter: 
                        [1]New Paragraph0: Cover Letter introduction, mentioning the job title and company, as well as the candidate's enthusiasm for the role.
                        [1]New Paragraph1: Explain why the candidate is a good fit for the role, briefly mentioning the most relevant information from the resume that matches the job description.
                        [1]New Paragraph2: Provide further information about the candidate's qualifications and how they align with the job requirements. Make use of specific examples and metrics to demonstrate impact (if applicable).
                        [1]New Paragraph3: Closing statement, thanking the employer for their time and consideration. Invite them to contact the candidate for further discussion, providing email address.
                    
2025-09-17 14:30:24,261 INFO: [INFO][OLLAMA]fetch_complete_call_info: found key ollama_url with value:
2025-09-17 14:30:24,261 INFO: http://localhost:11434
2025-09-17 14:30:24,261 INFO: [INFO][OLLAMA]fetch_complete_call_info: found key sample_starts with value:
2025-09-17 14:30:24,261 INFO: ['strict', 'digits', '[0]Cover Letter:', '[1]New Paragraph0:', '[1]New Paragraph1:', '[1]New Paragraph2:', '[1]New Paragraph3:']
2025-09-17 14:30:24,269 INFO: [INFO][OLLAMA]ollama_call: Try 1/3...
2025-09-17 14:30:24,269 INFO: [OLLAMA]standard_ollama_call: call_id: make_cover_letter_text
2025-09-17 14:30:24,269 WARNING: [WARNING][OLLAMA]standard_ollama_call: prompt_in contains placeholders
2025-09-17 14:30:24,269 INFO: [OLLAMA]standard_ollama_call: payload field model with value llama3:8b found
2025-09-17 14:30:24,269 INFO: [OLLAMA]standard_ollama_call: payload field system with value You are a resume and cover letter writing expert. Your job is to write cover letters for already-tailored resumes, given a particular job description.
While writing the cover letters, you follow these guidelines:
1. You may only draw from the provided resume, no making assumptions.
2. You may not add any untrue statements outside of what has been provided.
3. You must remain objective throughout. found
2025-09-17 14:30:24,269 INFO: [OLLAMA]standard_ollama_call: payload field prompt with value Given the following wholistic summary of a resume:
                        [0]Summary: Marcos David Madrigal Albores, Computer Engineer
                        And the following summary of the job description it has been tailored to:
                        Here is the summary:

**Company Name:** Sentry
**Job Title:** Software Engineer, New Grad

**Key Responsibilities:**

* Develop and extend software in Python or JavaScript (or both)
* Participate in full software development lifecycle (design, development, testing, and operating in production)
* Communicate effectively with team members, stakeholders, and other teams
* Act on feedback, coaching, and mentorship from manager and teammates

**Required Skills:**

* B.S. or higher in Computer Science (or similar degree program)
* At least 1 previous internship or equivalent practical experience
* Implementation skills with one or more general-purpose programming languages (e.g., Python, JavaScript, Java, etc.)
* Good knowledge of:
	+ Algorithms
	+ Data structures
	+ Object-oriented design principles
* Experience working with:
	+ Version control
	+ Unit testing

**Soft Skills:**

* Ability to work effectively in a team environment
* Willingness to take feedback and improve
* Desire to actively use the product being built (Sentry)
* Interest in contributing to an open-source project daily
                        Write a cover letter tailored to the job description, following the guidelines below:
                        - It should highlight the most relevant skills and experiences from the resume that match the job description.
                        - It should be written in a professional tone.
                        - Do not invent information or experiences, only include what is present in the resume.
                        - Do not make use of run-on sentences.
                        - The only line breaks allowed are those that separate paragraphs, as per the format below.
                        - Only 4 paragraphs are allowed, each starting with "[1]New ParagraphX: " and then the text of the new paragraph; X starts at 0 and goes up to 3.
                        - Total word count must not exceed 400 words. This is a hard limit, so be concise and to the point.
                        - Write the cover letter as the candidate, not as an external observer.
                        Strictly follow the format:
                        [0]Cover Letter: 
                        [1]New Paragraph0: Cover Letter introduction, mentioning the job title and company, as well as the candidate's enthusiasm for the role.
                        [1]New Paragraph1: Explain why the candidate is a good fit for the role, briefly mentioning the most relevant information from the resume that matches the job description.
                        [1]New Paragraph2: Provide further information about the candidate's qualifications and how they align with the job requirements. Make use of specific examples and metrics to demonstrate impact (if applicable).
                        [1]New Paragraph3: Closing statement, thanking the employer for their time and consideration. Invite them to contact the candidate for further discussion, providing email address.
                     found
2025-09-17 14:30:24,269 INFO: [OLLAMA]standard_ollama_call: payload field stream with value False found
2025-09-17 14:30:24,269 INFO: [OLLAMA]standard_ollama_call: payload field temperature with value 0.8 found
2025-09-17 14:30:39,440 INFO: [SUCCESS][OLLAMA]standard_ollama_call: {'model': 'llama3:8b', 'created_at': '2025-09-17T20:30:39.438017Z', 'response': '[0]Cover Letter:\n\n[1]New Paragraph0: I am thrilled to apply for the Software Engineer, New Grad position at Sentry. As a computer engineer with a passion for software development, I am excited about the opportunity to join your team and contribute to the success of Sentry.\n\n[1]New Paragraph1: With my background in computer science and experience working on projects involving Python and JavaScript, I believe I would be a great fit for this role. My previous internship allowed me to develop implementation skills with multiple programming languages, including Python, which aligns well with the required skillset for this position.\n\n[1]New Paragraph2: In addition to my technical skills, I possess excellent communication skills, which enables me to effectively collaborate with team members and stakeholders. As a detail-oriented individual, I am confident in my ability to participate in the full software development lifecycle and ensure high-quality results. My experience working with version control systems and unit testing also demonstrates my understanding of best practices in software engineering.\n\n[1]New Paragraph3: Thank you for considering my application. I would be delighted to discuss this opportunity further and explain in greater detail why I am an ideal candidate for this position. Please feel free to contact me at [Your Email Address].', 'done': True, 'done_reason': 'stop', 'context': [128006, 9125, 128007, 271, 2675, 527, 264, 16063, 323, 3504, 6661, 4477, 6335, 13, 4718, 2683, 374, 311, 3350, 3504, 12197, 369, 2736, 2442, 607, 3093, 66313, 11, 2728, 264, 4040, 2683, 4096, 627, 8142, 4477, 279, 3504, 12197, 11, 499, 1833, 1521, 17959, 512, 16, 13, 1472, 1253, 1193, 4128, 505, 279, 3984, 16063, 11, 912, 3339, 32946, 627, 17, 13, 1472, 1253, 539, 923, 904, 88977, 12518, 4994, 315, 1148, 706, 1027, 3984, 627, 18, 13, 1472, 2011, 7293, 16945, 6957, 13, 128009, 128006, 882, 128007, 271, 22818, 279, 2768, 421, 337, 4633, 12399, 315, 264, 16063, 512, 667, 510, 15, 60, 19791, 25, 66605, 6941, 9671, 14746, 278, 1708, 754, 417, 11, 17863, 29483, 198, 667, 1628, 279, 2768, 12399, 315, 279, 2683, 4096, 433, 706, 1027, 41891, 311, 512, 667, 5810, 374, 279, 12399, 1473, 334, 14831, 4076, 68063, 95160, 198, 334, 12524, 11106, 68063, 4476, 29483, 11, 1561, 22547, 271, 334, 1622, 74112, 25, 57277, 9, 8000, 323, 13334, 3241, 304, 13325, 477, 13210, 320, 269, 2225, 340, 9, 44581, 349, 304, 2539, 3241, 4500, 48608, 320, 25894, 11, 4500, 11, 7649, 11, 323, 10565, 304, 5788, 340, 9, 16838, 349, 13750, 449, 2128, 3697, 11, 39210, 11, 323, 1023, 7411, 198, 9, 3298, 389, 11302, 11, 24826, 11, 323, 36528, 5383, 505, 6783, 323, 32746, 271, 334, 8327, 31340, 25, 57277, 9, 426, 815, 13, 477, 5190, 304, 17863, 10170, 320, 269, 4528, 8547, 2068, 340, 9, 2468, 3325, 220, 16, 3766, 60859, 477, 13890, 15325, 3217, 198, 9, 31913, 7512, 449, 832, 477, 810, 4689, 59338, 15840, 15823, 320, 68, 1326, 2637, 13325, 11, 13210, 11, 8102, 11, 5099, 29275, 9, 7839, 6677, 315, 512, 197, 10, 86859, 198, 197, 10, 2956, 14726, 198, 197, 10, 3075, 36185, 2955, 16565, 198, 9, 21460, 3318, 449, 512, 197, 10, 6207, 2585, 198, 197, 10, 8113, 7649, 271, 334, 31631, 31340, 25, 57277, 9, 37083, 311, 990, 13750, 304, 264, 2128, 4676, 198, 9, 4946, 287, 2136, 311, 1935, 11302, 323, 7417, 198, 9, 82524, 311, 22815, 1005, 279, 2027, 1694, 5918, 320, 50, 4177, 340, 9, 25074, 304, 29820, 311, 459, 1825, 31874, 2447, 7446, 198, 667, 9842, 264, 3504, 6661, 41891, 311, 279, 2683, 4096, 11, 2768, 279, 17959, 3770, 512, 667, 482, 1102, 1288, 11415, 279, 1455, 9959, 7512, 323, 11704, 505, 279, 16063, 430, 2489, 279, 2683, 4096, 627, 667, 482, 1102, 1288, 387, 5439, 304, 264, 6721, 16630, 627, 667, 482, 3234, 539, 17459, 2038, 477, 11704, 11, 1193, 2997, 1148, 374, 3118, 304, 279, 16063, 627, 667, 482, 3234, 539, 1304, 1005, 315, 1629, 10539, 23719, 627, 667, 482, 578, 1193, 1584, 18808, 5535, 527, 1884, 430, 8821, 43743, 11, 439, 824, 279, 3645, 3770, 627, 667, 482, 8442, 220, 19, 43743, 527, 5535, 11, 1855, 6041, 449, 10768, 16, 60, 3648, 50451, 55, 25, 330, 323, 1243, 279, 1495, 315, 279, 502, 14646, 26, 1630, 8638, 520, 220, 15, 323, 5900, 709, 311, 220, 18, 627, 667, 482, 10884, 3492, 1797, 2011, 539, 12771, 220, 3443, 4339, 13, 1115, 374, 264, 2653, 4017, 11, 779, 387, 64694, 323, 311, 279, 1486, 627, 667, 482, 9842, 279, 3504, 6661, 439, 279, 9322, 11, 539, 439, 459, 9434, 22842, 627, 667, 53981, 398, 1833, 279, 3645, 512, 667, 510, 15, 60, 31996, 27757, 25, 720, 667, 510, 16, 60, 3648, 50451, 15, 25, 18230, 27757, 17219, 11, 45391, 279, 2683, 2316, 323, 2883, 11, 439, 1664, 439, 279, 9322, 596, 36232, 369, 279, 3560, 627, 667, 510, 16, 60, 3648, 50451, 16, 25, 83017, 3249, 279, 9322, 374, 264, 1695, 5052, 369, 279, 3560, 11, 27851, 45391, 279, 1455, 9959, 2038, 505, 279, 16063, 430, 9248, 279, 2683, 4096, 627, 667, 510, 16, 60, 3648, 50451, 17, 25, 40665, 4726, 2038, 922, 279, 9322, 596, 43784, 323, 1268, 814, 5398, 449, 279, 2683, 8670, 13, 7557, 1005, 315, 3230, 10507, 323, 17150, 311, 20461, 5536, 320, 333, 8581, 4390, 667, 510, 16, 60, 3648, 50451, 18, 25, 62213, 5224, 11, 94121, 279, 19683, 369, 872, 892, 323, 18361, 13, 86023, 1124, 311, 3729, 279, 9322, 369, 4726, 10430, 11, 8405, 2613, 2686, 627, 3909, 128009, 128006, 78191, 128007, 271, 58, 15, 60, 31996, 27757, 1473, 58, 16, 60, 3648, 50451, 15, 25, 358, 1097, 38564, 311, 3881, 369, 279, 4476, 29483, 11, 1561, 22547, 2361, 520, 95160, 13, 1666, 264, 6500, 24490, 449, 264, 11939, 369, 3241, 4500, 11, 358, 1097, 12304, 922, 279, 6776, 311, 5249, 701, 2128, 323, 17210, 311, 279, 2450, 315, 95160, 382, 58, 16, 60, 3648, 50451, 16, 25, 3161, 856, 4092, 304, 6500, 8198, 323, 3217, 3318, 389, 7224, 16239, 13325, 323, 13210, 11, 358, 4510, 358, 1053, 387, 264, 2294, 5052, 369, 420, 3560, 13, 3092, 3766, 60859, 5535, 757, 311, 2274, 8292, 7512, 449, 5361, 15840, 15823, 11, 2737, 13325, 11, 902, 5398, 82, 1664, 449, 279, 2631, 10151, 751, 369, 420, 2361, 382, 58, 16, 60, 3648, 50451, 17, 25, 763, 5369, 311, 856, 11156, 7512, 11, 358, 15575, 9250, 10758, 7512, 11, 902, 20682, 757, 311, 13750, 51696, 449, 2128, 3697, 323, 39210, 13, 1666, 264, 7872, 36185, 3927, 11, 358, 1097, 16913, 304, 856, 5845, 311, 16136, 304, 279, 2539, 3241, 4500, 48608, 323, 6106, 1579, 22867, 3135, 13, 3092, 3217, 3318, 449, 2373, 2585, 6067, 323, 5089, 7649, 1101, 32216, 856, 8830, 315, 1888, 12659, 304, 3241, 15009, 382, 58, 16, 60, 3648, 50451, 18, 25, 9930, 499, 369, 13126, 856, 3851, 13, 358, 1053, 387, 35072, 311, 4358, 420, 6776, 4726, 323, 10552, 304, 7191, 7872, 3249, 358, 1097, 459, 10728, 9322, 369, 420, 2361, 13, 5321, 2733, 1949, 311, 3729, 757, 520, 510, 7927, 8463, 9356, 948], 'total_duration': 13144241100, 'load_duration': 53810100, 'prompt_eval_count': 700, 'prompt_eval_duration': 932335700, 'eval_count': 253, 'eval_duration': 12156106800}
2025-09-17 14:30:39,441 INFO: [TIME] standard_ollama_call took 15.1728 seconds
2025-09-17 14:30:39,441 INFO: [INFO][OLLAMA]ollama_call: response is a str
2025-09-17 14:30:39,442 INFO: [TIME] filter_output took 0.0000 seconds
2025-09-17 14:30:39,442 INFO: [INFO][OLLAMA]ollama_call: filtered response: [0]Cover Letter:
[1]New Paragraph0: I am thrilled to apply for the Software Engineer, New Grad position at Sentry. As a computer engineer with a passion for software development, I am excited about the opportunity to join your team and contribute to the success of Sentry.
[1]New Paragraph1: With my background in computer science and experience working on projects involving Python and JavaScript, I believe I would be a great fit for this role. My previous internship allowed me to develop implementation skills with multiple programming languages, including Python, which aligns well with the required skillset for this position.
[1]New Paragraph2: In addition to my technical skills, I possess excellent communication skills, which enables me to effectively collaborate with team members and stakeholders. As a detail-oriented individual, I am confident in my ability to participate in the full software development lifecycle and ensure high-quality results. My experience working with version control systems and unit testing also demonstrates my understanding of best practices in software engineering.
[1]New Paragraph3: Thank you for considering my application. I would be delighted to discuss this opportunity further and explain in greater detail why I am an ideal candidate for this position. Please feel free to contact me at [Your Email Address].
2025-09-17 14:30:39,442 INFO: [SUCCESS]Output matches expected length
2025-09-17 14:30:39,442 INFO: [SUCCESS]Output matches expected start lines
2025-09-17 14:30:39,442 INFO: [TIME] compare_start took 0.0025 seconds
2025-09-17 14:30:39,442 INFO: [SUCCESS][OLLAMA]ollama_call: Ollama call succeeded: [0]Cover Letter:
[1]New Paragraph0: I am thrilled to apply for the Software Engineer, New Grad position at Sentry. As a computer engineer with a passion for software development, I am excited about the opportunity to join your team and contribute to the success of Sentry.
[1]New Paragraph1: With my background in computer science and experience working on projects involving Python and JavaScript, I believe I would be a great fit for this role. My previous internship allowed me to develop implementation skills with multiple programming languages, including Python, which aligns well with the required skillset for this position.
[1]New Paragraph2: In addition to my technical skills, I possess excellent communication skills, which enables me to effectively collaborate with team members and stakeholders. As a detail-oriented individual, I am confident in my ability to participate in the full software development lifecycle and ensure high-quality results. My experience working with version control systems and unit testing also demonstrates my understanding of best practices in software engineering.
[1]New Paragraph3: Thank you for considering my application. I would be delighted to discuss this opportunity further and explain in greater detail why I am an ideal candidate for this position. Please feel free to contact me at [Your Email Address].
2025-09-17 14:30:39,442 INFO: [TIME] ollama_call took 15.1834 seconds
2025-09-17 14:30:39,442 INFO: [TIME] parse_cl took 0.0003 seconds
2025-09-17 14:30:39,442 INFO: [TIME] dict_grafter took 0.0000 seconds
2025-09-17 14:30:39,447 INFO: [TIME] compose_cover_letter_dictionary took 15.1878 seconds
2025-09-17 14:30:39,447 INFO: [INFO][OLLAMA]ollama_call: response is a dict
2025-09-17 14:30:39,447 INFO: [INFO][OLLAMA]ollama_call: assuming correctness check happens in other instances of ollama_call
2025-09-17 14:30:39,447 INFO: [TIME] ollama_call took 15.1947 seconds
2025-09-17 14:30:39,447 INFO: [TIME] inv_parse_cl took 0.0001 seconds
2025-09-17 14:30:39,447 INFO: Cover letter text generated successfully.
2025-09-17 14:30:39,447 INFO: Formatting and consistency check skipped. Please use the formatting button in the UI.
2025-09-17 14:30:39,447 INFO: [PERFORMANCE] ollama_call called 16 times, total runtime: 396.2430 seconds
2025-09-17 14:30:39,452 INFO: [PERFORMANCE] check_summaries called 1 times, total runtime: 126.0674 seconds
2025-09-17 14:30:39,452 INFO: [PERFORMANCE] step0_tailor_summary called 1 times, total runtime: 113.1139 seconds
2025-09-17 14:30:39,452 INFO: [PERFORMANCE] slide_summary called 1 times, total runtime: 96.2854 seconds
2025-09-17 14:30:39,452 INFO: [PERFORMANCE] sliding_window_four_sections called 3 times, total runtime: 84.4059 seconds
2025-09-17 14:30:39,452 INFO: [PERFORMANCE] batch_summarize_sections called 6 times, total runtime: 47.1455 seconds
2025-09-17 14:30:39,452 INFO: [PERFORMANCE] standard_ollama_call called 4 times, total runtime: 39.7583 seconds
2025-09-17 14:30:39,452 INFO: [PERFORMANCE] compose_cover_letter_dictionary called 1 times, total runtime: 15.1878 seconds
2025-09-17 14:30:39,452 INFO: [PERFORMANCE] refresh_options_callback called 1 times, total runtime: 2.0748 seconds
2025-09-17 14:30:39,452 INFO: [PERFORMANCE] refresh_options called 1 times, total runtime: 2.0744 seconds
2025-09-17 14:30:39,452 INFO: [PERFORMANCE] compare_start called 13 times, total runtime: 0.0350 seconds
2025-09-17 14:30:39,452 INFO: [PERFORMANCE] load_cv_text called 1 times, total runtime: 0.0117 seconds
2025-09-17 14:30:39,452 INFO: [PERFORMANCE] list_text_files called 4 times, total runtime: 0.0012 seconds
2025-09-17 14:30:39,452 INFO: [PERFORMANCE] read_text_file called 2 times, total runtime: 0.0006 seconds
2025-09-17 14:30:39,452 INFO: [PERFORMANCE] parse_cv_out called 2 times, total runtime: 0.0006 seconds
2025-09-17 14:30:39,452 INFO: [PERFORMANCE] list_docx_files called 2 times, total runtime: 0.0004 seconds
2025-09-17 14:30:39,452 INFO: [PERFORMANCE] parse_cl called 1 times, total runtime: 0.0003 seconds
2025-09-17 14:30:39,452 INFO: [PERFORMANCE] inv_parse_cv_out called 7 times, total runtime: 0.0002 seconds
2025-09-17 14:30:39,452 INFO: [PERFORMANCE] filter_output called 13 times, total runtime: 0.0002 seconds
2025-09-17 14:30:39,452 INFO: [PERFORMANCE] inv_parse_cl called 1 times, total runtime: 0.0001 seconds
2025-09-17 14:30:39,452 INFO: [PERFORMANCE] inv_parse_cv called 4 times, total runtime: 0.0000 seconds
2025-09-17 14:30:39,452 INFO: [PERFORMANCE] dict_grafter called 1 times, total runtime: 0.0000 seconds
2025-09-17 14:30:39,452 INFO: [PERFORMANCE] dict_spliter called 2 times, total runtime: 0.0000 seconds
2025-09-17 14:30:39,452 INFO: [PERFORMANCE] Total function calls: 88, Total runtime: 922.4069 seconds
2025-09-17 14:30:39,507 INFO: [TIME] tailor_cl took 141.3221 seconds
2025-09-17 14:30:48,448 INFO: [TIME] format_checker_out took 0.0006 seconds
2025-09-17 14:30:48,449 INFO: [TIME] read_format_checker took 0.0000 seconds
2025-09-17 14:30:48,458 INFO: [TIME] read_text_file took 0.0096 seconds
2025-09-17 14:30:48,460 INFO: [INFO][OLLAMA]fetch_complete_call_info: fetching complete call info for call id consistency_checker_vs_job_desc_cl...
2025-09-17 14:30:48,460 INFO: [INFO][OLLAMA]fetch_complete_call_info: complete call info:
2025-09-17 14:30:48,461 INFO: [INFO][OLLAMA]fetch_complete_call_info: found key call_id with value:
2025-09-17 14:30:48,461 INFO: consistency_checker_vs_job_desc_cl
2025-09-17 14:30:48,461 INFO: [INFO][OLLAMA]fetch_complete_call_info: found key payload_in with value:
2025-09-17 14:30:48,461 INFO: {'model': 'llama3:8b', 'system': 'You are a resume analysis expert. While analyzing cover letter consistency with wider resume data, job descriptions or itself, you must follow these guidelines:\nYou may only draw from the provided data, no making assumptions.\nYou may not add any untrue statements outside of what has been provided.\nYou must remain objective throughout.', 'stream': False, 'temperature': 0.8}
2025-09-17 14:30:48,462 INFO: [INFO][OLLAMA]fetch_complete_call_info: found key format with value:
2025-09-17 14:30:48,462 INFO: {'cv_data': '[0]Summary: Marcos David Madrigal Albores, Computer Engineer', 'job_description': 'Here is the summary:\n\n**Company Name:** Sentry\n**Job Title:** Software Engineer, New Grad\n\n**Key Responsibilities:**\n\n* Develop and extend software in Python or JavaScript (or both)\n* Participate in full software development lifecycle (design, development, testing, and operating in production)\n* Communicate effectively with team members, stakeholders, and other teams\n* Act on feedback, coaching, and mentorship from manager and teammates\n\n**Required Skills:**\n\n* B.S. or higher in Computer Science (or similar degree program)\n* At least 1 previous internship or equivalent practical experience\n* Implementation skills with one or more general-purpose programming languages (e.g., Python, JavaScript, Java, etc.)\n* Good knowledge of:\n\t+ Algorithms\n\t+ Data structures\n\t+ Object-oriented design principles\n* Experience working with:\n\t+ Version control\n\t+ Unit testing\n\n**Soft Skills:**\n\n* Ability to work effectively in a team environment\n* Willingness to take feedback and improve\n* Desire to actively use the product being built (Sentry)\n* Interest in contributing to an open-source project daily'}
2025-09-17 14:30:48,462 INFO: [INFO][OLLAMA]fetch_complete_call_info: found key prompt_in with value:
2025-09-17 14:30:48,463 INFO: Given the following cover letter:
                        {cv_data}
                        And the job description the aforementioned resume has been tailored to:
                        {job_description}
                        Perform a consistency check on the tailored cover letter against the job description. This consistency check will check if the cover letter is consistent with the job description, meaning that all skills and experiences mentioned in the cover letter should be relevant to the job description.
                        Follow these guidelines:
                        - Be mindful not to include any line breaks in  the content of any of the sections/subsections.
                        - Be as objective as possible, and do not make any assumptions about the data.
                        - Do not create nor imagine any data that is not present in the original data.
                        The consistency check should be returned strictly in the following format (include the numbers "[0]", "[1]", do not modify the format):
                        [0]Consistency Checker Vs Job Description:
                        [1]Inconsistencies With Job Description: [Yes/No]; [List of inconsistencies found, if any; return 'None' if no inconsistencies; must be a continuous block of text, composed of sentences separated by ".", not line breaks] 
                        [1]Suggestions for Improvement: [List of suggestions for improvement, if any; return 'None' if no suggestions; must be a continuous block of text, composed of sentences separated by ".", not line breaks]
                    
2025-09-17 14:30:48,463 INFO: [INFO][OLLAMA]fetch_complete_call_info: found key ollama_url with value:
2025-09-17 14:30:48,463 INFO: http://localhost:11434
2025-09-17 14:30:48,463 INFO: [INFO][OLLAMA]fetch_complete_call_info: found key sample_starts with value:
2025-09-17 14:30:48,464 INFO: ['strict', 'digits', '[0]Consistency Checker Vs Job Description:', '[1]Inconsistencies With Job Description:', '[1]Suggestions for Improvement:']
2025-09-17 14:30:48,464 INFO: [INFO][OLLAMA]ollama_call: Try 1/3...
2025-09-17 14:30:48,465 INFO: [OLLAMA]standard_ollama_call: call_id: consistency_checker_vs_job_desc_cl
2025-09-17 14:30:48,465 WARNING: [WARNING][OLLAMA]standard_ollama_call: prompt_in contains placeholders
2025-09-17 14:30:48,466 INFO: [OLLAMA]standard_ollama_call: payload field model with value llama3:8b found
2025-09-17 14:30:48,466 INFO: [OLLAMA]standard_ollama_call: payload field system with value You are a resume analysis expert. While analyzing cover letter consistency with wider resume data, job descriptions or itself, you must follow these guidelines:
You may only draw from the provided data, no making assumptions.
You may not add any untrue statements outside of what has been provided.
You must remain objective throughout. found
2025-09-17 14:30:48,466 INFO: [OLLAMA]standard_ollama_call: payload field prompt with value Given the following cover letter:
                        [0]Summary: Marcos David Madrigal Albores, Computer Engineer
                        And the job description the aforementioned resume has been tailored to:
                        Here is the summary:

**Company Name:** Sentry
**Job Title:** Software Engineer, New Grad

**Key Responsibilities:**

* Develop and extend software in Python or JavaScript (or both)
* Participate in full software development lifecycle (design, development, testing, and operating in production)
* Communicate effectively with team members, stakeholders, and other teams
* Act on feedback, coaching, and mentorship from manager and teammates

**Required Skills:**

* B.S. or higher in Computer Science (or similar degree program)
* At least 1 previous internship or equivalent practical experience
* Implementation skills with one or more general-purpose programming languages (e.g., Python, JavaScript, Java, etc.)
* Good knowledge of:
	+ Algorithms
	+ Data structures
	+ Object-oriented design principles
* Experience working with:
	+ Version control
	+ Unit testing

**Soft Skills:**

* Ability to work effectively in a team environment
* Willingness to take feedback and improve
* Desire to actively use the product being built (Sentry)
* Interest in contributing to an open-source project daily
                        Perform a consistency check on the tailored cover letter against the job description. This consistency check will check if the cover letter is consistent with the job description, meaning that all skills and experiences mentioned in the cover letter should be relevant to the job description.
                        Follow these guidelines:
                        - Be mindful not to include any line breaks in  the content of any of the sections/subsections.
                        - Be as objective as possible, and do not make any assumptions about the data.
                        - Do not create nor imagine any data that is not present in the original data.
                        The consistency check should be returned strictly in the following format (include the numbers "[0]", "[1]", do not modify the format):
                        [0]Consistency Checker Vs Job Description:
                        [1]Inconsistencies With Job Description: [Yes/No]; [List of inconsistencies found, if any; return 'None' if no inconsistencies; must be a continuous block of text, composed of sentences separated by ".", not line breaks] 
                        [1]Suggestions for Improvement: [List of suggestions for improvement, if any; return 'None' if no suggestions; must be a continuous block of text, composed of sentences separated by ".", not line breaks]
                     found
2025-09-17 14:30:48,467 INFO: [OLLAMA]standard_ollama_call: payload field stream with value False found
2025-09-17 14:30:48,467 INFO: [OLLAMA]standard_ollama_call: payload field temperature with value 0.8 found
2025-09-17 14:30:57,737 INFO: [SUCCESS][OLLAMA]standard_ollama_call: {'model': 'llama3:8b', 'created_at': '2025-09-17T20:30:57.7355574Z', 'response': "[0]Consistency Checker Vs Job Description:\n[1]Inconsistencies With Job Description: No; This cover letter is consistent with the job description. The skills and experiences mentioned in the cover letter align with the key responsibilities, required skills, and soft skills listed in the job description.\n\nNote that there are no inconsistencies found between the cover letter and the job description. The summary correctly highlights the candidate's background as a computer engineer, which matches the education requirement in the job description. The language used to describe the candidate's skills and experiences also aligns with the required skills and key responsibilities listed in the job description.\n\n[1]Suggestions for Improvement: None", 'done': True, 'done_reason': 'stop', 'context': [128006, 9125, 128007, 271, 2675, 527, 264, 16063, 6492, 6335, 13, 6104, 42118, 3504, 6661, 29237, 449, 22622, 16063, 828, 11, 2683, 28887, 477, 5196, 11, 499, 2011, 1833, 1521, 17959, 512, 2675, 1253, 1193, 4128, 505, 279, 3984, 828, 11, 912, 3339, 32946, 627, 2675, 1253, 539, 923, 904, 88977, 12518, 4994, 315, 1148, 706, 1027, 3984, 627, 2675, 2011, 7293, 16945, 6957, 13, 128009, 128006, 882, 128007, 271, 22818, 279, 2768, 3504, 6661, 512, 667, 510, 15, 60, 19791, 25, 66605, 6941, 9671, 14746, 278, 1708, 754, 417, 11, 17863, 29483, 198, 667, 1628, 279, 2683, 4096, 279, 46752, 16063, 706, 1027, 41891, 311, 512, 667, 5810, 374, 279, 12399, 1473, 334, 14831, 4076, 68063, 95160, 198, 334, 12524, 11106, 68063, 4476, 29483, 11, 1561, 22547, 271, 334, 1622, 74112, 25, 57277, 9, 8000, 323, 13334, 3241, 304, 13325, 477, 13210, 320, 269, 2225, 340, 9, 44581, 349, 304, 2539, 3241, 4500, 48608, 320, 25894, 11, 4500, 11, 7649, 11, 323, 10565, 304, 5788, 340, 9, 16838, 349, 13750, 449, 2128, 3697, 11, 39210, 11, 323, 1023, 7411, 198, 9, 3298, 389, 11302, 11, 24826, 11, 323, 36528, 5383, 505, 6783, 323, 32746, 271, 334, 8327, 31340, 25, 57277, 9, 426, 815, 13, 477, 5190, 304, 17863, 10170, 320, 269, 4528, 8547, 2068, 340, 9, 2468, 3325, 220, 16, 3766, 60859, 477, 13890, 15325, 3217, 198, 9, 31913, 7512, 449, 832, 477, 810, 4689, 59338, 15840, 15823, 320, 68, 1326, 2637, 13325, 11, 13210, 11, 8102, 11, 5099, 29275, 9, 7839, 6677, 315, 512, 197, 10, 86859, 198, 197, 10, 2956, 14726, 198, 197, 10, 3075, 36185, 2955, 16565, 198, 9, 21460, 3318, 449, 512, 197, 10, 6207, 2585, 198, 197, 10, 8113, 7649, 271, 334, 31631, 31340, 25, 57277, 9, 37083, 311, 990, 13750, 304, 264, 2128, 4676, 198, 9, 4946, 287, 2136, 311, 1935, 11302, 323, 7417, 198, 9, 82524, 311, 22815, 1005, 279, 2027, 1694, 5918, 320, 50, 4177, 340, 9, 25074, 304, 29820, 311, 459, 1825, 31874, 2447, 7446, 198, 667, 26050, 264, 29237, 1817, 389, 279, 41891, 3504, 6661, 2403, 279, 2683, 4096, 13, 1115, 29237, 1817, 690, 1817, 422, 279, 3504, 6661, 374, 13263, 449, 279, 2683, 4096, 11, 7438, 430, 682, 7512, 323, 11704, 9932, 304, 279, 3504, 6661, 1288, 387, 9959, 311, 279, 2683, 4096, 627, 667, 11359, 1521, 17959, 512, 667, 482, 2893, 63442, 539, 311, 2997, 904, 1584, 18808, 304, 220, 279, 2262, 315, 904, 315, 279, 14491, 38985, 25686, 627, 667, 482, 2893, 439, 16945, 439, 3284, 11, 323, 656, 539, 1304, 904, 32946, 922, 279, 828, 627, 667, 482, 3234, 539, 1893, 6463, 13085, 904, 828, 430, 374, 539, 3118, 304, 279, 4113, 828, 627, 667, 578, 29237, 1817, 1288, 387, 6052, 26549, 304, 279, 2768, 3645, 320, 1012, 279, 5219, 10768, 15, 19618, 10768, 16, 19618, 656, 539, 5719, 279, 3645, 997, 667, 510, 15, 60, 15577, 48194, 81778, 44082, 12280, 7817, 512, 667, 510, 16, 60, 644, 6387, 380, 6072, 3161, 12280, 7817, 25, 510, 9642, 14, 2822, 5378, 510, 861, 315, 92922, 1766, 11, 422, 904, 26, 471, 364, 4155, 6, 422, 912, 92922, 26, 2011, 387, 264, 19815, 2565, 315, 1495, 11, 24306, 315, 23719, 19180, 555, 69614, 539, 1584, 18808, 60, 720, 667, 510, 16, 60, 99946, 369, 53751, 25, 510, 861, 315, 18726, 369, 16048, 11, 422, 904, 26, 471, 364, 4155, 6, 422, 912, 18726, 26, 2011, 387, 264, 19815, 2565, 315, 1495, 11, 24306, 315, 23719, 19180, 555, 69614, 539, 1584, 18808, 933, 3909, 128009, 128006, 78191, 128007, 271, 58, 15, 60, 15577, 48194, 81778, 44082, 12280, 7817, 512, 58, 16, 60, 644, 6387, 380, 6072, 3161, 12280, 7817, 25, 2360, 26, 1115, 3504, 6661, 374, 13263, 449, 279, 2683, 4096, 13, 578, 7512, 323, 11704, 9932, 304, 279, 3504, 6661, 5398, 449, 279, 1401, 28423, 11, 2631, 7512, 11, 323, 8579, 7512, 10212, 304, 279, 2683, 4096, 382, 9290, 430, 1070, 527, 912, 92922, 1766, 1990, 279, 3504, 6661, 323, 279, 2683, 4096, 13, 578, 12399, 12722, 22020, 279, 9322, 596, 4092, 439, 264, 6500, 24490, 11, 902, 9248, 279, 6873, 16686, 304, 279, 2683, 4096, 13, 578, 4221, 1511, 311, 7664, 279, 9322, 596, 7512, 323, 11704, 1101, 5398, 82, 449, 279, 2631, 7512, 323, 1401, 28423, 10212, 304, 279, 2683, 4096, 382, 58, 16, 60, 99946, 369, 53751, 25, 2290], 'total_duration': 7236485500, 'load_duration': 60771900, 'prompt_eval_count': 592, 'prompt_eval_duration': 774664000, 'eval_count': 135, 'eval_duration': 6399900200}
2025-09-17 14:30:57,738 INFO: [TIME] standard_ollama_call took 9.2738 seconds
2025-09-17 14:30:57,738 INFO: [INFO][OLLAMA]ollama_call: response is a str
2025-09-17 14:30:57,739 INFO: [TIME] filter_output took 0.0000 seconds
2025-09-17 14:30:57,739 INFO: [INFO][OLLAMA]ollama_call: filtered response: [0]Consistency Checker Vs Job Description:
[1]Inconsistencies With Job Description: No; This cover letter is consistent with the job description. The skills and experiences mentioned in the cover letter align with the key responsibilities, required skills, and soft skills listed in the job description.
[1]Suggestions for Improvement: None
2025-09-17 14:30:57,741 INFO: [SUCCESS]Output matches expected length
2025-09-17 14:30:57,741 INFO: [SUCCESS]Output matches expected start lines
2025-09-17 14:30:57,741 INFO: [TIME] compare_start took 0.0018 seconds
2025-09-17 14:30:57,741 INFO: [SUCCESS][OLLAMA]ollama_call: Ollama call succeeded: [0]Consistency Checker Vs Job Description:
[1]Inconsistencies With Job Description: No; This cover letter is consistent with the job description. The skills and experiences mentioned in the cover letter align with the key responsibilities, required skills, and soft skills listed in the job description.
[1]Suggestions for Improvement: None
2025-09-17 14:30:57,741 INFO: [TIME] ollama_call took 9.2829 seconds
2025-09-17 14:30:57,742 INFO: [0]Consistency Checker Vs Job Description:
[1]Inconsistencies With Job Description: No; This cover letter is consistent with the job description. The skills and experiences mentioned in the cover letter align with the key responsibilities, required skills, and soft skills listed in the job description.
[1]Suggestions for Improvement: None
2025-09-17 14:30:57,742 INFO: [TIME] filter_output took 0.0000 seconds
2025-09-17 14:30:57,742 INFO: [0]Consistency Checker Vs Job Description:
[1]Inconsistencies With Job Description: No; This cover letter is consistent with the job description. The skills and experiences mentioned in the cover letter align with the key responsibilities, required skills, and soft skills listed in the job description.
[1]Suggestions for Improvement: None
2025-09-17 14:30:57,744 INFO: [INFO][OLLAMA]fetch_complete_call_info: fetching complete call info for call id consistency_checker_vs_cv_cl...
2025-09-17 14:30:57,744 INFO: [INFO][OLLAMA]fetch_complete_call_info: complete call info:
2025-09-17 14:30:57,744 INFO: [INFO][OLLAMA]fetch_complete_call_info: found key call_id with value:
2025-09-17 14:30:57,745 INFO: consistency_checker_vs_cv_cl
2025-09-17 14:30:57,745 INFO: [INFO][OLLAMA]fetch_complete_call_info: found key payload_in with value:
2025-09-17 14:30:57,745 INFO: {'model': 'llama3:8b', 'system': 'You are a resume analysis expert. While analyzing cover letter consistency with wider resume data, job descriptions or itself, you must follow these guidelines:\nYou may only draw from the provided data, no making assumptions.\nYou may not add any untrue statements outside of what has been provided.\nYou must remain objective throughout.', 'stream': False, 'temperature': 0.8}
2025-09-17 14:30:57,745 INFO: [INFO][OLLAMA]fetch_complete_call_info: found key format with value:
2025-09-17 14:30:57,746 INFO: {'cv_data': '[0]Name: Marcos David Madrigal Albores\n[0]Title: Computer Engineer\n[0]Languages: English, Spanish, French\n[0]Contact Information:\n[1]Address: 308 Brunswick Ave, Toronto, ON, Canada\n[1]Phone: +1-437-981-2994\n[1]Email: marcosdma.compeng@outlook.com\n[1]Linkedin: linkedin.com/in/marcosdma/\n[1]Github: github.com/marneus981\n[1]Portfolio: marneus981.github.io | donkeyponius981.itch.io\n[0]Cover Letter:\n[1]New Paragraph0: I am thrilled to apply for the Software Engineer, New Grad position at Sentry. As a computer engineer with a passion for software development, I am excited about the opportunity to join your team and contribute to the success of Sentry.\n[1]New Paragraph1: With my background in computer science and experience working on projects involving Python and JavaScript, I believe I would be a great fit for this role. My previous internship allowed me to develop implementation skills with multiple programming languages, including Python, which aligns well with the required skillset for this position.\n[1]New Paragraph2: In addition to my technical skills, I possess excellent communication skills, which enables me to effectively collaborate with team members and stakeholders. As a detail-oriented individual, I am confident in my ability to participate in the full software development lifecycle and ensure high-quality results. My experience working with version control systems and unit testing also demonstrates my understanding of best practices in software engineering.\n[1]New Paragraph3: Thank you for considering my application. I would be delighted to discuss this opportunity further and explain in greater detail why I am an ideal candidate for this position. Please feel free to contact me at [Your Email Address].', 'cv_data_orig': '[0]Summary: Marcos David Madrigal Albores, Computer Engineer'}
2025-09-17 14:30:57,746 INFO: [INFO][OLLAMA]fetch_complete_call_info: found key prompt_in with value:
2025-09-17 14:30:57,746 INFO: Given the following cover letter:
                        {cv_data}
                        And the wholistic summary of the resume meant to accompany it on a job application:
                        {cv_data_orig}
                        Perform a consistency check on the tailored cover letter against the resume. This consistency check should include:
                        - Whether the cover letter is consistent with the resume, meaning that all skills and experiences mentioned in the cover letter should be present in the resume.
                        - Whether the cover letter is consistent with itself, meaning that there should be no contradictions or inconsistencies in the information provided.
                        The report should follow these guidelines:
                        - Be mindful not to include any line breaks in  the content of any of the sections/subsections.
                        - Be as objective as possible, and if you must make assumptions, make very conservative assumptions
                        - Do not create nor imagine any data that is not present in the original data.
                        The consistency check should be returned strictly in the following format (include the numbers "[0]", "[1]", do not modify the format):
                        [0]Consistency Checker Vs Resume:
                        [1]Inconsistencies With Resume: [Yes/No]; [List of inconsistencies found, if any; return 'None' if no inconsistencies; must be a continuous block of text, composed of sentences separated by ".", not line breaks]
                        [1]Inconsistencies With Self:  [Yes/No]; [List of inconsistencies found, if any; return 'None' if no inconsistencies; must be a continuous block of text, composed of sentences separated by ".", not line breaks]
                        [1]Suggestions for Improvement: [List of suggestions for improvement, if any; return 'None' if no suggestions; must be a continuous block of text, composed of sentences separated by ".", not line breaks]
                    
2025-09-17 14:30:57,747 INFO: [INFO][OLLAMA]fetch_complete_call_info: found key ollama_url with value:
2025-09-17 14:30:57,747 INFO: http://localhost:11434
2025-09-17 14:30:57,747 INFO: [INFO][OLLAMA]fetch_complete_call_info: found key sample_starts with value:
2025-09-17 14:30:57,747 INFO: ['strict', 'digits', '[0]Consistency Checker Vs Resume:', '[1]Inconsistencies With Resume:', '[1]Inconsistencies With Self:', '[1]Suggestions for Improvement:']
2025-09-17 14:30:57,747 INFO: [INFO][OLLAMA]ollama_call: Try 1/3...
2025-09-17 14:30:57,749 INFO: [OLLAMA]standard_ollama_call: call_id: consistency_checker_vs_cv_cl
2025-09-17 14:30:57,749 WARNING: [WARNING][OLLAMA]standard_ollama_call: prompt_in contains placeholders
2025-09-17 14:30:57,749 INFO: [OLLAMA]standard_ollama_call: payload field model with value llama3:8b found
2025-09-17 14:30:57,749 INFO: [OLLAMA]standard_ollama_call: payload field system with value You are a resume analysis expert. While analyzing cover letter consistency with wider resume data, job descriptions or itself, you must follow these guidelines:
You may only draw from the provided data, no making assumptions.
You may not add any untrue statements outside of what has been provided.
You must remain objective throughout. found
2025-09-17 14:30:57,749 INFO: [OLLAMA]standard_ollama_call: payload field prompt with value Given the following cover letter:
                        [0]Name: Marcos David Madrigal Albores
[0]Title: Computer Engineer
[0]Languages: English, Spanish, French
[0]Contact Information:
[1]Address: 308 Brunswick Ave, Toronto, ON, Canada
[1]Phone: +1-437-981-2994
[1]Email: marcosdma.compeng@outlook.com
[1]Linkedin: linkedin.com/in/marcosdma/
[1]Github: github.com/marneus981
[1]Portfolio: marneus981.github.io | donkeyponius981.itch.io
[0]Cover Letter:
[1]New Paragraph0: I am thrilled to apply for the Software Engineer, New Grad position at Sentry. As a computer engineer with a passion for software development, I am excited about the opportunity to join your team and contribute to the success of Sentry.
[1]New Paragraph1: With my background in computer science and experience working on projects involving Python and JavaScript, I believe I would be a great fit for this role. My previous internship allowed me to develop implementation skills with multiple programming languages, including Python, which aligns well with the required skillset for this position.
[1]New Paragraph2: In addition to my technical skills, I possess excellent communication skills, which enables me to effectively collaborate with team members and stakeholders. As a detail-oriented individual, I am confident in my ability to participate in the full software development lifecycle and ensure high-quality results. My experience working with version control systems and unit testing also demonstrates my understanding of best practices in software engineering.
[1]New Paragraph3: Thank you for considering my application. I would be delighted to discuss this opportunity further and explain in greater detail why I am an ideal candidate for this position. Please feel free to contact me at [Your Email Address].
                        And the wholistic summary of the resume meant to accompany it on a job application:
                        [0]Summary: Marcos David Madrigal Albores, Computer Engineer
                        Perform a consistency check on the tailored cover letter against the resume. This consistency check should include:
                        - Whether the cover letter is consistent with the resume, meaning that all skills and experiences mentioned in the cover letter should be present in the resume.
                        - Whether the cover letter is consistent with itself, meaning that there should be no contradictions or inconsistencies in the information provided.
                        The report should follow these guidelines:
                        - Be mindful not to include any line breaks in  the content of any of the sections/subsections.
                        - Be as objective as possible, and if you must make assumptions, make very conservative assumptions
                        - Do not create nor imagine any data that is not present in the original data.
                        The consistency check should be returned strictly in the following format (include the numbers "[0]", "[1]", do not modify the format):
                        [0]Consistency Checker Vs Resume:
                        [1]Inconsistencies With Resume: [Yes/No]; [List of inconsistencies found, if any; return 'None' if no inconsistencies; must be a continuous block of text, composed of sentences separated by ".", not line breaks]
                        [1]Inconsistencies With Self:  [Yes/No]; [List of inconsistencies found, if any; return 'None' if no inconsistencies; must be a continuous block of text, composed of sentences separated by ".", not line breaks]
                        [1]Suggestions for Improvement: [List of suggestions for improvement, if any; return 'None' if no suggestions; must be a continuous block of text, composed of sentences separated by ".", not line breaks]
                     found
2025-09-17 14:30:57,750 INFO: [OLLAMA]standard_ollama_call: payload field stream with value False found
2025-09-17 14:30:57,750 INFO: [OLLAMA]standard_ollama_call: payload field temperature with value 0.8 found
2025-09-17 14:31:06,163 INFO: [SUCCESS][OLLAMA]standard_ollama_call: {'model': 'llama3:8b', 'created_at': '2025-09-17T20:31:06.1607907Z', 'response': '[0]Consistency Checker Vs Resume:\n\n[1]Inconsistencies With Resume: No; The cover letter mentions Python and JavaScript as programming languages with experience working on projects, which is consistent with the summary section stating "Computer Engineer" as a professional title.\n\n[1]Inconsistencies With Self: None; There are no contradictions or inconsistencies in the information provided within the cover letter itself.\n\n[1]Suggestions for Improvement: None; The cover letter and resume seem to be well-aligned, providing relevant skills and experiences that align with the job description.', 'done': True, 'done_reason': 'stop', 'context': [128006, 9125, 128007, 271, 2675, 527, 264, 16063, 6492, 6335, 13, 6104, 42118, 3504, 6661, 29237, 449, 22622, 16063, 828, 11, 2683, 28887, 477, 5196, 11, 499, 2011, 1833, 1521, 17959, 512, 2675, 1253, 1193, 4128, 505, 279, 3984, 828, 11, 912, 3339, 32946, 627, 2675, 1253, 539, 923, 904, 88977, 12518, 4994, 315, 1148, 706, 1027, 3984, 627, 2675, 2011, 7293, 16945, 6957, 13, 128009, 128006, 882, 128007, 271, 22818, 279, 2768, 3504, 6661, 512, 667, 510, 15, 60, 678, 25, 66605, 6941, 9671, 14746, 278, 1708, 754, 417, 198, 58, 15, 60, 3936, 25, 17863, 29483, 198, 58, 15, 60, 60386, 25, 6498, 11, 15506, 11, 8753, 198, 58, 15, 60, 8906, 8245, 512, 58, 16, 60, 4383, 25, 220, 14498, 61250, 21998, 11, 14974, 11, 6328, 11, 7008, 198, 58, 16, 60, 7084, 25, 489, 16, 12, 18318, 12, 25643, 12, 15531, 19, 198, 58, 16, 60, 4886, 25, 3678, 9594, 46081, 40802, 833, 31, 412, 7349, 916, 198, 58, 16, 60, 22845, 258, 25, 10815, 258, 916, 18480, 3262, 8362, 437, 46081, 6018, 58, 16, 60, 79817, 25, 32104, 916, 3262, 277, 818, 355, 25643, 198, 58, 16, 60, 67775, 25, 3678, 818, 355, 25643, 11267, 4340, 765, 1541, 798, 621, 9334, 25643, 13, 1641, 4340, 198, 58, 15, 60, 31996, 27757, 512, 58, 16, 60, 3648, 50451, 15, 25, 358, 1097, 38564, 311, 3881, 369, 279, 4476, 29483, 11, 1561, 22547, 2361, 520, 95160, 13, 1666, 264, 6500, 24490, 449, 264, 11939, 369, 3241, 4500, 11, 358, 1097, 12304, 922, 279, 6776, 311, 5249, 701, 2128, 323, 17210, 311, 279, 2450, 315, 95160, 627, 58, 16, 60, 3648, 50451, 16, 25, 3161, 856, 4092, 304, 6500, 8198, 323, 3217, 3318, 389, 7224, 16239, 13325, 323, 13210, 11, 358, 4510, 358, 1053, 387, 264, 2294, 5052, 369, 420, 3560, 13, 3092, 3766, 60859, 5535, 757, 311, 2274, 8292, 7512, 449, 5361, 15840, 15823, 11, 2737, 13325, 11, 902, 5398, 82, 1664, 449, 279, 2631, 10151, 751, 369, 420, 2361, 627, 58, 16, 60, 3648, 50451, 17, 25, 763, 5369, 311, 856, 11156, 7512, 11, 358, 15575, 9250, 10758, 7512, 11, 902, 20682, 757, 311, 13750, 51696, 449, 2128, 3697, 323, 39210, 13, 1666, 264, 7872, 36185, 3927, 11, 358, 1097, 16913, 304, 856, 5845, 311, 16136, 304, 279, 2539, 3241, 4500, 48608, 323, 6106, 1579, 22867, 3135, 13, 3092, 3217, 3318, 449, 2373, 2585, 6067, 323, 5089, 7649, 1101, 32216, 856, 8830, 315, 1888, 12659, 304, 3241, 15009, 627, 58, 16, 60, 3648, 50451, 18, 25, 9930, 499, 369, 13126, 856, 3851, 13, 358, 1053, 387, 35072, 311, 4358, 420, 6776, 4726, 323, 10552, 304, 7191, 7872, 3249, 358, 1097, 459, 10728, 9322, 369, 420, 2361, 13, 5321, 2733, 1949, 311, 3729, 757, 520, 510, 7927, 8463, 9356, 27218, 667, 1628, 279, 421, 337, 4633, 12399, 315, 279, 16063, 8967, 311, 19780, 433, 389, 264, 2683, 3851, 512, 667, 510, 15, 60, 19791, 25, 66605, 6941, 9671, 14746, 278, 1708, 754, 417, 11, 17863, 29483, 198, 667, 26050, 264, 29237, 1817, 389, 279, 41891, 3504, 6661, 2403, 279, 16063, 13, 1115, 29237, 1817, 1288, 2997, 512, 667, 482, 13440, 279, 3504, 6661, 374, 13263, 449, 279, 16063, 11, 7438, 430, 682, 7512, 323, 11704, 9932, 304, 279, 3504, 6661, 1288, 387, 3118, 304, 279, 16063, 627, 667, 482, 13440, 279, 3504, 6661, 374, 13263, 449, 5196, 11, 7438, 430, 1070, 1288, 387, 912, 81523, 477, 92922, 304, 279, 2038, 3984, 627, 667, 578, 1934, 1288, 1833, 1521, 17959, 512, 667, 482, 2893, 63442, 539, 311, 2997, 904, 1584, 18808, 304, 220, 279, 2262, 315, 904, 315, 279, 14491, 38985, 25686, 627, 667, 482, 2893, 439, 16945, 439, 3284, 11, 323, 422, 499, 2011, 1304, 32946, 11, 1304, 1633, 15692, 32946, 198, 667, 482, 3234, 539, 1893, 6463, 13085, 904, 828, 430, 374, 539, 3118, 304, 279, 4113, 828, 627, 667, 578, 29237, 1817, 1288, 387, 6052, 26549, 304, 279, 2768, 3645, 320, 1012, 279, 5219, 10768, 15, 19618, 10768, 16, 19618, 656, 539, 5719, 279, 3645, 997, 667, 510, 15, 60, 15577, 48194, 81778, 44082, 34498, 512, 667, 510, 16, 60, 644, 6387, 380, 6072, 3161, 34498, 25, 510, 9642, 14, 2822, 5378, 510, 861, 315, 92922, 1766, 11, 422, 904, 26, 471, 364, 4155, 6, 422, 912, 92922, 26, 2011, 387, 264, 19815, 2565, 315, 1495, 11, 24306, 315, 23719, 19180, 555, 69614, 539, 1584, 18808, 933, 667, 510, 16, 60, 644, 6387, 380, 6072, 3161, 10323, 25, 220, 510, 9642, 14, 2822, 5378, 510, 861, 315, 92922, 1766, 11, 422, 904, 26, 471, 364, 4155, 6, 422, 912, 92922, 26, 2011, 387, 264, 19815, 2565, 315, 1495, 11, 24306, 315, 23719, 19180, 555, 69614, 539, 1584, 18808, 933, 667, 510, 16, 60, 99946, 369, 53751, 25, 510, 861, 315, 18726, 369, 16048, 11, 422, 904, 26, 471, 364, 4155, 6, 422, 912, 18726, 26, 2011, 387, 264, 19815, 2565, 315, 1495, 11, 24306, 315, 23719, 19180, 555, 69614, 539, 1584, 18808, 933, 3909, 128009, 128006, 78191, 128007, 271, 58, 15, 60, 15577, 48194, 81778, 44082, 34498, 1473, 58, 16, 60, 644, 6387, 380, 6072, 3161, 34498, 25, 2360, 26, 578, 3504, 6661, 34945, 13325, 323, 13210, 439, 15840, 15823, 449, 3217, 3318, 389, 7224, 11, 902, 374, 13263, 449, 279, 12399, 3857, 28898, 330, 38432, 29483, 1, 439, 264, 6721, 2316, 382, 58, 16, 60, 644, 6387, 380, 6072, 3161, 10323, 25, 2290, 26, 2684, 527, 912, 81523, 477, 92922, 304, 279, 2038, 3984, 2949, 279, 3504, 6661, 5196, 382, 58, 16, 60, 99946, 369, 53751, 25, 2290, 26, 578, 3504, 6661, 323, 16063, 2873, 311, 387, 1664, 98551, 11, 8405, 9959, 7512, 323, 11704, 430, 5398, 449, 279, 2683, 4096, 13], 'total_duration': 6369646600, 'load_duration': 55428900, 'prompt_eval_count': 835, 'prompt_eval_duration': 980532500, 'eval_count': 115, 'eval_duration': 5333175600}
2025-09-17 14:31:06,164 INFO: [TIME] standard_ollama_call took 8.4160 seconds
2025-09-17 14:31:06,164 INFO: [INFO][OLLAMA]ollama_call: response is a str
2025-09-17 14:31:06,165 INFO: [TIME] filter_output took 0.0000 seconds
2025-09-17 14:31:06,165 INFO: [INFO][OLLAMA]ollama_call: filtered response: [0]Consistency Checker Vs Resume:
[1]Inconsistencies With Resume: No; The cover letter mentions Python and JavaScript as programming languages with experience working on projects, which is consistent with the summary section stating "Computer Engineer" as a professional title.
[1]Inconsistencies With Self: None; There are no contradictions or inconsistencies in the information provided within the cover letter itself.
[1]Suggestions for Improvement: None; The cover letter and resume seem to be well-aligned, providing relevant skills and experiences that align with the job description.
2025-09-17 14:31:06,166 INFO: [SUCCESS]Output matches expected length
2025-09-17 14:31:06,167 INFO: [SUCCESS]Output matches expected start lines
2025-09-17 14:31:06,167 INFO: [TIME] compare_start took 0.0019 seconds
2025-09-17 14:31:06,167 INFO: [SUCCESS][OLLAMA]ollama_call: Ollama call succeeded: [0]Consistency Checker Vs Resume:
[1]Inconsistencies With Resume: No; The cover letter mentions Python and JavaScript as programming languages with experience working on projects, which is consistent with the summary section stating "Computer Engineer" as a professional title.
[1]Inconsistencies With Self: None; There are no contradictions or inconsistencies in the information provided within the cover letter itself.
[1]Suggestions for Improvement: None; The cover letter and resume seem to be well-aligned, providing relevant skills and experiences that align with the job description.
2025-09-17 14:31:06,167 INFO: [TIME] ollama_call took 8.4250 seconds
2025-09-17 14:31:06,168 INFO: [0]Consistency Checker Vs Resume:
[1]Inconsistencies With Resume: No; The cover letter mentions Python and JavaScript as programming languages with experience working on projects, which is consistent with the summary section stating "Computer Engineer" as a professional title.
[1]Inconsistencies With Self: None; There are no contradictions or inconsistencies in the information provided within the cover letter itself.
[1]Suggestions for Improvement: None; The cover letter and resume seem to be well-aligned, providing relevant skills and experiences that align with the job description.
2025-09-17 14:31:06,168 INFO: [TIME] filter_output took 0.0000 seconds
2025-09-17 14:31:06,168 INFO: [0]Consistency Checker Vs Resume:
[1]Inconsistencies With Resume: No; The cover letter mentions Python and JavaScript as programming languages with experience working on projects, which is consistent with the summary section stating "Computer Engineer" as a professional title.
[1]Inconsistencies With Self: None; There are no contradictions or inconsistencies in the information provided within the cover letter itself.
[1]Suggestions for Improvement: None; The cover letter and resume seem to be well-aligned, providing relevant skills and experiences that align with the job description.
2025-09-17 14:31:06,168 INFO: [TIME] filter_output took 0.0000 seconds
2025-09-17 14:31:06,168 INFO: [TIME] filter_output took 0.0000 seconds
2025-09-17 14:31:06,172 INFO: [TIME] format_check_current_cl_text took 17.7245 seconds
