2025-09-11 13:54:06,626 INFO: Waiting for Ollama to be ready...
2025-09-11 13:54:08,661 INFO: Ollama is running.
2025-09-11 13:54:08,752 INFO: Refreshing options...
2025-09-11 13:54:10,829 INFO: [TIME] list_text_files took 0.0005 seconds
2025-09-11 13:54:10,829 INFO: [TIME] list_text_files took 0.0003 seconds
2025-09-11 13:54:10,829 INFO: [TIME] list_docx_files took 0.0001 seconds
2025-09-11 13:54:10,829 INFO: [TIME] list_text_files took 0.0001 seconds
2025-09-11 13:54:10,829 INFO: [TIME] list_text_files took 0.0001 seconds
2025-09-11 13:54:10,829 INFO: [TIME] list_docx_files took 0.0002 seconds
2025-09-11 13:54:10,829 INFO: Options refreshed:
2025-09-11 13:54:10,829 INFO: Models: ['qwen2:latest', 'mistral:latest', 'llama3:instruct', 'llama3.1:8b-instruct-q3_K_S', 'llama3.1:8b-instruct-q2_K', 'llama3:8b-instruct-q3_K_S', 'llama3:8b-instruct-q2_K', 'llama3.2:latest', 'llama3.1:latest', 'deepseek-r1:8b', 'llama3:8b']
2025-09-11 13:54:10,829 INFO: Systems: ['system1.txt', 'system_consistency.txt', 'system_consistency_cl.txt', 'system_cover_letter.txt']
2025-09-11 13:54:10,829 INFO: CVs: ['a_mycv.txt', 'cv.txt', 'cv_url.txt']
2025-09-11 13:54:10,829 INFO: CV Templates: ['cv_template_url.docx']
2025-09-11 13:54:10,829 INFO: CL Templates: ['cl_template.docx']
2025-09-11 13:54:10,829 INFO: Previously Saved CV Outputs: ['robust_trial_3_0.txt']
2025-09-11 13:54:10,829 INFO: Previously Saved CL Outputs: []
2025-09-11 13:54:10,829 INFO: [TIME] refresh_options took 2.0806 seconds
2025-09-11 13:54:10,829 INFO: [TIME] refresh_options_callback took 2.0810 seconds
2025-09-11 13:54:13,643 INFO: CV loaded from C:\CodeProjects\Sisyphus\Sisyphus\saved_outputs\robust_trial_3_0.txt
2025-09-11 13:54:13,643 INFO: [TIME] load_cv_text took 0.0013 seconds
2025-09-11 13:54:24,751 INFO: Summary of job description is empty. Generating summary...
2025-09-11 13:54:24,751 INFO: [TIME] read_text_file took 0.0007 seconds
2025-09-11 13:54:24,877 INFO: [INFO][OLLAMA]fetch_complete_call_info: fetching complete call info for call id summarize_job_description...
2025-09-11 13:54:24,877 INFO: [INFO][OLLAMA]fetch_complete_call_info: complete call info:
2025-09-11 13:54:24,877 INFO: [INFO][OLLAMA]fetch_complete_call_info: found key call_id with value:
2025-09-11 13:54:24,878 INFO: summarize_job_description
2025-09-11 13:54:24,878 INFO: [INFO][OLLAMA]fetch_complete_call_info: found key payload_in with value:
2025-09-11 13:54:24,878 INFO: {'model': 'llama3.2:latest', 'system': 'You are a resume tailoring assistant. Only output what is requested of you, in the exact format specified. You are to follow these guidelines when tailoring all resume sections:\n- You may only draw from the provided descriptions, no making assumptions.\n- Do not invent any data or roles, only use the data provided.\n- You may not add any untrue statements to the data that has been provided.\n- The tailored sections and overall resume must be brief, concise and professional. It must cater to recruiters and make the resume stand out.\n- Use simple to understand language when possible, unless direct technical terminology is used.', 'stream': False, 'temperature': 0.8}
2025-09-11 13:54:24,878 INFO: [INFO][OLLAMA]fetch_complete_call_info: found key format with value:
2025-09-11 13:54:24,879 INFO: {'job_description': "About the role\n\nSentry is looking for talented new graduates to join our growing Software Engineering teams. Engineers at Sentry are challenged to solve a range of technical problems: from building fast and delightful UIs for navigating millions of error and performance events, to architecting solutions that ingest, store, and index terabytes of data every day. As a Software Engineer, New Grad, you will be coached by a diverse team of multi-talented engineers and will directly impact a complex and growing codebase.\nIn this role you will\n\n    Work with a team to develop and extend the Sentry product by writing software in either Python or JavaScript (or both)\n\n    Be responsible for full software development lifecycle - design, development, testing, and operating in production\n\n    Communicate effectively with other engineers in the same team, with other teams and with various other stakeholders (such as product managers)\n\n    Act on feedback, coaching, and mentorship from your manager and teammates\n\nYou’ll love this job if you\n\n    Want to actively use the product you're building (we dogfood Sentry every day)\n\n    Want to start your career at a high-growth startup\n\n    Want to join a modern software development team that iterates & ships code rapidly\n\n    Are excited at the opportunity to contribute to an open-source project every day\n\nQualifications\n\n    B.S. or higher in Computer Science (or similar degree program)\n\n    At least 1 previous internship or equivalent practical experience\n\n    Implementation skills with one or more general-purpose programming languages, e.g. Python, JavaScript, Java, etc.\n\n    Good knowledge of algorithms, data structures, and object-oriented design principles\n\n    Experience working with version control and unit testing"}
2025-09-11 13:54:24,879 INFO: [INFO][OLLAMA]fetch_complete_call_info: found key prompt_in with value:
2025-09-11 13:54:24,879 INFO: Summarize the following job description by extracting key responsibilities, requirements, and highlighting needed skills, both technical and soft.
                        Don't forget to also include the Company Name and the Job Title.
                        Job Description:
                        {job_description}
                    
2025-09-11 13:54:24,879 INFO: [INFO][OLLAMA]fetch_complete_call_info: found key ollama_url with value:
2025-09-11 13:54:24,880 INFO: http://localhost:11434
2025-09-11 13:54:24,880 INFO: [INFO][OLLAMA]fetch_complete_call_info: found key sample_starts with value:
2025-09-11 13:54:24,880 INFO: []
2025-09-11 13:54:24,881 INFO: [OLLAMA]standard_ollama_call: call_id: summarize_job_description
2025-09-11 13:54:24,882 WARNING: [WARNING][OLLAMA]standard_ollama_call: prompt_in contains placeholders
2025-09-11 13:54:24,882 INFO: [OLLAMA]standard_ollama_call: payload field model with value llama3.2:latest found
2025-09-11 13:54:24,882 INFO: [OLLAMA]standard_ollama_call: payload field system with value You are a resume tailoring assistant. Only output what is requested of you, in the exact format specified. You are to follow these guidelines when tailoring all resume sections:
- You may only draw from the provided descriptions, no making assumptions.
- Do not invent any data or roles, only use the data provided.
- You may not add any untrue statements to the data that has been provided.
- The tailored sections and overall resume must be brief, concise and professional. It must cater to recruiters and make the resume stand out.
- Use simple to understand language when possible, unless direct technical terminology is used. found
2025-09-11 13:54:24,882 INFO: [OLLAMA]standard_ollama_call: payload field prompt with value Summarize the following job description by extracting key responsibilities, requirements, and highlighting needed skills, both technical and soft.
                        Don't forget to also include the Company Name and the Job Title.
                        Job Description:
                        About the role

Sentry is looking for talented new graduates to join our growing Software Engineering teams. Engineers at Sentry are challenged to solve a range of technical problems: from building fast and delightful UIs for navigating millions of error and performance events, to architecting solutions that ingest, store, and index terabytes of data every day. As a Software Engineer, New Grad, you will be coached by a diverse team of multi-talented engineers and will directly impact a complex and growing codebase.
In this role you will

    Work with a team to develop and extend the Sentry product by writing software in either Python or JavaScript (or both)

    Be responsible for full software development lifecycle - design, development, testing, and operating in production

    Communicate effectively with other engineers in the same team, with other teams and with various other stakeholders (such as product managers)

    Act on feedback, coaching, and mentorship from your manager and teammates

You’ll love this job if you

    Want to actively use the product you're building (we dogfood Sentry every day)

    Want to start your career at a high-growth startup

    Want to join a modern software development team that iterates & ships code rapidly

    Are excited at the opportunity to contribute to an open-source project every day

Qualifications

    B.S. or higher in Computer Science (or similar degree program)

    At least 1 previous internship or equivalent practical experience

    Implementation skills with one or more general-purpose programming languages, e.g. Python, JavaScript, Java, etc.

    Good knowledge of algorithms, data structures, and object-oriented design principles

    Experience working with version control and unit testing
                     found
2025-09-11 13:54:24,883 INFO: [OLLAMA]standard_ollama_call: payload field stream with value False found
2025-09-11 13:54:24,884 INFO: [OLLAMA]standard_ollama_call: payload field temperature with value 0.8 found
2025-09-11 13:54:31,746 INFO: [SUCCESS][OLLAMA]standard_ollama_call: {'model': 'llama3.2:latest', 'created_at': '2025-09-11T19:54:31.7446589Z', 'response': '**Company Name:** Sentry\n**Job Title:** Software Engineer - New Grad\n\n**Key Responsibilities:**\n\n* Develop and extend the Sentry product by writing software in Python or JavaScript (or both)\n* Design, develop, test, and operate software in production\n* Collaborate with team members to deliver high-quality software solutions\n* Act on feedback and mentorship from manager and teammates\n* Communicate effectively with various stakeholders\n\n**Key Requirements:**\n\n* B.S. or higher in Computer Science or similar degree program\n* At least 1 previous internship or equivalent practical experience\n* Implementation skills with one or more general-purpose programming languages (e.g. Python, JavaScript, Java)\n* Good knowledge of algorithms, data structures, and object-oriented design principles\n* Experience working with version control and unit testing\n\n**Needed Skills:**\n\n* Technical Skills:\n\t+ General-purpose programming languages (Python, JavaScript, Java)\n\t+ Algorithms, data structures, and object-oriented design principles\n\t+ Version control (e.g. Git) and unit testing\n* Soft Skills:\n\t+ Strong communication and collaboration skills\n\t+ Ability to work effectively in a team environment\n\t+ Adaptability and willingness to learn from feedback and mentorship', 'done': True, 'done_reason': 'stop', 'context': [128006, 9125, 128007, 271, 38766, 1303, 33025, 2696, 25, 6790, 220, 2366, 18, 271, 2675, 527, 264, 16063, 9986, 5620, 18328, 13, 8442, 2612, 1148, 374, 11472, 315, 499, 11, 304, 279, 4839, 3645, 5300, 13, 1472, 527, 311, 1833, 1521, 17959, 994, 9986, 5620, 682, 16063, 14491, 512, 12, 1472, 1253, 1193, 4128, 505, 279, 3984, 28887, 11, 912, 3339, 32946, 627, 12, 3234, 539, 17459, 904, 828, 477, 13073, 11, 1193, 1005, 279, 828, 3984, 627, 12, 1472, 1253, 539, 923, 904, 88977, 12518, 311, 279, 828, 430, 706, 1027, 3984, 627, 12, 578, 41891, 14491, 323, 8244, 16063, 2011, 387, 10015, 11, 64694, 323, 6721, 13, 1102, 2011, 29068, 311, 93940, 323, 1304, 279, 16063, 2559, 704, 627, 12, 5560, 4382, 311, 3619, 4221, 994, 3284, 11, 7389, 2167, 11156, 57726, 374, 1511, 13, 128009, 128006, 882, 128007, 271, 9370, 5730, 553, 279, 2768, 2683, 4096, 555, 60508, 1401, 28423, 11, 8670, 11, 323, 39686, 4460, 7512, 11, 2225, 11156, 323, 8579, 627, 667, 4418, 956, 10894, 311, 1101, 2997, 279, 8351, 4076, 323, 279, 12280, 11106, 627, 667, 12280, 7817, 512, 667, 10180, 279, 3560, 271, 50, 4177, 374, 3411, 369, 23944, 502, 38581, 311, 5249, 1057, 7982, 4476, 17005, 7411, 13, 49796, 520, 95160, 527, 29991, 311, 11886, 264, 2134, 315, 11156, 5435, 25, 505, 4857, 5043, 323, 50189, 3774, 82, 369, 60499, 11990, 315, 1493, 323, 5178, 4455, 11, 311, 11726, 287, 10105, 430, 89372, 11, 3637, 11, 323, 1963, 2024, 72229, 315, 828, 1475, 1938, 13, 1666, 264, 4476, 29483, 11, 1561, 22547, 11, 499, 690, 387, 71022, 555, 264, 17226, 2128, 315, 7447, 2442, 278, 16243, 25175, 323, 690, 6089, 5536, 264, 6485, 323, 7982, 2082, 3231, 627, 644, 420, 3560, 499, 690, 271, 262, 5664, 449, 264, 2128, 311, 2274, 323, 13334, 279, 95160, 2027, 555, 4477, 3241, 304, 3060, 13325, 477, 13210, 320, 269, 2225, 696, 262, 2893, 8647, 369, 2539, 3241, 4500, 48608, 482, 2955, 11, 4500, 11, 7649, 11, 323, 10565, 304, 5788, 271, 262, 16838, 349, 13750, 449, 1023, 25175, 304, 279, 1890, 2128, 11, 449, 1023, 7411, 323, 449, 5370, 1023, 39210, 320, 21470, 439, 2027, 20258, 696, 262, 3298, 389, 11302, 11, 24826, 11, 323, 36528, 5383, 505, 701, 6783, 323, 32746, 271, 2675, 4805, 3021, 420, 2683, 422, 499, 271, 262, 24133, 311, 22815, 1005, 279, 2027, 499, 2351, 4857, 320, 906, 5679, 14239, 95160, 1475, 1938, 696, 262, 24133, 311, 1212, 701, 7076, 520, 264, 1579, 2427, 19632, 21210, 271, 262, 24133, 311, 5249, 264, 6617, 3241, 4500, 2128, 430, 5480, 988, 612, 18198, 2082, 19019, 271, 262, 8886, 12304, 520, 279, 6776, 311, 17210, 311, 459, 1825, 31874, 2447, 1475, 1938, 271, 32129, 7174, 271, 262, 426, 815, 13, 477, 5190, 304, 17863, 10170, 320, 269, 4528, 8547, 2068, 696, 262, 2468, 3325, 220, 16, 3766, 60859, 477, 13890, 15325, 3217, 271, 262, 31913, 7512, 449, 832, 477, 810, 4689, 59338, 15840, 15823, 11, 384, 1326, 13, 13325, 11, 13210, 11, 8102, 11, 5099, 382, 262, 7839, 6677, 315, 26249, 11, 828, 14726, 11, 323, 1665, 36185, 2955, 16565, 271, 262, 21460, 3318, 449, 2373, 2585, 323, 5089, 7649, 198, 3909, 128009, 128006, 78191, 128007, 271, 334, 14831, 4076, 68063, 95160, 198, 334, 12524, 11106, 68063, 4476, 29483, 482, 1561, 22547, 271, 334, 1622, 74112, 25, 57277, 9, 8000, 323, 13334, 279, 95160, 2027, 555, 4477, 3241, 304, 13325, 477, 13210, 320, 269, 2225, 340, 9, 7127, 11, 2274, 11, 1296, 11, 323, 14816, 3241, 304, 5788, 198, 9, 49681, 349, 449, 2128, 3697, 311, 6493, 1579, 22867, 3241, 10105, 198, 9, 3298, 389, 11302, 323, 36528, 5383, 505, 6783, 323, 32746, 198, 9, 16838, 349, 13750, 449, 5370, 39210, 271, 334, 1622, 34884, 25, 57277, 9, 426, 815, 13, 477, 5190, 304, 17863, 10170, 477, 4528, 8547, 2068, 198, 9, 2468, 3325, 220, 16, 3766, 60859, 477, 13890, 15325, 3217, 198, 9, 31913, 7512, 449, 832, 477, 810, 4689, 59338, 15840, 15823, 320, 68, 1326, 13, 13325, 11, 13210, 11, 8102, 340, 9, 7839, 6677, 315, 26249, 11, 828, 14726, 11, 323, 1665, 36185, 2955, 16565, 198, 9, 21460, 3318, 449, 2373, 2585, 323, 5089, 7649, 271, 334, 57806, 31340, 25, 57277, 9, 27766, 31340, 512, 197, 10, 3331, 59338, 15840, 15823, 320, 31380, 11, 13210, 11, 8102, 340, 197, 10, 86859, 11, 828, 14726, 11, 323, 1665, 36185, 2955, 16565, 198, 197, 10, 6207, 2585, 320, 68, 1326, 13, 21804, 8, 323, 5089, 7649, 198, 9, 25046, 31340, 512, 197, 10, 27191, 10758, 323, 20632, 7512, 198, 197, 10, 37083, 311, 990, 13750, 304, 264, 2128, 4676, 198, 197, 10, 59531, 2968, 323, 39375, 311, 4048, 505, 11302, 323, 36528, 5383], 'total_duration': 4805194300, 'load_duration': 53338000, 'prompt_eval_count': 535, 'prompt_eval_duration': 354113700, 'eval_count': 248, 'eval_duration': 4397194600}
2025-09-11 13:54:31,747 INFO: [TIME] standard_ollama_call took 6.8665 seconds
2025-09-11 13:54:31,747 INFO: [SUCCESS][OLLAMA]ollama_call: Ollama call succeeded: **Company Name:** Sentry
**Job Title:** Software Engineer - New Grad

**Key Responsibilities:**

* Develop and extend the Sentry product by writing software in Python or JavaScript (or both)
* Design, develop, test, and operate software in production
* Collaborate with team members to deliver high-quality software solutions
* Act on feedback and mentorship from manager and teammates
* Communicate effectively with various stakeholders

**Key Requirements:**

* B.S. or higher in Computer Science or similar degree program
* At least 1 previous internship or equivalent practical experience
* Implementation skills with one or more general-purpose programming languages (e.g. Python, JavaScript, Java)
* Good knowledge of algorithms, data structures, and object-oriented design principles
* Experience working with version control and unit testing

**Needed Skills:**

* Technical Skills:
	+ General-purpose programming languages (Python, JavaScript, Java)
	+ Algorithms, data structures, and object-oriented design principles
	+ Version control (e.g. Git) and unit testing
* Soft Skills:
	+ Strong communication and collaboration skills
	+ Ability to work effectively in a team environment
	+ Adaptability and willingness to learn from feedback and mentorship
2025-09-11 13:54:31,748 INFO: [TIME] ollama_call took 6.9829 seconds
2025-09-11 13:54:31,748 INFO: [INFO][OLLAMA]fetch_complete_call_info: fetching complete call info for call id step0_tailor_summary...
2025-09-11 13:54:31,748 INFO: [INFO][OLLAMA]fetch_complete_call_info: complete call info:
2025-09-11 13:54:31,748 INFO: [INFO][OLLAMA]fetch_complete_call_info: found key call_id with value:
2025-09-11 13:54:31,748 INFO: step0_tailor_summary
2025-09-11 13:54:31,748 INFO: [INFO][OLLAMA]fetch_complete_call_info: found key payload_in with value:
2025-09-11 13:54:31,748 INFO: {'model': 'llama3.2:latest', 'system': 'You are a resume tailoring assistant. Only output what is requested of you, in the exact format specified. You are to follow these guidelines when tailoring all resume sections:\n- You may only draw from the provided descriptions, no making assumptions.\n- Do not invent any data or roles, only use the data provided.\n- You may not add any untrue statements to the data that has been provided.\n- The tailored sections and overall resume must be brief, concise and professional. It must cater to recruiters and make the resume stand out.\n- Use simple to understand language when possible, unless direct technical terminology is used.', 'stream': False, 'temperature': 0.8}
2025-09-11 13:54:31,748 INFO: [INFO][OLLAMA]fetch_complete_call_info: found key format with value:
2025-09-11 13:54:31,748 INFO: {'raw_cv_data': "[0]Name: Marcos David Madrigal Albores\n[0]Contact Information:\n[1]Address: 308 Brunswick Ave, Toronto, ON, Canada\n[1]Phone: +1-437-981-2994\n[1]Email: marcosdma.compeng@outlook.com\n[1]LinkedIn: linkedin.com/in/marcosdma/\n[1]Github: github.com/marneus981\n[1]Portfolio: marneus981.github.io | donkeyponius981.itch.io\n[0]Title: Computer Engineer\n[0]Summary: As a recent graduate with a strong foundation in computer science, I am excited to leverage my Python and JavaScript programming skills, algorithmic thinking, and experience with version control and unit testing to contribute to Sentry's innovative product development. With a passion for using the product I build, I am eager to join a high-growth startup like Sentry and start my career on a fast-paced, rapidly iterating team.\n[0]Languages: English, Spanish, French\n[0]Education:\n[1]Degree: Bachelor of Applied Science in Computer Engineering\n[1]University: University of Toronto\n[1]Location: Toronto, ON, Canada\n[1]Duration: 2018/09 - 2023/06\n[1]Courses: [1]Courses: ESC180 Introduction to Computer Programming, MAT185 Linear Algebra, ECE159 Fundamentals of Electric Circuits, MAT195 Calculus II, ECE190 Computer Algorithms and Data Structures\n[0]Certifications:\n[1]Certification Name: Minor in Artificial Intelligence\n[1]Issuing Organization: University of Toronto\n[1]Issue Date: 2023/06\n[0]Awards and Scholarships:\n[1]Award Name: United Nations Datathon 2023 Participation\n[1]Issuing Organization: United Nations\n[1]Issue Date: 2023/11\n[1]Award Name: University of Toronto Engineering Scholar\n[1]Issuing Organization: University of Toronto Faculty of Applied Science and Engineering\n[1]Issue Date: 2018/09\n[0]Volunteering and Leadership:\n[1]Role: Committee Student Member\n[1]Organization: Scholarship Committee at the Faculty of Engineering, University of Toronto\n[1]Location: Toronto, ON, Canada\n[1]Duration: 2020/01 - 2020/12\n[1]Description: Collaborated as part of a multi-disciplinary committee, providing impactful decisions to benefit students faculty-wide. Represented students by distributing and voting on awards and scholarships for students\n[0]Work Experience:\n[1]Job Title: Freelance 3D Designer\n[1]Company: Freelance\n[1]Location: Toronto, ON, Canada\n[1]Duration: 2024/01 - 2024/09\n[1]Description: Designed quality models for 3D printed products, applying technical skills in Blender and various slicing software/hardware. Utilized problem-solving expertise to create innovative designs\n[1]Job Title: PEY VR Technical Assistant\n[1]Company: Medica Providencia Clinic\n[1]Location: Tuxtla Gtz, CS, Mexico\n[1]Duration: 2022/12 - 2023/03\n[1]Description: Utilized problem-solving skills to troubleshoot hardware issues, improving efficiency and patient satisfaction. Collaborated with professionals on testing processes\n[1]Job Title: Script Programmer and Video Project Editor\n[1]Company: Ontario Institute for Studies in Education\n[1]Location: Toronto, ON, Canada\n[1]Duration: 2022/03 - 2022/05\n[1]Description: Developed video description generation algorithms using Python, enhancing stakeholder satisfaction and project deliverables within 3 months. Utilized creative problem-solving skills to align project goals\n[1]Job Title: Secretary and Sales Associate\n[1]Company: Medica Providencia Clinic\n[1]Location: Tuxtla Gtz, CS, Mexico\n[1]Duration: 2015/08 - 2018/07\n[1]Description: Streamlined operations by efficiently managing tasks, demonstrating skills in data entry and documentation, and performing sales operations. This experience showcases my ability to manage peak hours and adapt to changing demands\n[0]Projects:\n[1]Project Title: TTRPG Tools\n[1]URL: https://github.com/Marneus981/TTRPGTools\n[1]Type: Open Source Personal Project\n[1]Duration: 2023/06 - Present\n[1]Description: Developed software tools with planned AI integration for playing and creating TTRPG Games using C++ and Python, highlighting skills in programming languages, automation, and debugging\n[1]Project Title: VKnob\n[1]URL: https://github.com/Marneus981/VKnob\n[1]Type: Open Source Personal Project\n[1]Duration: 2024/02 - Present\n[1]Description: Developed an overlay application controlling multiple Digital Audio Workstations, showcasing proficiency in C++ and UIAutomation. Demonstrated ability to automate UI calls in Windows\n[1]Project Title: Untitled RPG Game Project\n[1]URL: \n[1]Type: Personal Game Project\n[1]Duration: 2025/04 - Present\n[1]Description: Developed a 2D action role-playing game using Unity, showcasing C# programming skills and editing/animating 2D sprites and assets\n[1]Project Title: Horizontal Federated Learning Research\n[1]URL: github.com/alexjsenn/FedScale\n[1]Type: Research | Capstone Project\n[1]Duration: 2021/09 - 2022/06\n[1]Description: Developed Python skills, researched network performance of distributed Federated Machine Learning model aggregation, and improved algorithm efficiency. Co-authored technical papers on novel aggregation algorithms\n[1]Project Title: MAPPA C++ Geographical Information System\n[1]URL: https://github.com/Marneus981/MAPPA\n[1]Type: University Project\n[1]Duration: 2019/09 - 2020/06\n[1]Description: Built a GIS system using OpenStreetMap data and C++ EZGL library, improving efficiency by 200% and reducing memory usage by 50%. Co-developed UI/UX tailored to stakeholder needs\n[0]Skills:\n[1]Programming Languages: Programming Languages\n[1]Technical Skills: 3D Printing, 3D modelling, Algorithm optimization, Automated Testing, Back-End Development, Blender, Data Entry, Distributed Systems, Federated Machine Learning, JavaScript, Machine Learning, Microsoft Suite, Object-oriented design principles, Product Design, Project Management, Python, Scripting, Slicing Software, Software Development, Unit Testing, Unit testing, Unity, Version Control with Git, Version control, Version control systems\n[1]Soft Skills: Collaboration, Communication, Detail-Oriented, Effective communication, Fast Learning, Good Written and Communication Skills, Integrity, Self-Starter, Teamwork, Time Management", 'systems': ['You are a resume tailoring assistant. Only output what is requested of you, in the exact format specified. You are to follow these guidelines when tailoring all resume sections:\n- You may only draw from the provided descriptions, no making assumptions.\n- Do not invent any data or roles, only use the data provided.\n- You may not add any untrue statements to the data that has been provided.\n- The tailored sections and overall resume must be brief, concise and professional. It must cater to recruiters and make the resume stand out.\n- Use simple to understand language when possible, unless direct technical terminology is used.', 'You are a resume tailoring assistant. Only output what is requested of you, in the exact format specified. You are to follow these guidelines when tailoring all resume sections:\n- You may only draw from the provided descriptions, no making assumptions.\n- Do not invent any data or roles, only use the data provided.\n- You may not add any untrue statements to the data that has been provided.\n- The tailored sections and overall resume must be brief, concise and professional. It must cater to recruiters and make the resume stand out.\n- Use simple to understand language when possible, unless direct technical terminology is used.', 'You are a resume tailoring assistant. Only output what is requested of you, in the exact format specified. You are to follow these guidelines when tailoring all resume sections:\n- You may only draw from the provided descriptions, no making assumptions.\n- Do not invent any data or roles, only use the data provided.\n- You may not add any untrue statements to the data that has been provided.\n- The tailored sections and overall resume must be brief, concise and professional. It must cater to recruiters and make the resume stand out.\n- Use simple to understand language when possible, unless direct technical terminology is used.', 'You are a resume tailoring assistant. Only output what is requested of you, in the exact format specified. You are to follow these guidelines when tailoring all resume sections:\n- You may only draw from the provided descriptions, no making assumptions.\n- Do not invent any data or roles, only use the data provided.\n- You may not add any untrue statements to the data that has been provided.\n- The tailored sections and overall resume must be brief, concise and professional. It must cater to recruiters and make the resume stand out.\n- Use simple to understand language when possible, unless direct technical terminology is used.', 'You are a resume tailoring assistant. Only output what is requested of you, in the exact format specified. You are to follow these guidelines when tailoring all resume sections:\n- You may only draw from the provided descriptions, no making assumptions.\n- Do not invent any data or roles, only use the data provided.\n- You may not add any untrue statements to the data that has been provided.\n- The tailored sections and overall resume must be brief, concise and professional. It must cater to recruiters and make the resume stand out.\n- Use simple to understand language when possible, unless direct technical terminology is used.', 'You are a resume tailoring assistant. Only output what is requested of you, in the exact format specified. You are to follow these guidelines when tailoring all resume sections:\n- You may only draw from the provided descriptions, no making assumptions.\n- Do not invent any data or roles, only use the data provided.\n- You may not add any untrue statements to the data that has been provided.\n- The tailored sections and overall resume must be brief, concise and professional. It must cater to recruiters and make the resume stand out.\n- Use simple to understand language when possible, unless direct technical terminology is used.'], 'skill_section': True, 'windows': 4, 'mode': 'batch', 'standard_calls': [], 'non_standard_calls': ['slide_summary']}
2025-09-11 13:54:31,753 INFO: [INFO][OLLAMA]fetch_complete_call_info: found key prompt_in with value:
2025-09-11 13:54:31,753 INFO: Given the following resume sections summarized:
                        {slides_txt}
                        Create a wholistic summary of all of them, following these guidelines:
                        - Include the candidate's contact information, as well as their title and name.
                        - Include any certifications or qualifications.
                        - Include all education.
                        - Include all projects, work experience, and volunteering and leadership roles.
                        - Include all information, competencies, achievements, and skills, this is a wholistic summary of the candidate's qualifications.
                        - Maintain the context and flow between the sections.
                        - Be very concise but detail-driven as well, which means that you must include as many relevant details as possible with minimal fluff.
                        Return the summarized information as a single continuous string of text, following this format strictly:
                        [0]Summary: Wholistic summary of all sections.
                    
2025-09-11 13:54:31,753 INFO: [INFO][OLLAMA]fetch_complete_call_info: found key ollama_url with value:
2025-09-11 13:54:31,754 INFO: http://localhost:11434
2025-09-11 13:54:31,754 INFO: [INFO][OLLAMA]fetch_complete_call_info: found key sample_starts with value:
2025-09-11 13:54:31,754 INFO: ['strict', 'digits', '[0]Summary:']
2025-09-11 13:54:31,756 INFO: [TIME] parse_cv_out took 0.0005 seconds
2025-09-11 13:54:31,756 INFO: [TIME] dict_spliter took 0.0000 seconds
2025-09-11 13:54:31,760 INFO: [INFO][OLLAMA]fetch_complete_call_info: fetching complete call info for call id slide_summary...
2025-09-11 13:54:31,761 INFO: [INFO][OLLAMA]fetch_complete_call_info: complete call info:
2025-09-11 13:54:31,761 INFO: [INFO][OLLAMA]fetch_complete_call_info: found key call_id with value:
2025-09-11 13:54:31,761 INFO: slide_summary
2025-09-11 13:54:31,762 INFO: [INFO][OLLAMA]fetch_complete_call_info: found key payload_in with value:
2025-09-11 13:54:31,762 INFO: {'model': 'llama3.2:latest', 'system': 'You are a resume tailoring assistant. Only output what is requested of you, in the exact format specified. You are to follow these guidelines when tailoring all resume sections:\n- You may only draw from the provided descriptions, no making assumptions.\n- Do not invent any data or roles, only use the data provided.\n- You may not add any untrue statements to the data that has been provided.\n- The tailored sections and overall resume must be brief, concise and professional. It must cater to recruiters and make the resume stand out.\n- Use simple to understand language when possible, unless direct technical terminology is used.', 'stream': False, 'temperature': 0.8}
2025-09-11 13:54:31,763 INFO: [INFO][OLLAMA]fetch_complete_call_info: found key format with value:
2025-09-11 13:54:31,763 INFO: {'sections_dct_list': [{'name': 'Marcos David Madrigal Albores'}, {'contact_information': {'address': '308 Brunswick Ave, Toronto, ON, Canada', 'phone': '+1-437-981-2994', 'email': 'marcosdma.compeng@outlook.com', 'linkedin': 'linkedin.com/in/marcosdma/', 'github': 'github.com/marneus981', 'portfolio': 'marneus981.github.io | donkeyponius981.itch.io'}}, {'title': 'Computer Engineer'}, {'summary': "As a recent graduate with a strong foundation in computer science, I am excited to leverage my Python and JavaScript programming skills, algorithmic thinking, and experience with version control and unit testing to contribute to Sentry's innovative product development. With a passion for using the product I build, I am eager to join a high-growth startup like Sentry and start my career on a fast-paced, rapidly iterating team."}, {'languages': ['English', 'Spanish', 'French']}, {'education': [{'degree': 'Bachelor of Applied Science in Computer Engineering', 'university': 'University of Toronto', 'location': 'Toronto, ON, Canada', 'duration': '2018/09 - 2023/06', 'courses': ['[1]Courses: ESC180 Introduction to Computer Programming', 'MAT185 Linear Algebra', 'ECE159 Fundamentals of Electric Circuits', 'MAT195 Calculus II', 'ECE190 Computer Algorithms and Data Structures']}]}, {'certifications': [{'certification_name': 'Minor in Artificial Intelligence', 'issuing_organization': 'University of Toronto', 'issue_date': '2023/06'}]}, {'awards_and_scholarships': [{'award_name': 'United Nations Datathon 2023 Participation', 'issuing_organization': 'United Nations', 'issue_date': '2023/11'}, {'award_name': 'University of Toronto Engineering Scholar', 'issuing_organization': 'University of Toronto Faculty of Applied Science and Engineering', 'issue_date': '2018/09'}]}, {'volunteering_and_leadership': [{'role': 'Committee Student Member', 'organization': 'Scholarship Committee at the Faculty of Engineering, University of Toronto', 'location': 'Toronto, ON, Canada', 'duration': '2020/01 - 2020/12', 'description': ['Collaborated as part of a multi-disciplinary committee, providing impactful decisions to benefit students faculty-wide', 'Represented students by distributing and voting on awards and scholarships for students']}]}, {'work_experience': [{'job_title': 'Freelance 3D Designer', 'company': 'Freelance', 'location': 'Toronto, ON, Canada', 'duration': '2024/01 - 2024/09', 'description': ['Designed quality models for 3D printed products, applying technical skills in Blender and various slicing software/hardware', 'Utilized problem-solving expertise to create innovative designs']}, {'job_title': 'PEY VR Technical Assistant', 'company': 'Medica Providencia Clinic', 'location': 'Tuxtla Gtz, CS, Mexico', 'duration': '2022/12 - 2023/03', 'description': ['Utilized problem-solving skills to troubleshoot hardware issues, improving efficiency and patient satisfaction', 'Collaborated with professionals on testing processes']}, {'job_title': 'Script Programmer and Video Project Editor', 'company': 'Ontario Institute for Studies in Education', 'location': 'Toronto, ON, Canada', 'duration': '2022/03 - 2022/05', 'description': ['Developed video description generation algorithms using Python, enhancing stakeholder satisfaction and project deliverables within 3 months', 'Utilized creative problem-solving skills to align project goals']}, {'job_title': 'Secretary and Sales Associate', 'company': 'Medica Providencia Clinic', 'location': 'Tuxtla Gtz, CS, Mexico', 'duration': '2015/08 - 2018/07', 'description': ['Streamlined operations by efficiently managing tasks, demonstrating skills in data entry and documentation, and performing sales operations', 'This experience showcases my ability to manage peak hours and adapt to changing demands']}]}, {'projects': [{'project_title': 'TTRPG Tools', 'url': 'https://github.com/Marneus981/TTRPGTools', 'type': 'Open Source Personal Project', 'duration': '2023/06 - Present', 'description': ['Developed software tools with planned AI integration for playing and creating TTRPG Games using C++ and Python, highlighting skills in programming languages, automation, and debugging']}, {'project_title': 'VKnob', 'url': 'https://github.com/Marneus981/VKnob', 'type': 'Open Source Personal Project', 'duration': '2024/02 - Present', 'description': ['Developed an overlay application controlling multiple Digital Audio Workstations, showcasing proficiency in C++ and UIAutomation', 'Demonstrated ability to automate UI calls in Windows']}, {'project_title': 'Untitled RPG Game Project', 'url': '', 'type': 'Personal Game Project', 'duration': '2025/04 - Present', 'description': ['Developed a 2D action role-playing game using Unity, showcasing C# programming skills and editing/animating 2D sprites and assets']}, {'project_title': 'Horizontal Federated Learning Research', 'url': 'github.com/alexjsenn/FedScale', 'type': 'Research | Capstone Project', 'duration': '2021/09 - 2022/06', 'description': ['Developed Python skills, researched network performance of distributed Federated Machine Learning model aggregation, and improved algorithm efficiency', 'Co-authored technical papers on novel aggregation algorithms']}, {'project_title': 'MAPPA C++ Geographical Information System', 'url': 'https://github.com/Marneus981/MAPPA', 'type': 'University Project', 'duration': '2019/09 - 2020/06', 'description': ['Built a GIS system using OpenStreetMap data and C++ EZGL library, improving efficiency by 200% and reducing memory usage by 50%', 'Co-developed UI/UX tailored to stakeholder needs']}]}, {'skills': {'programming_languages': ['Programming Languages'], 'technical_skills': ['3D Printing', '3D modelling', 'Algorithm optimization', 'Automated Testing', 'Back-End Development', 'Blender', 'Data Entry', 'Distributed Systems', 'Federated Machine Learning', 'JavaScript', 'Machine Learning', 'Microsoft Suite', 'Object-oriented design principles', 'Product Design', 'Project Management', 'Python', 'Scripting', 'Slicing Software', 'Software Development', 'Unit Testing', 'Unit testing', 'Unity', 'Version Control with Git', 'Version control', 'Version control systems'], 'soft_skills': ['Collaboration', 'Communication', 'Detail-Oriented', 'Effective communication', 'Fast Learning', 'Good Written and Communication Skills', 'Integrity', 'Self-Starter', 'Teamwork', 'Time Management']}}], 'systems': ['You are a resume tailoring assistant. Only output what is requested of you, in the exact format specified. You are to follow these guidelines when tailoring all resume sections:\n- You may only draw from the provided descriptions, no making assumptions.\n- Do not invent any data or roles, only use the data provided.\n- You may not add any untrue statements to the data that has been provided.\n- The tailored sections and overall resume must be brief, concise and professional. It must cater to recruiters and make the resume stand out.\n- Use simple to understand language when possible, unless direct technical terminology is used.', 'You are a resume tailoring assistant. Only output what is requested of you, in the exact format specified. You are to follow these guidelines when tailoring all resume sections:\n- You may only draw from the provided descriptions, no making assumptions.\n- Do not invent any data or roles, only use the data provided.\n- You may not add any untrue statements to the data that has been provided.\n- The tailored sections and overall resume must be brief, concise and professional. It must cater to recruiters and make the resume stand out.\n- Use simple to understand language when possible, unless direct technical terminology is used.', 'You are a resume tailoring assistant. Only output what is requested of you, in the exact format specified. You are to follow these guidelines when tailoring all resume sections:\n- You may only draw from the provided descriptions, no making assumptions.\n- Do not invent any data or roles, only use the data provided.\n- You may not add any untrue statements to the data that has been provided.\n- The tailored sections and overall resume must be brief, concise and professional. It must cater to recruiters and make the resume stand out.\n- Use simple to understand language when possible, unless direct technical terminology is used.', 'You are a resume tailoring assistant. Only output what is requested of you, in the exact format specified. You are to follow these guidelines when tailoring all resume sections:\n- You may only draw from the provided descriptions, no making assumptions.\n- Do not invent any data or roles, only use the data provided.\n- You may not add any untrue statements to the data that has been provided.\n- The tailored sections and overall resume must be brief, concise and professional. It must cater to recruiters and make the resume stand out.\n- Use simple to understand language when possible, unless direct technical terminology is used.', 'You are a resume tailoring assistant. Only output what is requested of you, in the exact format specified. You are to follow these guidelines when tailoring all resume sections:\n- You may only draw from the provided descriptions, no making assumptions.\n- Do not invent any data or roles, only use the data provided.\n- You may not add any untrue statements to the data that has been provided.\n- The tailored sections and overall resume must be brief, concise and professional. It must cater to recruiters and make the resume stand out.\n- Use simple to understand language when possible, unless direct technical terminology is used.'], 'skill_section': True, 'windows': 4, 'mode': 'batch', 'standard_calls': ['summarize_general_info', 'summarize_skills'], 'non_standard_calls': ['sliding_window_two_sections', 'sliding_window_three_sections', 'sliding_window_four_sections']}
2025-09-11 13:54:31,764 INFO: [INFO][OLLAMA]fetch_complete_call_info: found key prompt_in with value:
2025-09-11 13:54:31,764 INFO: 
2025-09-11 13:54:31,765 INFO: [INFO][OLLAMA]fetch_complete_call_info: found key ollama_url with value:
2025-09-11 13:54:31,765 INFO: http://localhost:11434
2025-09-11 13:54:31,765 INFO: [INFO][OLLAMA]fetch_complete_call_info: found key sample_starts with value:
2025-09-11 13:54:31,765 INFO: []
2025-09-11 13:54:31,767 INFO: [TIME] inv_parse_cv took 0.0000 seconds
2025-09-11 13:54:31,767 INFO: [TIME] filter_output took 0.0000 seconds
2025-09-11 13:54:31,767 INFO: [TIME] inv_parse_cv took 0.0000 seconds
2025-09-11 13:54:31,767 INFO: [TIME] filter_output took 0.0000 seconds
2025-09-11 13:54:31,768 INFO: [TIME] inv_parse_cv took 0.0000 seconds
2025-09-11 13:54:31,768 INFO: [TIME] filter_output took 0.0000 seconds
2025-09-11 13:54:31,768 INFO: [TIME] inv_parse_cv took 0.0000 seconds
2025-09-11 13:54:31,768 INFO: [TIME] filter_output took 0.0000 seconds
2025-09-11 13:54:31,768 INFO: [TIME] inv_parse_cv_out took 0.0000 seconds
2025-09-11 13:54:31,768 INFO: [TIME] filter_output took 0.0000 seconds
2025-09-11 13:54:31,769 INFO: [TIME] inv_parse_cv_out took 0.0000 seconds
2025-09-11 13:54:31,769 INFO: [TIME] filter_output took 0.0000 seconds
2025-09-11 13:54:31,769 INFO: [TIME] inv_parse_cv_out took 0.0000 seconds
2025-09-11 13:54:31,769 INFO: [TIME] filter_output took 0.0000 seconds
2025-09-11 13:54:31,769 INFO: [TIME] inv_parse_cv_out took 0.0000 seconds
2025-09-11 13:54:31,769 INFO: [TIME] filter_output took 0.0000 seconds
2025-09-11 13:54:31,769 INFO: [TIME] inv_parse_cv_out took 0.0000 seconds
2025-09-11 13:54:31,769 INFO: [TIME] filter_output took 0.0000 seconds
2025-09-11 13:54:31,771 INFO: [TIME] inv_parse_cv_out took 0.0000 seconds
2025-09-11 13:54:31,771 INFO: [TIME] filter_output took 0.0000 seconds
2025-09-11 13:54:31,771 INFO: [TIME] inv_parse_cv_out took 0.0000 seconds
2025-09-11 13:54:31,771 INFO: [TIME] filter_output took 0.0000 seconds
2025-09-11 13:54:31,771 INFO: [INFO][OLLAMA]slide_summary: candidate_name: Marcos David Madrigal Albores
2025-09-11 13:54:31,771 INFO: [INFO][OLLAMA]slide_summary: candidate_title: Computer Engineer
2025-09-11 13:54:31,771 INFO: [INFO][OLLAMA]slide_summary: general_txts: 4
2025-09-11 13:54:31,772 INFO: [INFO][OLLAMA]slide_summary: special_txts: 6
2025-09-11 13:54:31,775 INFO: [INFO][OLLAMA]fetch_complete_call_info: fetching complete call info for call id sliding_window_four_sections...
2025-09-11 13:54:31,775 INFO: [INFO][OLLAMA]fetch_complete_call_info: complete call info:
2025-09-11 13:54:31,776 INFO: [INFO][OLLAMA]fetch_complete_call_info: found key call_id with value:
2025-09-11 13:54:31,777 INFO: sliding_window_four_sections
2025-09-11 13:54:31,777 INFO: [INFO][OLLAMA]fetch_complete_call_info: found key payload_in with value:
2025-09-11 13:54:31,777 INFO: {'model': 'llama3.2:latest', 'system': 'You are a resume tailoring assistant. Only output what is requested of you, in the exact format specified. You are to follow these guidelines when tailoring all resume sections:\n- You may only draw from the provided descriptions, no making assumptions.\n- Do not invent any data or roles, only use the data provided.\n- You may not add any untrue statements to the data that has been provided.\n- The tailored sections and overall resume must be brief, concise and professional. It must cater to recruiters and make the resume stand out.\n- Use simple to understand language when possible, unless direct technical terminology is used.', 'stream': False, 'temperature': 0.8}
2025-09-11 13:54:31,777 INFO: [INFO][OLLAMA]fetch_complete_call_info: found key format with value:
2025-09-11 13:54:31,777 INFO: {'sections': ['[0]Education:\n[1]Degree: Bachelor of Applied Science in Computer Engineering\n[1]University: University of Toronto\n[1]Location: Toronto, ON, Canada\n[1]Duration: 2018/09 - 2023/06\n[1]Courses: [1]Courses: ESC180 Introduction to Computer Programming, MAT185 Linear Algebra, ECE159 Fundamentals of Electric Circuits, MAT195 Calculus II, ECE190 Computer Algorithms and Data Structures', '[0]Certifications:\n[1]Certification Name: Minor in Artificial Intelligence\n[1]Issuing Organization: University of Toronto\n[1]Issue Date: 2023/06', '[0]Awards and Scholarships:\n[1]Award Name: United Nations Datathon 2023 Participation\n[1]Issuing Organization: United Nations\n[1]Issue Date: 2023/11\n[1]Award Name: University of Toronto Engineering Scholar\n[1]Issuing Organization: University of Toronto Faculty of Applied Science and Engineering\n[1]Issue Date: 2018/09', '[0]Volunteering and Leadership:\n[1]Role: Committee Student Member\n[1]Organization: Scholarship Committee at the Faculty of Engineering, University of Toronto\n[1]Location: Toronto, ON, Canada\n[1]Duration: 2020/01 - 2020/12\n[1]Description: Collaborated as part of a multi-disciplinary committee, providing impactful decisions to benefit students faculty-wide. Represented students by distributing and voting on awards and scholarships for students'], 'section_names': ['education', 'certifications', 'awards_and_scholarships', 'volunteering_and_leadership'], 'systems': ['You are a resume tailoring assistant. Only output what is requested of you, in the exact format specified. You are to follow these guidelines when tailoring all resume sections:\n- You may only draw from the provided descriptions, no making assumptions.\n- Do not invent any data or roles, only use the data provided.\n- You may not add any untrue statements to the data that has been provided.\n- The tailored sections and overall resume must be brief, concise and professional. It must cater to recruiters and make the resume stand out.\n- Use simple to understand language when possible, unless direct technical terminology is used.', 'You are a resume tailoring assistant. Only output what is requested of you, in the exact format specified. You are to follow these guidelines when tailoring all resume sections:\n- You may only draw from the provided descriptions, no making assumptions.\n- Do not invent any data or roles, only use the data provided.\n- You may not add any untrue statements to the data that has been provided.\n- The tailored sections and overall resume must be brief, concise and professional. It must cater to recruiters and make the resume stand out.\n- Use simple to understand language when possible, unless direct technical terminology is used.', 'You are a resume tailoring assistant. Only output what is requested of you, in the exact format specified. You are to follow these guidelines when tailoring all resume sections:\n- You may only draw from the provided descriptions, no making assumptions.\n- Do not invent any data or roles, only use the data provided.\n- You may not add any untrue statements to the data that has been provided.\n- The tailored sections and overall resume must be brief, concise and professional. It must cater to recruiters and make the resume stand out.\n- Use simple to understand language when possible, unless direct technical terminology is used.', 'You are a resume tailoring assistant. Only output what is requested of you, in the exact format specified. You are to follow these guidelines when tailoring all resume sections:\n- You may only draw from the provided descriptions, no making assumptions.\n- Do not invent any data or roles, only use the data provided.\n- You may not add any untrue statements to the data that has been provided.\n- The tailored sections and overall resume must be brief, concise and professional. It must cater to recruiters and make the resume stand out.\n- Use simple to understand language when possible, unless direct technical terminology is used.'], 'candidate_name': 'Marcos David Madrigal Albores', 'candidate_title': 'Computer Engineer', 'mode': 'batch', 'standard_calls': ['summarize_section'], 'non_standard_calls': ['batch_summarize_sections'], 'async_calls': ['standard_ollama_call_async']}
2025-09-11 13:54:31,777 INFO: [INFO][OLLAMA]fetch_complete_call_info: found key prompt_in with value:
2025-09-11 13:54:31,777 INFO: Given the following resume section summaries:
                        {summary1}
                        {summary2}
                        {summary3}
                        {summary4}
                        Create a new summary that incorporates all four summaries, following these guidelines:
                        - Be very concise but detail-driven as well, which means that you must include as many relevant details as possible with minimal fluff.
                        - Include all information, competencies, achievements, and skills, this is a wholistic summary of the candidate's qualifications.
                        - Maintain the context and flow between the four sections.
                        - When referring to the candidate, use their name: {candidate_name} or their title: {candidate_title}
                        Return the summarized information as a single continuous string of text, following this format strictly:
                        [S]{section1_name} + {section2_name} + {section3_name} + {section4_name} Sections Summary: Wholistic summary of the sections' information, competencies, achievements, and key skills.
                    
2025-09-11 13:54:31,778 INFO: [INFO][OLLAMA]fetch_complete_call_info: found key ollama_url with value:
2025-09-11 13:54:31,778 INFO: http://localhost:11434
2025-09-11 13:54:31,778 INFO: [INFO][OLLAMA]fetch_complete_call_info: found key sample_starts with value:
2025-09-11 13:54:31,778 INFO: ['strict', 'cap_letters', '[S]']
2025-09-11 13:54:31,782 INFO: [INFO][OLLAMA]fetch_complete_call_info: fetching complete call info for call id batch_summarize_sections...
2025-09-11 13:54:31,782 INFO: [INFO][OLLAMA]fetch_complete_call_info: complete call info:
2025-09-11 13:54:31,782 INFO: [INFO][OLLAMA]fetch_complete_call_info: found key call_id with value:
2025-09-11 13:54:31,782 INFO: batch_summarize_sections
2025-09-11 13:54:31,782 INFO: [INFO][OLLAMA]fetch_complete_call_info: found key payload_in with value:
2025-09-11 13:54:31,782 INFO: {'model': 'llama3.2:latest', 'system': 'You are a resume tailoring assistant. Only output what is requested of you, in the exact format specified. You are to follow these guidelines when tailoring all resume sections:\n- You may only draw from the provided descriptions, no making assumptions.\n- Do not invent any data or roles, only use the data provided.\n- You may not add any untrue statements to the data that has been provided.\n- The tailored sections and overall resume must be brief, concise and professional. It must cater to recruiters and make the resume stand out.\n- Use simple to understand language when possible, unless direct technical terminology is used.', 'stream': False, 'temperature': 0.8}
2025-09-11 13:54:31,782 INFO: [INFO][OLLAMA]fetch_complete_call_info: found key format with value:
2025-09-11 13:54:31,782 INFO: {'sections': ['[0]Education:\n[1]Degree: Bachelor of Applied Science in Computer Engineering\n[1]University: University of Toronto\n[1]Location: Toronto, ON, Canada\n[1]Duration: 2018/09 - 2023/06\n[1]Courses: [1]Courses: ESC180 Introduction to Computer Programming, MAT185 Linear Algebra, ECE159 Fundamentals of Electric Circuits, MAT195 Calculus II, ECE190 Computer Algorithms and Data Structures', '[0]Certifications:\n[1]Certification Name: Minor in Artificial Intelligence\n[1]Issuing Organization: University of Toronto\n[1]Issue Date: 2023/06'], 'section_names': ['education', 'certifications']}
2025-09-11 13:54:31,786 INFO: [INFO][OLLAMA]fetch_complete_call_info: found key prompt_in with value:
2025-09-11 13:54:31,786 INFO: Given the following sections from a resume:
                        {sections_text}
                        Summarize the sections in a wholistic manner while following these guidelines:
                        - Be very concise but detail-driven as well, which means that you must include as many relevant details as possible with minimal fluff.
                        - Include all information, competencies, achievements, and skills, this is a wholistic summary of the candidate's qualifications.
                        - Keep in mind that these summaries will be used in a "Sliding Window" approach to summarize the entire resume effectively, so include information that is relevant for the overall context of the resume.
                        Return the summarized information as a single continuous string of text, following this format strictly:
                    
2025-09-11 13:54:31,786 INFO: [INFO][OLLAMA]fetch_complete_call_info: found key ollama_url with value:
2025-09-11 13:54:31,786 INFO: http://localhost:11434
2025-09-11 13:54:31,786 INFO: [INFO][OLLAMA]fetch_complete_call_info: found key sample_starts with value:
2025-09-11 13:54:31,786 INFO: ['flexible', 'cap_letters', '[S]']
2025-09-11 13:54:31,789 INFO: [OLLAMA]batch_summarize_sections: call_id: batch_summarize_sections
2025-09-11 13:54:31,789 INFO: [OLLAMA]batch_summarize_sections: payload field model with value llama3.2:latest found
2025-09-11 13:54:31,789 INFO: [OLLAMA]batch_summarize_sections: payload field system with value You are a resume tailoring assistant. Only output what is requested of you, in the exact format specified. You are to follow these guidelines when tailoring all resume sections:
- You may only draw from the provided descriptions, no making assumptions.
- Do not invent any data or roles, only use the data provided.
- You may not add any untrue statements to the data that has been provided.
- The tailored sections and overall resume must be brief, concise and professional. It must cater to recruiters and make the resume stand out.
- Use simple to understand language when possible, unless direct technical terminology is used. found
2025-09-11 13:54:31,789 INFO: [OLLAMA]batch_summarize_sections: payload field prompt with value Given the following sections from a resume:
                        [0]Education:
[1]Degree: Bachelor of Applied Science in Computer Engineering
[1]University: University of Toronto
[1]Location: Toronto, ON, Canada
[1]Duration: 2018/09 - 2023/06
[1]Courses: [1]Courses: ESC180 Introduction to Computer Programming, MAT185 Linear Algebra, ECE159 Fundamentals of Electric Circuits, MAT195 Calculus II, ECE190 Computer Algorithms and Data Structures
[0]Certifications:
[1]Certification Name: Minor in Artificial Intelligence
[1]Issuing Organization: University of Toronto
[1]Issue Date: 2023/06
                        Summarize the sections in a wholistic manner while following these guidelines:
                        - Be very concise but detail-driven as well, which means that you must include as many relevant details as possible with minimal fluff.
                        - Include all information, competencies, achievements, and skills, this is a wholistic summary of the candidate's qualifications.
                        - Keep in mind that these summaries will be used in a "Sliding Window" approach to summarize the entire resume effectively, so include information that is relevant for the overall context of the resume.
                        Return the summarized information as a single continuous string of text, following this format strictly:
                    [S]education Section Summary: Wholistic summary of the section's information.
[S]certifications Section Summary: Wholistic summary of the section's information.
 found
2025-09-11 13:54:31,790 INFO: [OLLAMA]batch_summarize_sections: payload field stream with value False found
2025-09-11 13:54:31,790 INFO: [OLLAMA]batch_summarize_sections: payload field temperature with value 0.8 found
2025-09-11 13:54:35,790 INFO: [SUCCESS][OLLAMA]batch_summarize_sections: {'model': 'llama3.2:latest', 'created_at': '2025-09-11T19:54:35.7885871Z', 'response': '[S]Education Section Summary: Bachelor of Applied Science in Computer Engineering from University of Toronto (2018/09 - 2023/06), with a strong foundation in computer programming, linear algebra, and electric circuits, as well as courses in calculus II and computer algorithms and data structures. \n\n[S]Certifications Section Summary: Minor in Artificial Intelligence certification issued by University of Toronto on 2023/06, demonstrating proficiency in AI principles and applications.', 'done': True, 'done_reason': 'stop', 'context': [128006, 9125, 128007, 271, 38766, 1303, 33025, 2696, 25, 6790, 220, 2366, 18, 271, 2675, 527, 264, 16063, 9986, 5620, 18328, 13, 8442, 2612, 1148, 374, 11472, 315, 499, 11, 304, 279, 4839, 3645, 5300, 13, 1472, 527, 311, 1833, 1521, 17959, 994, 9986, 5620, 682, 16063, 14491, 512, 12, 1472, 1253, 1193, 4128, 505, 279, 3984, 28887, 11, 912, 3339, 32946, 627, 12, 3234, 539, 17459, 904, 828, 477, 13073, 11, 1193, 1005, 279, 828, 3984, 627, 12, 1472, 1253, 539, 923, 904, 88977, 12518, 311, 279, 828, 430, 706, 1027, 3984, 627, 12, 578, 41891, 14491, 323, 8244, 16063, 2011, 387, 10015, 11, 64694, 323, 6721, 13, 1102, 2011, 29068, 311, 93940, 323, 1304, 279, 16063, 2559, 704, 627, 12, 5560, 4382, 311, 3619, 4221, 994, 3284, 11, 7389, 2167, 11156, 57726, 374, 1511, 13, 128009, 128006, 882, 128007, 271, 22818, 279, 2768, 14491, 505, 264, 16063, 512, 667, 510, 15, 60, 40234, 512, 58, 16, 60, 59867, 25, 42090, 315, 43608, 10170, 304, 17863, 17005, 198, 58, 16, 60, 31272, 25, 3907, 315, 14974, 198, 58, 16, 60, 4812, 25, 14974, 11, 6328, 11, 7008, 198, 58, 16, 60, 13242, 25, 220, 679, 23, 14, 2545, 482, 220, 2366, 18, 14, 2705, 198, 58, 16, 60, 62980, 25, 510, 16, 60, 62980, 25, 44374, 5245, 29438, 311, 17863, 39524, 11, 25832, 9741, 29363, 77543, 11, 469, 2152, 11068, 13492, 78114, 315, 21246, 16741, 12059, 11, 25832, 6280, 32459, 355, 8105, 11, 469, 2152, 7028, 17863, 86859, 323, 2956, 71150, 198, 58, 15, 60, 38034, 7174, 512, 58, 16, 60, 38034, 2461, 4076, 25, 30893, 304, 59294, 22107, 198, 58, 16, 60, 29316, 7623, 21021, 25, 3907, 315, 14974, 198, 58, 16, 60, 43106, 2696, 25, 220, 2366, 18, 14, 2705, 198, 667, 8279, 5730, 553, 279, 14491, 304, 264, 421, 337, 4633, 11827, 1418, 2768, 1521, 17959, 512, 667, 482, 2893, 1633, 64694, 719, 7872, 32505, 439, 1664, 11, 902, 3445, 430, 499, 2011, 2997, 439, 1690, 9959, 3649, 439, 3284, 449, 17832, 1344, 1386, 627, 667, 482, 30834, 682, 2038, 11, 4634, 6072, 11, 33997, 11, 323, 7512, 11, 420, 374, 264, 421, 337, 4633, 12399, 315, 279, 9322, 596, 43784, 627, 667, 482, 13969, 304, 4059, 430, 1521, 70022, 690, 387, 1511, 304, 264, 330, 7594, 6714, 13956, 1, 5603, 311, 63179, 279, 4553, 16063, 13750, 11, 779, 2997, 2038, 430, 374, 9959, 369, 279, 8244, 2317, 315, 279, 16063, 627, 667, 3494, 279, 69729, 2038, 439, 264, 3254, 19815, 925, 315, 1495, 11, 2768, 420, 3645, 26549, 512, 504, 510, 50, 60, 37838, 11360, 22241, 25, 1254, 337, 4633, 12399, 315, 279, 3857, 596, 2038, 627, 43574, 60, 12525, 7174, 11360, 22241, 25, 1254, 337, 4633, 12399, 315, 279, 3857, 596, 2038, 627, 128009, 128006, 78191, 128007, 271, 43574, 60, 40234, 11360, 22241, 25, 42090, 315, 43608, 10170, 304, 17863, 17005, 505, 3907, 315, 14974, 320, 679, 23, 14, 2545, 482, 220, 2366, 18, 14, 2705, 705, 449, 264, 3831, 16665, 304, 6500, 15840, 11, 13790, 47976, 11, 323, 9249, 46121, 11, 439, 1664, 439, 14307, 304, 83768, 8105, 323, 6500, 26249, 323, 828, 14726, 13, 4815, 43574, 60, 38034, 7174, 11360, 22241, 25, 30893, 304, 59294, 22107, 28706, 11136, 555, 3907, 315, 14974, 389, 220, 2366, 18, 14, 2705, 11, 45296, 63239, 304, 15592, 16565, 323, 8522, 13], 'total_duration': 1969474100, 'load_duration': 53230700, 'prompt_eval_count': 465, 'prompt_eval_duration': 55625200, 'eval_count': 92, 'eval_duration': 1860071100}
2025-09-11 13:54:35,791 INFO: [TIME] batch_summarize_sections took 4.0037 seconds
2025-09-11 13:54:35,791 INFO: [TIME] filter_output took 0.0000 seconds
2025-09-11 13:54:35,794 WARNING: [WARNING]compare_start: Length mismatch: 1 != 2
2025-09-11 13:54:35,795 INFO: [SUCCESS]Output matches expected start lines
2025-09-11 13:54:35,795 INFO: [TIME] compare_start took 0.0032 seconds
2025-09-11 13:54:35,795 INFO: [SUCCESS][OLLAMA]ollama_call: Ollama call succeeded: [S]Education Section Summary: Bachelor of Applied Science in Computer Engineering from University of Toronto (2018/09 - 2023/06), with a strong foundation in computer programming, linear algebra, and electric circuits, as well as courses in calculus II and computer algorithms and data structures.
[S]Certifications Section Summary: Minor in Artificial Intelligence certification issued by University of Toronto on 2023/06, demonstrating proficiency in AI principles and applications.
2025-09-11 13:54:35,795 INFO: [TIME] ollama_call took 4.0147 seconds
2025-09-11 13:54:35,796 INFO: [TIME] filter_output took 0.0000 seconds
2025-09-11 13:54:35,802 INFO: [INFO][OLLAMA]fetch_complete_call_info: fetching complete call info for call id batch_summarize_sections...
2025-09-11 13:54:35,802 INFO: [INFO][OLLAMA]fetch_complete_call_info: complete call info:
2025-09-11 13:54:35,802 INFO: [INFO][OLLAMA]fetch_complete_call_info: found key call_id with value:
2025-09-11 13:54:35,803 INFO: batch_summarize_sections
2025-09-11 13:54:35,803 INFO: [INFO][OLLAMA]fetch_complete_call_info: found key payload_in with value:
2025-09-11 13:54:35,804 INFO: {'model': 'llama3.2:latest', 'system': 'You are a resume tailoring assistant. Only output what is requested of you, in the exact format specified. You are to follow these guidelines when tailoring all resume sections:\n- You may only draw from the provided descriptions, no making assumptions.\n- Do not invent any data or roles, only use the data provided.\n- You may not add any untrue statements to the data that has been provided.\n- The tailored sections and overall resume must be brief, concise and professional. It must cater to recruiters and make the resume stand out.\n- Use simple to understand language when possible, unless direct technical terminology is used.', 'stream': False, 'temperature': 0.8}
2025-09-11 13:54:35,804 INFO: [INFO][OLLAMA]fetch_complete_call_info: found key format with value:
2025-09-11 13:54:35,805 INFO: {'sections': ['[0]Awards and Scholarships:\n[1]Award Name: United Nations Datathon 2023 Participation\n[1]Issuing Organization: United Nations\n[1]Issue Date: 2023/11\n[1]Award Name: University of Toronto Engineering Scholar\n[1]Issuing Organization: University of Toronto Faculty of Applied Science and Engineering\n[1]Issue Date: 2018/09', '[0]Volunteering and Leadership:\n[1]Role: Committee Student Member\n[1]Organization: Scholarship Committee at the Faculty of Engineering, University of Toronto\n[1]Location: Toronto, ON, Canada\n[1]Duration: 2020/01 - 2020/12\n[1]Description: Collaborated as part of a multi-disciplinary committee, providing impactful decisions to benefit students faculty-wide. Represented students by distributing and voting on awards and scholarships for students'], 'section_names': ['awards_and_scholarships', 'volunteering_and_leadership']}
2025-09-11 13:54:35,805 INFO: [INFO][OLLAMA]fetch_complete_call_info: found key prompt_in with value:
2025-09-11 13:54:35,805 INFO: Given the following sections from a resume:
                        {sections_text}
                        Summarize the sections in a wholistic manner while following these guidelines:
                        - Be very concise but detail-driven as well, which means that you must include as many relevant details as possible with minimal fluff.
                        - Include all information, competencies, achievements, and skills, this is a wholistic summary of the candidate's qualifications.
                        - Keep in mind that these summaries will be used in a "Sliding Window" approach to summarize the entire resume effectively, so include information that is relevant for the overall context of the resume.
                        Return the summarized information as a single continuous string of text, following this format strictly:
                    
2025-09-11 13:54:35,806 INFO: [INFO][OLLAMA]fetch_complete_call_info: found key ollama_url with value:
2025-09-11 13:54:35,806 INFO: http://localhost:11434
2025-09-11 13:54:35,807 INFO: [INFO][OLLAMA]fetch_complete_call_info: found key sample_starts with value:
2025-09-11 13:54:35,807 INFO: ['flexible', 'cap_letters', '[S]']
2025-09-11 13:54:35,810 INFO: [OLLAMA]batch_summarize_sections: call_id: batch_summarize_sections
2025-09-11 13:54:35,810 INFO: [OLLAMA]batch_summarize_sections: payload field model with value llama3.2:latest found
2025-09-11 13:54:35,810 INFO: [OLLAMA]batch_summarize_sections: payload field system with value You are a resume tailoring assistant. Only output what is requested of you, in the exact format specified. You are to follow these guidelines when tailoring all resume sections:
- You may only draw from the provided descriptions, no making assumptions.
- Do not invent any data or roles, only use the data provided.
- You may not add any untrue statements to the data that has been provided.
- The tailored sections and overall resume must be brief, concise and professional. It must cater to recruiters and make the resume stand out.
- Use simple to understand language when possible, unless direct technical terminology is used. found
2025-09-11 13:54:35,810 INFO: [OLLAMA]batch_summarize_sections: payload field prompt with value Given the following sections from a resume:
                        [0]Awards and Scholarships:
[1]Award Name: United Nations Datathon 2023 Participation
[1]Issuing Organization: United Nations
[1]Issue Date: 2023/11
[1]Award Name: University of Toronto Engineering Scholar
[1]Issuing Organization: University of Toronto Faculty of Applied Science and Engineering
[1]Issue Date: 2018/09
[0]Volunteering and Leadership:
[1]Role: Committee Student Member
[1]Organization: Scholarship Committee at the Faculty of Engineering, University of Toronto
[1]Location: Toronto, ON, Canada
[1]Duration: 2020/01 - 2020/12
[1]Description: Collaborated as part of a multi-disciplinary committee, providing impactful decisions to benefit students faculty-wide. Represented students by distributing and voting on awards and scholarships for students
                        Summarize the sections in a wholistic manner while following these guidelines:
                        - Be very concise but detail-driven as well, which means that you must include as many relevant details as possible with minimal fluff.
                        - Include all information, competencies, achievements, and skills, this is a wholistic summary of the candidate's qualifications.
                        - Keep in mind that these summaries will be used in a "Sliding Window" approach to summarize the entire resume effectively, so include information that is relevant for the overall context of the resume.
                        Return the summarized information as a single continuous string of text, following this format strictly:
                    [S]awards_and_scholarships Section Summary: Wholistic summary of the section's information.
[S]volunteering_and_leadership Section Summary: Wholistic summary of the section's information.
 found
2025-09-11 13:54:35,810 INFO: [OLLAMA]batch_summarize_sections: payload field stream with value False found
2025-09-11 13:54:35,810 INFO: [OLLAMA]batch_summarize_sections: payload field temperature with value 0.8 found
2025-09-11 13:54:40,339 INFO: [SUCCESS][OLLAMA]batch_summarize_sections: {'model': 'llama3.2:latest', 'created_at': '2025-09-11T19:54:40.3370136Z', 'response': '[S]awards_and_scholarships Section Summary: This candidate has received notable recognition for their academic achievements, including a 2023 participation in the United Nations Datathon and a prestigious University of Toronto Engineering Scholar award granted in 2018.\n\n[S]volunteering_and_leadership Section Summary: This candidate demonstrated leadership skills by serving as a Committee Student Member on the Scholarship Committee at the Faculty of Engineering, University of Toronto, from 2020 to 2020, where they contributed to impactful decisions and represented students in distributing and voting on awards and scholarships.', 'done': True, 'done_reason': 'stop', 'context': [128006, 9125, 128007, 271, 38766, 1303, 33025, 2696, 25, 6790, 220, 2366, 18, 271, 2675, 527, 264, 16063, 9986, 5620, 18328, 13, 8442, 2612, 1148, 374, 11472, 315, 499, 11, 304, 279, 4839, 3645, 5300, 13, 1472, 527, 311, 1833, 1521, 17959, 994, 9986, 5620, 682, 16063, 14491, 512, 12, 1472, 1253, 1193, 4128, 505, 279, 3984, 28887, 11, 912, 3339, 32946, 627, 12, 3234, 539, 17459, 904, 828, 477, 13073, 11, 1193, 1005, 279, 828, 3984, 627, 12, 1472, 1253, 539, 923, 904, 88977, 12518, 311, 279, 828, 430, 706, 1027, 3984, 627, 12, 578, 41891, 14491, 323, 8244, 16063, 2011, 387, 10015, 11, 64694, 323, 6721, 13, 1102, 2011, 29068, 311, 93940, 323, 1304, 279, 16063, 2559, 704, 627, 12, 5560, 4382, 311, 3619, 4221, 994, 3284, 11, 7389, 2167, 11156, 57726, 374, 1511, 13, 128009, 128006, 882, 128007, 271, 22818, 279, 2768, 14491, 505, 264, 16063, 512, 667, 510, 15, 60, 32, 4102, 323, 25542, 18143, 512, 58, 16, 60, 90640, 4076, 25, 3723, 19687, 22362, 24893, 220, 2366, 18, 64503, 198, 58, 16, 60, 29316, 7623, 21021, 25, 3723, 19687, 198, 58, 16, 60, 43106, 2696, 25, 220, 2366, 18, 14, 806, 198, 58, 16, 60, 90640, 4076, 25, 3907, 315, 14974, 17005, 25542, 198, 58, 16, 60, 29316, 7623, 21021, 25, 3907, 315, 14974, 42904, 315, 43608, 10170, 323, 17005, 198, 58, 16, 60, 43106, 2696, 25, 220, 679, 23, 14, 2545, 198, 58, 15, 60, 37461, 11066, 4776, 323, 37263, 512, 58, 16, 60, 9207, 25, 10554, 11988, 12308, 198, 58, 16, 60, 42674, 25, 58984, 10554, 520, 279, 42904, 315, 17005, 11, 3907, 315, 14974, 198, 58, 16, 60, 4812, 25, 14974, 11, 6328, 11, 7008, 198, 58, 16, 60, 13242, 25, 220, 2366, 15, 14, 1721, 482, 220, 2366, 15, 14, 717, 198, 58, 16, 60, 5116, 25, 49681, 660, 439, 961, 315, 264, 7447, 52765, 44550, 13093, 11, 8405, 98990, 11429, 311, 8935, 4236, 22291, 25480, 13, 22717, 291, 4236, 555, 50812, 323, 16043, 389, 23146, 323, 55855, 369, 4236, 198, 667, 8279, 5730, 553, 279, 14491, 304, 264, 421, 337, 4633, 11827, 1418, 2768, 1521, 17959, 512, 667, 482, 2893, 1633, 64694, 719, 7872, 32505, 439, 1664, 11, 902, 3445, 430, 499, 2011, 2997, 439, 1690, 9959, 3649, 439, 3284, 449, 17832, 1344, 1386, 627, 667, 482, 30834, 682, 2038, 11, 4634, 6072, 11, 33997, 11, 323, 7512, 11, 420, 374, 264, 421, 337, 4633, 12399, 315, 279, 9322, 596, 43784, 627, 667, 482, 13969, 304, 4059, 430, 1521, 70022, 690, 387, 1511, 304, 264, 330, 7594, 6714, 13956, 1, 5603, 311, 63179, 279, 4553, 16063, 13750, 11, 779, 2997, 2038, 430, 374, 9959, 369, 279, 8244, 2317, 315, 279, 16063, 627, 667, 3494, 279, 69729, 2038, 439, 264, 3254, 19815, 925, 315, 1495, 11, 2768, 420, 3645, 26549, 512, 504, 510, 50, 60, 675, 2402, 8543, 646, 331, 7569, 18143, 11360, 22241, 25, 1254, 337, 4633, 12399, 315, 279, 3857, 596, 2038, 627, 43574, 60, 12821, 11066, 4776, 8543, 12013, 6527, 2200, 11360, 22241, 25, 1254, 337, 4633, 12399, 315, 279, 3857, 596, 2038, 627, 128009, 128006, 78191, 128007, 271, 43574, 60, 675, 2402, 8543, 646, 331, 7569, 18143, 11360, 22241, 25, 1115, 9322, 706, 4036, 28289, 18324, 369, 872, 14584, 33997, 11, 2737, 264, 220, 2366, 18, 20852, 304, 279, 3723, 19687, 22362, 24893, 323, 264, 41385, 3907, 315, 14974, 17005, 25542, 10292, 11938, 304, 220, 679, 23, 382, 43574, 60, 12821, 11066, 4776, 8543, 12013, 6527, 2200, 11360, 22241, 25, 1115, 9322, 21091, 11692, 7512, 555, 13788, 439, 264, 10554, 11988, 12308, 389, 279, 58984, 10554, 520, 279, 42904, 315, 17005, 11, 3907, 315, 14974, 11, 505, 220, 2366, 15, 311, 220, 2366, 15, 11, 1405, 814, 20162, 311, 98990, 11429, 323, 15609, 4236, 304, 50812, 323, 16043, 389, 23146, 323, 55855, 13], 'total_duration': 2488839900, 'load_duration': 51529400, 'prompt_eval_count': 522, 'prompt_eval_duration': 53687400, 'eval_count': 116, 'eval_duration': 2383116500}
2025-09-11 13:54:40,339 INFO: [TIME] batch_summarize_sections took 4.5321 seconds
2025-09-11 13:54:40,339 INFO: [TIME] filter_output took 0.0000 seconds
2025-09-11 13:54:40,342 WARNING: [WARNING]compare_start: Length mismatch: 1 != 2
2025-09-11 13:54:40,342 INFO: [SUCCESS]Output matches expected start lines
2025-09-11 13:54:40,342 INFO: [TIME] compare_start took 0.0025 seconds
2025-09-11 13:54:40,342 INFO: [SUCCESS][OLLAMA]ollama_call: Ollama call succeeded: [S]awards_and_scholarships Section Summary: This candidate has received notable recognition for their academic achievements, including a 2023 participation in the United Nations Datathon and a prestigious University of Toronto Engineering Scholar award granted in 2018.
[S]volunteering_and_leadership Section Summary: This candidate demonstrated leadership skills by serving as a Committee Student Member on the Scholarship Committee at the Faculty of Engineering, University of Toronto, from 2020 to 2020, where they contributed to impactful decisions and represented students in distributing and voting on awards and scholarships.
2025-09-11 13:54:40,342 INFO: [TIME] ollama_call took 4.5466 seconds
2025-09-11 13:54:40,343 INFO: [TIME] filter_output took 0.0000 seconds
2025-09-11 13:54:40,343 INFO: [OLLAMA]sliding_window_four_sections: payload field model with value llama3.2:latest found
2025-09-11 13:54:40,343 INFO: [OLLAMA]sliding_window_four_sections: payload field system with value You are a resume tailoring assistant. Only output what is requested of you, in the exact format specified. You are to follow these guidelines when tailoring all resume sections:
- You may only draw from the provided descriptions, no making assumptions.
- Do not invent any data or roles, only use the data provided.
- You may not add any untrue statements to the data that has been provided.
- The tailored sections and overall resume must be brief, concise and professional. It must cater to recruiters and make the resume stand out.
- Use simple to understand language when possible, unless direct technical terminology is used. found
2025-09-11 13:54:40,343 INFO: [OLLAMA]sliding_window_four_sections: payload field prompt with value Given the following resume section summaries:
                        [S]Education Section Summary: Bachelor of Applied Science in Computer Engineering from University of Toronto (2018/09 - 2023/06), with a strong foundation in computer programming, linear algebra, and electric circuits, as well as courses in calculus II and computer algorithms and data structures.
[S]Certifications Section Summary: Minor in Artificial Intelligence certification issued by University of Toronto on 2023/06, demonstrating proficiency in AI principles and applications.
                        [S]awards_and_scholarships Section Summary: This candidate has received notable recognition for their academic achievements, including a 2023 participation in the United Nations Datathon and a prestigious University of Toronto Engineering Scholar award granted in 2018.
[S]volunteering_and_leadership Section Summary: This candidate demonstrated leadership skills by serving as a Committee Student Member on the Scholarship Committee at the Faculty of Engineering, University of Toronto, from 2020 to 2020, where they contributed to impactful decisions and represented students in distributing and voting on awards and scholarships.
                        
                        
                        Create a new summary that incorporates all four summaries, following these guidelines:
                        - Be very concise but detail-driven as well, which means that you must include as many relevant details as possible with minimal fluff.
                        - Include all information, competencies, achievements, and skills, this is a wholistic summary of the candidate's qualifications.
                        - Maintain the context and flow between the four sections.
                        - When referring to the candidate, use their name: Marcos David Madrigal Albores or their title: Computer Engineer
                        Return the summarized information as a single continuous string of text, following this format strictly:
                        [S]education + certifications + awards_and_scholarships + volunteering_and_leadership Sections Summary: Wholistic summary of the sections' information, competencies, achievements, and key skills.
                     found
2025-09-11 13:54:40,343 INFO: [OLLAMA]sliding_window_four_sections: payload field stream with value False found
2025-09-11 13:54:40,344 INFO: [OLLAMA]sliding_window_four_sections: payload field temperature with value 0.8 found
2025-09-11 13:54:45,692 INFO: [SUCCESS][OLLAMA]sliding_window_four_sections: {'model': 'llama3.2:latest', 'created_at': '2025-09-11T19:54:45.6897471Z', 'response': '[Computer Engineer Marcos David Madrigal Albores]\nBachelor of Applied Science in Computer Engineering from University of Toronto (2018/09 - 2023/06), with a strong foundation in computer programming, linear algebra, electric circuits, calculus II, and computer algorithms and data structures. Minor in Artificial Intelligence certification issued by University of Toronto on 2023/06, demonstrating proficiency in AI principles and applications. Notable recognition for academic achievements, including participation in the United Nations Datathon (2023) and a prestigious University of Toronto Engineering Scholar award (2018). Leadership skills demonstrated through Committee Student Member role on Scholarship Committee at Faculty of Engineering, University of Toronto, from 2020 to 2020, contributing to impactful decisions, representing students in award distribution and voting, and distributing and casting scholarships.', 'done': True, 'done_reason': 'stop', 'context': [128006, 9125, 128007, 271, 38766, 1303, 33025, 2696, 25, 6790, 220, 2366, 18, 271, 2675, 527, 264, 16063, 9986, 5620, 18328, 13, 8442, 2612, 1148, 374, 11472, 315, 499, 11, 304, 279, 4839, 3645, 5300, 13, 1472, 527, 311, 1833, 1521, 17959, 994, 9986, 5620, 682, 16063, 14491, 512, 12, 1472, 1253, 1193, 4128, 505, 279, 3984, 28887, 11, 912, 3339, 32946, 627, 12, 3234, 539, 17459, 904, 828, 477, 13073, 11, 1193, 1005, 279, 828, 3984, 627, 12, 1472, 1253, 539, 923, 904, 88977, 12518, 311, 279, 828, 430, 706, 1027, 3984, 627, 12, 578, 41891, 14491, 323, 8244, 16063, 2011, 387, 10015, 11, 64694, 323, 6721, 13, 1102, 2011, 29068, 311, 93940, 323, 1304, 279, 16063, 2559, 704, 627, 12, 5560, 4382, 311, 3619, 4221, 994, 3284, 11, 7389, 2167, 11156, 57726, 374, 1511, 13, 128009, 128006, 882, 128007, 271, 22818, 279, 2768, 16063, 3857, 70022, 512, 667, 510, 50, 60, 40234, 11360, 22241, 25, 42090, 315, 43608, 10170, 304, 17863, 17005, 505, 3907, 315, 14974, 320, 679, 23, 14, 2545, 482, 220, 2366, 18, 14, 2705, 705, 449, 264, 3831, 16665, 304, 6500, 15840, 11, 13790, 47976, 11, 323, 9249, 46121, 11, 439, 1664, 439, 14307, 304, 83768, 8105, 323, 6500, 26249, 323, 828, 14726, 627, 43574, 60, 38034, 7174, 11360, 22241, 25, 30893, 304, 59294, 22107, 28706, 11136, 555, 3907, 315, 14974, 389, 220, 2366, 18, 14, 2705, 11, 45296, 63239, 304, 15592, 16565, 323, 8522, 627, 667, 510, 50, 60, 675, 2402, 8543, 646, 331, 7569, 18143, 11360, 22241, 25, 1115, 9322, 706, 4036, 28289, 18324, 369, 872, 14584, 33997, 11, 2737, 264, 220, 2366, 18, 20852, 304, 279, 3723, 19687, 22362, 24893, 323, 264, 41385, 3907, 315, 14974, 17005, 25542, 10292, 11938, 304, 220, 679, 23, 627, 43574, 60, 12821, 11066, 4776, 8543, 12013, 6527, 2200, 11360, 22241, 25, 1115, 9322, 21091, 11692, 7512, 555, 13788, 439, 264, 10554, 11988, 12308, 389, 279, 58984, 10554, 520, 279, 42904, 315, 17005, 11, 3907, 315, 14974, 11, 505, 220, 2366, 15, 311, 220, 2366, 15, 11, 1405, 814, 20162, 311, 98990, 11429, 323, 15609, 4236, 304, 50812, 323, 16043, 389, 23146, 323, 55855, 627, 16244, 16244, 667, 4324, 264, 502, 12399, 430, 52924, 682, 3116, 70022, 11, 2768, 1521, 17959, 512, 667, 482, 2893, 1633, 64694, 719, 7872, 32505, 439, 1664, 11, 902, 3445, 430, 499, 2011, 2997, 439, 1690, 9959, 3649, 439, 3284, 449, 17832, 1344, 1386, 627, 667, 482, 30834, 682, 2038, 11, 4634, 6072, 11, 33997, 11, 323, 7512, 11, 420, 374, 264, 421, 337, 4633, 12399, 315, 279, 9322, 596, 43784, 627, 667, 482, 87477, 279, 2317, 323, 6530, 1990, 279, 3116, 14491, 627, 667, 482, 3277, 22797, 311, 279, 9322, 11, 1005, 872, 836, 25, 66605, 6941, 9671, 14746, 278, 1708, 754, 417, 477, 872, 2316, 25, 17863, 29483, 198, 667, 3494, 279, 69729, 2038, 439, 264, 3254, 19815, 925, 315, 1495, 11, 2768, 420, 3645, 26549, 512, 667, 510, 50, 60, 37838, 489, 82571, 489, 23146, 8543, 646, 331, 7569, 18143, 489, 70438, 8543, 12013, 6527, 2200, 60137, 22241, 25, 1254, 337, 4633, 12399, 315, 279, 14491, 6, 2038, 11, 4634, 6072, 11, 33997, 11, 323, 1401, 7512, 627, 3909, 128009, 128006, 78191, 128007, 271, 58, 38432, 29483, 66605, 6941, 9671, 14746, 278, 1708, 754, 417, 933, 87831, 315, 43608, 10170, 304, 17863, 17005, 505, 3907, 315, 14974, 320, 679, 23, 14, 2545, 482, 220, 2366, 18, 14, 2705, 705, 449, 264, 3831, 16665, 304, 6500, 15840, 11, 13790, 47976, 11, 9249, 46121, 11, 83768, 8105, 11, 323, 6500, 26249, 323, 828, 14726, 13, 30893, 304, 59294, 22107, 28706, 11136, 555, 3907, 315, 14974, 389, 220, 2366, 18, 14, 2705, 11, 45296, 63239, 304, 15592, 16565, 323, 8522, 13, 2876, 481, 18324, 369, 14584, 33997, 11, 2737, 20852, 304, 279, 3723, 19687, 22362, 24893, 320, 2366, 18, 8, 323, 264, 41385, 3907, 315, 14974, 17005, 25542, 10292, 320, 679, 23, 570, 37263, 7512, 21091, 1555, 10554, 11988, 12308, 3560, 389, 58984, 10554, 520, 42904, 315, 17005, 11, 3907, 315, 14974, 11, 505, 220, 2366, 15, 311, 220, 2366, 15, 11, 29820, 311, 98990, 11429, 11, 14393, 4236, 304, 10292, 8141, 323, 16043, 11, 323, 50812, 323, 25146, 55855, 13], 'total_duration': 3300612500, 'load_duration': 51796100, 'prompt_eval_count': 536, 'prompt_eval_duration': 54780000, 'eval_count': 165, 'eval_duration': 3193436600}
2025-09-11 13:54:45,692 INFO: [TIME] sliding_window_four_sections took 13.9138 seconds
2025-09-11 13:54:45,693 INFO: [TIME] filter_output took 0.0000 seconds
2025-09-11 13:54:45,695 ERROR: [ERROR]compare_start: Length mismatch: 1 != 0
2025-09-11 13:54:45,695 INFO: [TIME] compare_start took 0.0021 seconds
2025-09-11 13:54:45,695 ERROR: [ERROR][OLLAMA]ollama_call: Output does not match expected start lines or output length. Retrying 1/1...
2025-09-11 13:54:45,695 ERROR: [ERROR][OLLAMA]ollama_call: All retries exhausted. Returning last response.
2025-09-11 13:54:45,696 INFO: [TIME] ollama_call took 13.9239 seconds
2025-09-11 13:54:45,699 INFO: [INFO][OLLAMA]fetch_complete_call_info: fetching complete call info for call id sliding_window_four_sections...
2025-09-11 13:54:45,700 INFO: [INFO][OLLAMA]fetch_complete_call_info: complete call info:
2025-09-11 13:54:45,700 INFO: [INFO][OLLAMA]fetch_complete_call_info: found key call_id with value:
2025-09-11 13:54:45,700 INFO: sliding_window_four_sections
2025-09-11 13:54:45,701 INFO: [INFO][OLLAMA]fetch_complete_call_info: found key payload_in with value:
2025-09-11 13:54:45,701 INFO: {'model': 'llama3.2:latest', 'system': 'You are a resume tailoring assistant. Only output what is requested of you, in the exact format specified. You are to follow these guidelines when tailoring all resume sections:\n- You may only draw from the provided descriptions, no making assumptions.\n- Do not invent any data or roles, only use the data provided.\n- You may not add any untrue statements to the data that has been provided.\n- The tailored sections and overall resume must be brief, concise and professional. It must cater to recruiters and make the resume stand out.\n- Use simple to understand language when possible, unless direct technical terminology is used.', 'stream': False, 'temperature': 0.8}
2025-09-11 13:54:45,701 INFO: [INFO][OLLAMA]fetch_complete_call_info: found key format with value:
2025-09-11 13:54:45,701 INFO: {'sections': ['[0]Certifications:\n[1]Certification Name: Minor in Artificial Intelligence\n[1]Issuing Organization: University of Toronto\n[1]Issue Date: 2023/06', '[0]Awards and Scholarships:\n[1]Award Name: United Nations Datathon 2023 Participation\n[1]Issuing Organization: United Nations\n[1]Issue Date: 2023/11\n[1]Award Name: University of Toronto Engineering Scholar\n[1]Issuing Organization: University of Toronto Faculty of Applied Science and Engineering\n[1]Issue Date: 2018/09', '[0]Volunteering and Leadership:\n[1]Role: Committee Student Member\n[1]Organization: Scholarship Committee at the Faculty of Engineering, University of Toronto\n[1]Location: Toronto, ON, Canada\n[1]Duration: 2020/01 - 2020/12\n[1]Description: Collaborated as part of a multi-disciplinary committee, providing impactful decisions to benefit students faculty-wide. Represented students by distributing and voting on awards and scholarships for students', '[0]Work Experience:\n[1]Job Title: Freelance 3D Designer\n[1]Company: Freelance\n[1]Location: Toronto, ON, Canada\n[1]Duration: 2024/01 - 2024/09\n[1]Description: Designed quality models for 3D printed products, applying technical skills in Blender and various slicing software/hardware. Utilized problem-solving expertise to create innovative designs\n[1]Job Title: PEY VR Technical Assistant\n[1]Company: Medica Providencia Clinic\n[1]Location: Tuxtla Gtz, CS, Mexico\n[1]Duration: 2022/12 - 2023/03\n[1]Description: Utilized problem-solving skills to troubleshoot hardware issues, improving efficiency and patient satisfaction. Collaborated with professionals on testing processes\n[1]Job Title: Script Programmer and Video Project Editor\n[1]Company: Ontario Institute for Studies in Education\n[1]Location: Toronto, ON, Canada\n[1]Duration: 2022/03 - 2022/05\n[1]Description: Developed video description generation algorithms using Python, enhancing stakeholder satisfaction and project deliverables within 3 months. Utilized creative problem-solving skills to align project goals\n[1]Job Title: Secretary and Sales Associate\n[1]Company: Medica Providencia Clinic\n[1]Location: Tuxtla Gtz, CS, Mexico\n[1]Duration: 2015/08 - 2018/07\n[1]Description: Streamlined operations by efficiently managing tasks, demonstrating skills in data entry and documentation, and performing sales operations. This experience showcases my ability to manage peak hours and adapt to changing demands'], 'section_names': ['certifications', 'awards_and_scholarships', 'volunteering_and_leadership', 'work_experience'], 'systems': ['You are a resume tailoring assistant. Only output what is requested of you, in the exact format specified. You are to follow these guidelines when tailoring all resume sections:\n- You may only draw from the provided descriptions, no making assumptions.\n- Do not invent any data or roles, only use the data provided.\n- You may not add any untrue statements to the data that has been provided.\n- The tailored sections and overall resume must be brief, concise and professional. It must cater to recruiters and make the resume stand out.\n- Use simple to understand language when possible, unless direct technical terminology is used.', 'You are a resume tailoring assistant. Only output what is requested of you, in the exact format specified. You are to follow these guidelines when tailoring all resume sections:\n- You may only draw from the provided descriptions, no making assumptions.\n- Do not invent any data or roles, only use the data provided.\n- You may not add any untrue statements to the data that has been provided.\n- The tailored sections and overall resume must be brief, concise and professional. It must cater to recruiters and make the resume stand out.\n- Use simple to understand language when possible, unless direct technical terminology is used.', 'You are a resume tailoring assistant. Only output what is requested of you, in the exact format specified. You are to follow these guidelines when tailoring all resume sections:\n- You may only draw from the provided descriptions, no making assumptions.\n- Do not invent any data or roles, only use the data provided.\n- You may not add any untrue statements to the data that has been provided.\n- The tailored sections and overall resume must be brief, concise and professional. It must cater to recruiters and make the resume stand out.\n- Use simple to understand language when possible, unless direct technical terminology is used.', 'You are a resume tailoring assistant. Only output what is requested of you, in the exact format specified. You are to follow these guidelines when tailoring all resume sections:\n- You may only draw from the provided descriptions, no making assumptions.\n- Do not invent any data or roles, only use the data provided.\n- You may not add any untrue statements to the data that has been provided.\n- The tailored sections and overall resume must be brief, concise and professional. It must cater to recruiters and make the resume stand out.\n- Use simple to understand language when possible, unless direct technical terminology is used.'], 'candidate_name': 'Marcos David Madrigal Albores', 'candidate_title': 'Computer Engineer', 'mode': 'batch', 'standard_calls': ['summarize_section'], 'non_standard_calls': ['batch_summarize_sections'], 'async_calls': ['standard_ollama_call_async']}
2025-09-11 13:54:45,702 INFO: [INFO][OLLAMA]fetch_complete_call_info: found key prompt_in with value:
2025-09-11 13:54:45,702 INFO: Given the following resume section summaries:
                        {summary1}
                        {summary2}
                        {summary3}
                        {summary4}
                        Create a new summary that incorporates all four summaries, following these guidelines:
                        - Be very concise but detail-driven as well, which means that you must include as many relevant details as possible with minimal fluff.
                        - Include all information, competencies, achievements, and skills, this is a wholistic summary of the candidate's qualifications.
                        - Maintain the context and flow between the four sections.
                        - When referring to the candidate, use their name: {candidate_name} or their title: {candidate_title}
                        Return the summarized information as a single continuous string of text, following this format strictly:
                        [S]{section1_name} + {section2_name} + {section3_name} + {section4_name} Sections Summary: Wholistic summary of the sections' information, competencies, achievements, and key skills.
                    
2025-09-11 13:54:45,702 INFO: [INFO][OLLAMA]fetch_complete_call_info: found key ollama_url with value:
2025-09-11 13:54:45,702 INFO: http://localhost:11434
2025-09-11 13:54:45,703 INFO: [INFO][OLLAMA]fetch_complete_call_info: found key sample_starts with value:
2025-09-11 13:54:45,703 INFO: ['strict', 'cap_letters', '[S]']
2025-09-11 13:54:45,710 INFO: [INFO][OLLAMA]fetch_complete_call_info: fetching complete call info for call id batch_summarize_sections...
2025-09-11 13:54:45,710 INFO: [INFO][OLLAMA]fetch_complete_call_info: complete call info:
2025-09-11 13:54:45,710 INFO: [INFO][OLLAMA]fetch_complete_call_info: found key call_id with value:
2025-09-11 13:54:45,711 INFO: batch_summarize_sections
2025-09-11 13:54:45,711 INFO: [INFO][OLLAMA]fetch_complete_call_info: found key payload_in with value:
2025-09-11 13:54:45,711 INFO: {'model': 'llama3.2:latest', 'system': 'You are a resume tailoring assistant. Only output what is requested of you, in the exact format specified. You are to follow these guidelines when tailoring all resume sections:\n- You may only draw from the provided descriptions, no making assumptions.\n- Do not invent any data or roles, only use the data provided.\n- You may not add any untrue statements to the data that has been provided.\n- The tailored sections and overall resume must be brief, concise and professional. It must cater to recruiters and make the resume stand out.\n- Use simple to understand language when possible, unless direct technical terminology is used.', 'stream': False, 'temperature': 0.8}
2025-09-11 13:54:45,711 INFO: [INFO][OLLAMA]fetch_complete_call_info: found key format with value:
2025-09-11 13:54:45,711 INFO: {'sections': ['[0]Certifications:\n[1]Certification Name: Minor in Artificial Intelligence\n[1]Issuing Organization: University of Toronto\n[1]Issue Date: 2023/06', '[0]Awards and Scholarships:\n[1]Award Name: United Nations Datathon 2023 Participation\n[1]Issuing Organization: United Nations\n[1]Issue Date: 2023/11\n[1]Award Name: University of Toronto Engineering Scholar\n[1]Issuing Organization: University of Toronto Faculty of Applied Science and Engineering\n[1]Issue Date: 2018/09'], 'section_names': ['certifications', 'awards_and_scholarships']}
2025-09-11 13:54:45,712 INFO: [INFO][OLLAMA]fetch_complete_call_info: found key prompt_in with value:
2025-09-11 13:54:45,712 INFO: Given the following sections from a resume:
                        {sections_text}
                        Summarize the sections in a wholistic manner while following these guidelines:
                        - Be very concise but detail-driven as well, which means that you must include as many relevant details as possible with minimal fluff.
                        - Include all information, competencies, achievements, and skills, this is a wholistic summary of the candidate's qualifications.
                        - Keep in mind that these summaries will be used in a "Sliding Window" approach to summarize the entire resume effectively, so include information that is relevant for the overall context of the resume.
                        Return the summarized information as a single continuous string of text, following this format strictly:
                    
2025-09-11 13:54:45,712 INFO: [INFO][OLLAMA]fetch_complete_call_info: found key ollama_url with value:
2025-09-11 13:54:45,712 INFO: http://localhost:11434
2025-09-11 13:54:45,712 INFO: [INFO][OLLAMA]fetch_complete_call_info: found key sample_starts with value:
2025-09-11 13:54:45,712 INFO: ['flexible', 'cap_letters', '[S]']
2025-09-11 13:54:45,716 INFO: [OLLAMA]batch_summarize_sections: call_id: batch_summarize_sections
2025-09-11 13:54:45,716 INFO: [OLLAMA]batch_summarize_sections: payload field model with value llama3.2:latest found
2025-09-11 13:54:45,716 INFO: [OLLAMA]batch_summarize_sections: payload field system with value You are a resume tailoring assistant. Only output what is requested of you, in the exact format specified. You are to follow these guidelines when tailoring all resume sections:
- You may only draw from the provided descriptions, no making assumptions.
- Do not invent any data or roles, only use the data provided.
- You may not add any untrue statements to the data that has been provided.
- The tailored sections and overall resume must be brief, concise and professional. It must cater to recruiters and make the resume stand out.
- Use simple to understand language when possible, unless direct technical terminology is used. found
2025-09-11 13:54:45,716 INFO: [OLLAMA]batch_summarize_sections: payload field prompt with value Given the following sections from a resume:
                        [0]Certifications:
[1]Certification Name: Minor in Artificial Intelligence
[1]Issuing Organization: University of Toronto
[1]Issue Date: 2023/06
[0]Awards and Scholarships:
[1]Award Name: United Nations Datathon 2023 Participation
[1]Issuing Organization: United Nations
[1]Issue Date: 2023/11
[1]Award Name: University of Toronto Engineering Scholar
[1]Issuing Organization: University of Toronto Faculty of Applied Science and Engineering
[1]Issue Date: 2018/09
                        Summarize the sections in a wholistic manner while following these guidelines:
                        - Be very concise but detail-driven as well, which means that you must include as many relevant details as possible with minimal fluff.
                        - Include all information, competencies, achievements, and skills, this is a wholistic summary of the candidate's qualifications.
                        - Keep in mind that these summaries will be used in a "Sliding Window" approach to summarize the entire resume effectively, so include information that is relevant for the overall context of the resume.
                        Return the summarized information as a single continuous string of text, following this format strictly:
                    [S]certifications Section Summary: Wholistic summary of the section's information.
[S]awards_and_scholarships Section Summary: Wholistic summary of the section's information.
 found
2025-09-11 13:54:45,717 INFO: [OLLAMA]batch_summarize_sections: payload field stream with value False found
2025-09-11 13:54:45,717 INFO: [OLLAMA]batch_summarize_sections: payload field temperature with value 0.8 found
2025-09-11 13:54:49,657 INFO: [SUCCESS][OLLAMA]batch_summarize_sections: {'model': 'llama3.2:latest', 'created_at': '2025-09-11T19:54:49.6560867Z', 'response': '[S]ertifications Section Summary: Minor in Artificial Intelligence certification issued by University of Toronto on 2023/06. This demonstrates proficiency in AI concepts and applications.\n\n[S]awards_and_scholarships Section Summary: United Nations Datathon 2023 Participation award recognizing exceptional data analysis skills, and University of Toronto Engineering Scholar award for academic excellence in engineering from the Faculty of Applied Science and Engineering, awarded on 2018/09.', 'done': True, 'done_reason': 'stop', 'context': [128006, 9125, 128007, 271, 38766, 1303, 33025, 2696, 25, 6790, 220, 2366, 18, 271, 2675, 527, 264, 16063, 9986, 5620, 18328, 13, 8442, 2612, 1148, 374, 11472, 315, 499, 11, 304, 279, 4839, 3645, 5300, 13, 1472, 527, 311, 1833, 1521, 17959, 994, 9986, 5620, 682, 16063, 14491, 512, 12, 1472, 1253, 1193, 4128, 505, 279, 3984, 28887, 11, 912, 3339, 32946, 627, 12, 3234, 539, 17459, 904, 828, 477, 13073, 11, 1193, 1005, 279, 828, 3984, 627, 12, 1472, 1253, 539, 923, 904, 88977, 12518, 311, 279, 828, 430, 706, 1027, 3984, 627, 12, 578, 41891, 14491, 323, 8244, 16063, 2011, 387, 10015, 11, 64694, 323, 6721, 13, 1102, 2011, 29068, 311, 93940, 323, 1304, 279, 16063, 2559, 704, 627, 12, 5560, 4382, 311, 3619, 4221, 994, 3284, 11, 7389, 2167, 11156, 57726, 374, 1511, 13, 128009, 128006, 882, 128007, 271, 22818, 279, 2768, 14491, 505, 264, 16063, 512, 667, 510, 15, 60, 38034, 7174, 512, 58, 16, 60, 38034, 2461, 4076, 25, 30893, 304, 59294, 22107, 198, 58, 16, 60, 29316, 7623, 21021, 25, 3907, 315, 14974, 198, 58, 16, 60, 43106, 2696, 25, 220, 2366, 18, 14, 2705, 198, 58, 15, 60, 32, 4102, 323, 25542, 18143, 512, 58, 16, 60, 90640, 4076, 25, 3723, 19687, 22362, 24893, 220, 2366, 18, 64503, 198, 58, 16, 60, 29316, 7623, 21021, 25, 3723, 19687, 198, 58, 16, 60, 43106, 2696, 25, 220, 2366, 18, 14, 806, 198, 58, 16, 60, 90640, 4076, 25, 3907, 315, 14974, 17005, 25542, 198, 58, 16, 60, 29316, 7623, 21021, 25, 3907, 315, 14974, 42904, 315, 43608, 10170, 323, 17005, 198, 58, 16, 60, 43106, 2696, 25, 220, 679, 23, 14, 2545, 198, 667, 8279, 5730, 553, 279, 14491, 304, 264, 421, 337, 4633, 11827, 1418, 2768, 1521, 17959, 512, 667, 482, 2893, 1633, 64694, 719, 7872, 32505, 439, 1664, 11, 902, 3445, 430, 499, 2011, 2997, 439, 1690, 9959, 3649, 439, 3284, 449, 17832, 1344, 1386, 627, 667, 482, 30834, 682, 2038, 11, 4634, 6072, 11, 33997, 11, 323, 7512, 11, 420, 374, 264, 421, 337, 4633, 12399, 315, 279, 9322, 596, 43784, 627, 667, 482, 13969, 304, 4059, 430, 1521, 70022, 690, 387, 1511, 304, 264, 330, 7594, 6714, 13956, 1, 5603, 311, 63179, 279, 4553, 16063, 13750, 11, 779, 2997, 2038, 430, 374, 9959, 369, 279, 8244, 2317, 315, 279, 16063, 627, 667, 3494, 279, 69729, 2038, 439, 264, 3254, 19815, 925, 315, 1495, 11, 2768, 420, 3645, 26549, 512, 504, 510, 50, 60, 12525, 7174, 11360, 22241, 25, 1254, 337, 4633, 12399, 315, 279, 3857, 596, 2038, 627, 43574, 60, 675, 2402, 8543, 646, 331, 7569, 18143, 11360, 22241, 25, 1254, 337, 4633, 12399, 315, 279, 3857, 596, 2038, 627, 128009, 128006, 78191, 128007, 271, 43574, 60, 531, 7174, 11360, 22241, 25, 30893, 304, 59294, 22107, 28706, 11136, 555, 3907, 315, 14974, 389, 220, 2366, 18, 14, 2705, 13, 1115, 32216, 63239, 304, 15592, 19476, 323, 8522, 382, 43574, 60, 675, 2402, 8543, 646, 331, 7569, 18143, 11360, 22241, 25, 3723, 19687, 22362, 24893, 220, 2366, 18, 64503, 10292, 49183, 25363, 828, 6492, 7512, 11, 323, 3907, 315, 14974, 17005, 25542, 10292, 369, 14584, 38656, 304, 15009, 505, 279, 42904, 315, 43608, 10170, 323, 17005, 11, 22034, 389, 220, 679, 23, 14, 2545, 13], 'total_duration': 1892820900, 'load_duration': 49943800, 'prompt_eval_count': 456, 'prompt_eval_duration': 41500900, 'eval_count': 90, 'eval_duration': 1800050200}
2025-09-11 13:54:49,658 INFO: [TIME] batch_summarize_sections took 3.9444 seconds
2025-09-11 13:54:49,658 INFO: [TIME] filter_output took 0.0000 seconds
2025-09-11 13:54:49,661 WARNING: [WARNING]compare_start: Length mismatch: 1 != 2
2025-09-11 13:54:49,661 INFO: [SUCCESS]Output matches expected start lines
2025-09-11 13:54:49,661 INFO: [TIME] compare_start took 0.0024 seconds
2025-09-11 13:54:49,661 INFO: [SUCCESS][OLLAMA]ollama_call: Ollama call succeeded: [S]ertifications Section Summary: Minor in Artificial Intelligence certification issued by University of Toronto on 2023/06. This demonstrates proficiency in AI concepts and applications.
[S]awards_and_scholarships Section Summary: United Nations Datathon 2023 Participation award recognizing exceptional data analysis skills, and University of Toronto Engineering Scholar award for academic excellence in engineering from the Faculty of Applied Science and Engineering, awarded on 2018/09.
2025-09-11 13:54:49,661 INFO: [TIME] ollama_call took 3.9557 seconds
2025-09-11 13:54:49,661 INFO: [TIME] filter_output took 0.0000 seconds
2025-09-11 13:54:49,666 INFO: [INFO][OLLAMA]fetch_complete_call_info: fetching complete call info for call id batch_summarize_sections...
2025-09-11 13:54:49,666 INFO: [INFO][OLLAMA]fetch_complete_call_info: complete call info:
2025-09-11 13:54:49,666 INFO: [INFO][OLLAMA]fetch_complete_call_info: found key call_id with value:
2025-09-11 13:54:49,667 INFO: batch_summarize_sections
2025-09-11 13:54:49,667 INFO: [INFO][OLLAMA]fetch_complete_call_info: found key payload_in with value:
2025-09-11 13:54:49,667 INFO: {'model': 'llama3.2:latest', 'system': 'You are a resume tailoring assistant. Only output what is requested of you, in the exact format specified. You are to follow these guidelines when tailoring all resume sections:\n- You may only draw from the provided descriptions, no making assumptions.\n- Do not invent any data or roles, only use the data provided.\n- You may not add any untrue statements to the data that has been provided.\n- The tailored sections and overall resume must be brief, concise and professional. It must cater to recruiters and make the resume stand out.\n- Use simple to understand language when possible, unless direct technical terminology is used.', 'stream': False, 'temperature': 0.8}
2025-09-11 13:54:49,668 INFO: [INFO][OLLAMA]fetch_complete_call_info: found key format with value:
2025-09-11 13:54:49,668 INFO: {'sections': ['[0]Volunteering and Leadership:\n[1]Role: Committee Student Member\n[1]Organization: Scholarship Committee at the Faculty of Engineering, University of Toronto\n[1]Location: Toronto, ON, Canada\n[1]Duration: 2020/01 - 2020/12\n[1]Description: Collaborated as part of a multi-disciplinary committee, providing impactful decisions to benefit students faculty-wide. Represented students by distributing and voting on awards and scholarships for students', '[0]Work Experience:\n[1]Job Title: Freelance 3D Designer\n[1]Company: Freelance\n[1]Location: Toronto, ON, Canada\n[1]Duration: 2024/01 - 2024/09\n[1]Description: Designed quality models for 3D printed products, applying technical skills in Blender and various slicing software/hardware. Utilized problem-solving expertise to create innovative designs\n[1]Job Title: PEY VR Technical Assistant\n[1]Company: Medica Providencia Clinic\n[1]Location: Tuxtla Gtz, CS, Mexico\n[1]Duration: 2022/12 - 2023/03\n[1]Description: Utilized problem-solving skills to troubleshoot hardware issues, improving efficiency and patient satisfaction. Collaborated with professionals on testing processes\n[1]Job Title: Script Programmer and Video Project Editor\n[1]Company: Ontario Institute for Studies in Education\n[1]Location: Toronto, ON, Canada\n[1]Duration: 2022/03 - 2022/05\n[1]Description: Developed video description generation algorithms using Python, enhancing stakeholder satisfaction and project deliverables within 3 months. Utilized creative problem-solving skills to align project goals\n[1]Job Title: Secretary and Sales Associate\n[1]Company: Medica Providencia Clinic\n[1]Location: Tuxtla Gtz, CS, Mexico\n[1]Duration: 2015/08 - 2018/07\n[1]Description: Streamlined operations by efficiently managing tasks, demonstrating skills in data entry and documentation, and performing sales operations. This experience showcases my ability to manage peak hours and adapt to changing demands'], 'section_names': ['volunteering_and_leadership', 'work_experience']}
2025-09-11 13:54:49,668 INFO: [INFO][OLLAMA]fetch_complete_call_info: found key prompt_in with value:
2025-09-11 13:54:49,669 INFO: Given the following sections from a resume:
                        {sections_text}
                        Summarize the sections in a wholistic manner while following these guidelines:
                        - Be very concise but detail-driven as well, which means that you must include as many relevant details as possible with minimal fluff.
                        - Include all information, competencies, achievements, and skills, this is a wholistic summary of the candidate's qualifications.
                        - Keep in mind that these summaries will be used in a "Sliding Window" approach to summarize the entire resume effectively, so include information that is relevant for the overall context of the resume.
                        Return the summarized information as a single continuous string of text, following this format strictly:
                    
2025-09-11 13:54:49,669 INFO: [INFO][OLLAMA]fetch_complete_call_info: found key ollama_url with value:
2025-09-11 13:54:49,670 INFO: http://localhost:11434
2025-09-11 13:54:49,670 INFO: [INFO][OLLAMA]fetch_complete_call_info: found key sample_starts with value:
2025-09-11 13:54:49,670 INFO: ['flexible', 'cap_letters', '[S]']
2025-09-11 13:54:49,672 INFO: [OLLAMA]batch_summarize_sections: call_id: batch_summarize_sections
2025-09-11 13:54:49,672 INFO: [OLLAMA]batch_summarize_sections: payload field model with value llama3.2:latest found
2025-09-11 13:54:49,672 INFO: [OLLAMA]batch_summarize_sections: payload field system with value You are a resume tailoring assistant. Only output what is requested of you, in the exact format specified. You are to follow these guidelines when tailoring all resume sections:
- You may only draw from the provided descriptions, no making assumptions.
- Do not invent any data or roles, only use the data provided.
- You may not add any untrue statements to the data that has been provided.
- The tailored sections and overall resume must be brief, concise and professional. It must cater to recruiters and make the resume stand out.
- Use simple to understand language when possible, unless direct technical terminology is used. found
2025-09-11 13:54:49,673 INFO: [OLLAMA]batch_summarize_sections: payload field prompt with value Given the following sections from a resume:
                        [0]Volunteering and Leadership:
[1]Role: Committee Student Member
[1]Organization: Scholarship Committee at the Faculty of Engineering, University of Toronto
[1]Location: Toronto, ON, Canada
[1]Duration: 2020/01 - 2020/12
[1]Description: Collaborated as part of a multi-disciplinary committee, providing impactful decisions to benefit students faculty-wide. Represented students by distributing and voting on awards and scholarships for students
[0]Work Experience:
[1]Job Title: Freelance 3D Designer
[1]Company: Freelance
[1]Location: Toronto, ON, Canada
[1]Duration: 2024/01 - 2024/09
[1]Description: Designed quality models for 3D printed products, applying technical skills in Blender and various slicing software/hardware. Utilized problem-solving expertise to create innovative designs
[1]Job Title: PEY VR Technical Assistant
[1]Company: Medica Providencia Clinic
[1]Location: Tuxtla Gtz, CS, Mexico
[1]Duration: 2022/12 - 2023/03
[1]Description: Utilized problem-solving skills to troubleshoot hardware issues, improving efficiency and patient satisfaction. Collaborated with professionals on testing processes
[1]Job Title: Script Programmer and Video Project Editor
[1]Company: Ontario Institute for Studies in Education
[1]Location: Toronto, ON, Canada
[1]Duration: 2022/03 - 2022/05
[1]Description: Developed video description generation algorithms using Python, enhancing stakeholder satisfaction and project deliverables within 3 months. Utilized creative problem-solving skills to align project goals
[1]Job Title: Secretary and Sales Associate
[1]Company: Medica Providencia Clinic
[1]Location: Tuxtla Gtz, CS, Mexico
[1]Duration: 2015/08 - 2018/07
[1]Description: Streamlined operations by efficiently managing tasks, demonstrating skills in data entry and documentation, and performing sales operations. This experience showcases my ability to manage peak hours and adapt to changing demands
                        Summarize the sections in a wholistic manner while following these guidelines:
                        - Be very concise but detail-driven as well, which means that you must include as many relevant details as possible with minimal fluff.
                        - Include all information, competencies, achievements, and skills, this is a wholistic summary of the candidate's qualifications.
                        - Keep in mind that these summaries will be used in a "Sliding Window" approach to summarize the entire resume effectively, so include information that is relevant for the overall context of the resume.
                        Return the summarized information as a single continuous string of text, following this format strictly:
                    [S]volunteering_and_leadership Section Summary: Wholistic summary of the section's information.
[S]work_experience Section Summary: Wholistic summary of the section's information.
 found
2025-09-11 13:54:49,673 INFO: [OLLAMA]batch_summarize_sections: payload field stream with value False found
2025-09-11 13:54:49,673 INFO: [OLLAMA]batch_summarize_sections: payload field temperature with value 0.8 found
2025-09-11 13:54:57,495 INFO: [SUCCESS][OLLAMA]batch_summarize_sections: {'model': 'llama3.2:latest', 'created_at': '2025-09-11T19:54:57.4933171Z', 'response': '[S]volunteering_and_leadership Section Summary: \nAs a Committee Student Member at the Scholarship Committee at the Faculty of Engineering, University of Toronto, successfully represented students and made impactful decisions benefiting faculty-wide. Distributed and voted on awards and scholarships for students, fostering student-faculty engagement.\n\n[S]work_experience Section Summary:\nFreelance 3D Designer (2024/01 - 2024/09) in Toronto, ON, Canada: Designed quality models using Blender and slicing software/hardware, applying problem-solving expertise to create innovative designs. Utilized technical skills in 3D design.\n\nPEY VR Technical Assistant (2022/12 - 2023/03) in Tuxtla Gtz, CS, Mexico: Troubleshooted hardware issues improving efficiency and patient satisfaction through problem-solving skills, collaborating with professionals on testing processes.\n\nScript Programmer and Video Project Editor (2022/03 - 2022/05) in Toronto, ON, Canada: Developed video description generation algorithms using Python, enhancing stakeholder satisfaction within 3 months. Utilized creative problem-solving skills to align project goals.\n\nSecretary and Sales Associate (2015/08 - 2018/07) in Tuxtla Gtz, CS, Mexico: Streamlined operations by efficiently managing tasks, demonstrating data entry, documentation, and sales operations skills, showcasing ability to manage peak hours and adapt to changing demands.', 'done': True, 'done_reason': 'stop', 'context': [128006, 9125, 128007, 271, 38766, 1303, 33025, 2696, 25, 6790, 220, 2366, 18, 271, 2675, 527, 264, 16063, 9986, 5620, 18328, 13, 8442, 2612, 1148, 374, 11472, 315, 499, 11, 304, 279, 4839, 3645, 5300, 13, 1472, 527, 311, 1833, 1521, 17959, 994, 9986, 5620, 682, 16063, 14491, 512, 12, 1472, 1253, 1193, 4128, 505, 279, 3984, 28887, 11, 912, 3339, 32946, 627, 12, 3234, 539, 17459, 904, 828, 477, 13073, 11, 1193, 1005, 279, 828, 3984, 627, 12, 1472, 1253, 539, 923, 904, 88977, 12518, 311, 279, 828, 430, 706, 1027, 3984, 627, 12, 578, 41891, 14491, 323, 8244, 16063, 2011, 387, 10015, 11, 64694, 323, 6721, 13, 1102, 2011, 29068, 311, 93940, 323, 1304, 279, 16063, 2559, 704, 627, 12, 5560, 4382, 311, 3619, 4221, 994, 3284, 11, 7389, 2167, 11156, 57726, 374, 1511, 13, 128009, 128006, 882, 128007, 271, 22818, 279, 2768, 14491, 505, 264, 16063, 512, 667, 510, 15, 60, 37461, 11066, 4776, 323, 37263, 512, 58, 16, 60, 9207, 25, 10554, 11988, 12308, 198, 58, 16, 60, 42674, 25, 58984, 10554, 520, 279, 42904, 315, 17005, 11, 3907, 315, 14974, 198, 58, 16, 60, 4812, 25, 14974, 11, 6328, 11, 7008, 198, 58, 16, 60, 13242, 25, 220, 2366, 15, 14, 1721, 482, 220, 2366, 15, 14, 717, 198, 58, 16, 60, 5116, 25, 49681, 660, 439, 961, 315, 264, 7447, 52765, 44550, 13093, 11, 8405, 98990, 11429, 311, 8935, 4236, 22291, 25480, 13, 22717, 291, 4236, 555, 50812, 323, 16043, 389, 23146, 323, 55855, 369, 4236, 198, 58, 15, 60, 6919, 21460, 512, 58, 16, 60, 12524, 11106, 25, 81033, 685, 220, 18, 35, 15940, 198, 58, 16, 60, 14831, 25, 81033, 685, 198, 58, 16, 60, 4812, 25, 14974, 11, 6328, 11, 7008, 198, 58, 16, 60, 13242, 25, 220, 2366, 19, 14, 1721, 482, 220, 2366, 19, 14, 2545, 198, 58, 16, 60, 5116, 25, 48525, 4367, 4211, 369, 220, 18, 35, 17124, 3956, 11, 19486, 11156, 7512, 304, 88668, 323, 5370, 86015, 3241, 7682, 38850, 13, 10377, 1534, 3575, 99246, 19248, 311, 1893, 18699, 14769, 198, 58, 16, 60, 12524, 11106, 25, 22557, 56, 19718, 27766, 22103, 198, 58, 16, 60, 14831, 25, 3344, 3074, 21156, 8968, 40324, 198, 58, 16, 60, 4812, 25, 350, 77500, 4355, 480, 38692, 11, 10211, 11, 12550, 198, 58, 16, 60, 13242, 25, 220, 2366, 17, 14, 717, 482, 220, 2366, 18, 14, 2839, 198, 58, 16, 60, 5116, 25, 10377, 1534, 3575, 99246, 7512, 311, 20498, 97508, 12035, 4819, 11, 18899, 15374, 323, 8893, 24617, 13, 49681, 660, 449, 15749, 389, 7649, 11618, 198, 58, 16, 60, 12524, 11106, 25, 14025, 89124, 323, 8519, 5907, 12865, 198, 58, 16, 60, 14831, 25, 21193, 10181, 369, 19241, 304, 11930, 198, 58, 16, 60, 4812, 25, 14974, 11, 6328, 11, 7008, 198, 58, 16, 60, 13242, 25, 220, 2366, 17, 14, 2839, 482, 220, 2366, 17, 14, 2304, 198, 58, 16, 60, 5116, 25, 80110, 2835, 4096, 9659, 26249, 1701, 13325, 11, 47594, 18783, 4346, 24617, 323, 2447, 6493, 4893, 2949, 220, 18, 4038, 13, 10377, 1534, 11782, 3575, 99246, 7512, 311, 5398, 2447, 9021, 198, 58, 16, 60, 12524, 11106, 25, 12667, 323, 16207, 33468, 198, 58, 16, 60, 14831, 25, 3344, 3074, 21156, 8968, 40324, 198, 58, 16, 60, 4812, 25, 350, 77500, 4355, 480, 38692, 11, 10211, 11, 12550, 198, 58, 16, 60, 13242, 25, 220, 679, 20, 14, 2318, 482, 220, 679, 23, 14, 2589, 198, 58, 16, 60, 5116, 25, 9384, 15472, 7677, 555, 30820, 18646, 9256, 11, 45296, 7512, 304, 828, 4441, 323, 9904, 11, 323, 16785, 6763, 7677, 13, 1115, 3217, 71849, 856, 5845, 311, 10299, 16557, 4207, 323, 10737, 311, 10223, 18651, 198, 667, 8279, 5730, 553, 279, 14491, 304, 264, 421, 337, 4633, 11827, 1418, 2768, 1521, 17959, 512, 667, 482, 2893, 1633, 64694, 719, 7872, 32505, 439, 1664, 11, 902, 3445, 430, 499, 2011, 2997, 439, 1690, 9959, 3649, 439, 3284, 449, 17832, 1344, 1386, 627, 667, 482, 30834, 682, 2038, 11, 4634, 6072, 11, 33997, 11, 323, 7512, 11, 420, 374, 264, 421, 337, 4633, 12399, 315, 279, 9322, 596, 43784, 627, 667, 482, 13969, 304, 4059, 430, 1521, 70022, 690, 387, 1511, 304, 264, 330, 7594, 6714, 13956, 1, 5603, 311, 63179, 279, 4553, 16063, 13750, 11, 779, 2997, 2038, 430, 374, 9959, 369, 279, 8244, 2317, 315, 279, 16063, 627, 667, 3494, 279, 69729, 2038, 439, 264, 3254, 19815, 925, 315, 1495, 11, 2768, 420, 3645, 26549, 512, 504, 510, 50, 60, 12821, 11066, 4776, 8543, 12013, 6527, 2200, 11360, 22241, 25, 1254, 337, 4633, 12399, 315, 279, 3857, 596, 2038, 627, 43574, 60, 1816, 92242, 11360, 22241, 25, 1254, 337, 4633, 12399, 315, 279, 3857, 596, 2038, 627, 128009, 128006, 78191, 128007, 271, 43574, 60, 12821, 11066, 4776, 8543, 12013, 6527, 2200, 11360, 22241, 25, 720, 2170, 264, 10554, 11988, 12308, 520, 279, 58984, 10554, 520, 279, 42904, 315, 17005, 11, 3907, 315, 14974, 11, 7946, 15609, 4236, 323, 1903, 98990, 11429, 84015, 22291, 25480, 13, 45055, 323, 16626, 389, 23146, 323, 55855, 369, 4236, 11, 86644, 5575, 2269, 582, 15070, 20392, 382, 43574, 60, 1816, 92242, 11360, 22241, 512, 37831, 301, 685, 220, 18, 35, 15940, 320, 2366, 19, 14, 1721, 482, 220, 2366, 19, 14, 2545, 8, 304, 14974, 11, 6328, 11, 7008, 25, 48525, 4367, 4211, 1701, 88668, 323, 86015, 3241, 7682, 38850, 11, 19486, 3575, 99246, 19248, 311, 1893, 18699, 14769, 13, 10377, 1534, 11156, 7512, 304, 220, 18, 35, 2955, 382, 1777, 56, 19718, 27766, 22103, 320, 2366, 17, 14, 717, 482, 220, 2366, 18, 14, 2839, 8, 304, 350, 77500, 4355, 480, 38692, 11, 10211, 11, 12550, 25, 42782, 65, 97508, 291, 12035, 4819, 18899, 15374, 323, 8893, 24617, 1555, 3575, 99246, 7512, 11, 73301, 449, 15749, 389, 7649, 11618, 382, 6035, 89124, 323, 8519, 5907, 12865, 320, 2366, 17, 14, 2839, 482, 220, 2366, 17, 14, 2304, 8, 304, 14974, 11, 6328, 11, 7008, 25, 80110, 2835, 4096, 9659, 26249, 1701, 13325, 11, 47594, 18783, 4346, 24617, 2949, 220, 18, 4038, 13, 10377, 1534, 11782, 3575, 99246, 7512, 311, 5398, 2447, 9021, 382, 99028, 323, 16207, 33468, 320, 679, 20, 14, 2318, 482, 220, 679, 23, 14, 2589, 8, 304, 350, 77500, 4355, 480, 38692, 11, 10211, 11, 12550, 25, 9384, 15472, 7677, 555, 30820, 18646, 9256, 11, 45296, 828, 4441, 11, 9904, 11, 323, 6763, 7677, 7512, 11, 67908, 5845, 311, 10299, 16557, 4207, 323, 10737, 311, 10223, 18651, 13], 'total_duration': 5775283500, 'load_duration': 52078700, 'prompt_eval_count': 792, 'prompt_eval_duration': 383103300, 'eval_count': 286, 'eval_duration': 5339001600}
2025-09-11 13:54:57,496 INFO: [TIME] batch_summarize_sections took 7.8251 seconds
2025-09-11 13:54:57,496 INFO: [TIME] filter_output took 0.0000 seconds
2025-09-11 13:54:57,498 WARNING: [WARNING]compare_start: Length mismatch: 1 != 2
2025-09-11 13:54:57,498 INFO: [SUCCESS]Output matches expected start lines
2025-09-11 13:54:57,498 INFO: [TIME] compare_start took 0.0024 seconds
2025-09-11 13:54:57,498 INFO: [SUCCESS][OLLAMA]ollama_call: Ollama call succeeded: [S]volunteering_and_leadership Section Summary:
[S]work_experience Section Summary:
2025-09-11 13:54:57,498 INFO: [TIME] ollama_call took 7.8369 seconds
2025-09-11 13:54:57,499 INFO: [TIME] filter_output took 0.0000 seconds
2025-09-11 13:54:57,499 INFO: [OLLAMA]sliding_window_four_sections: payload field model with value llama3.2:latest found
2025-09-11 13:54:57,499 INFO: [OLLAMA]sliding_window_four_sections: payload field system with value You are a resume tailoring assistant. Only output what is requested of you, in the exact format specified. You are to follow these guidelines when tailoring all resume sections:
- You may only draw from the provided descriptions, no making assumptions.
- Do not invent any data or roles, only use the data provided.
- You may not add any untrue statements to the data that has been provided.
- The tailored sections and overall resume must be brief, concise and professional. It must cater to recruiters and make the resume stand out.
- Use simple to understand language when possible, unless direct technical terminology is used. found
2025-09-11 13:54:57,499 INFO: [OLLAMA]sliding_window_four_sections: payload field prompt with value Given the following resume section summaries:
                        [S]ertifications Section Summary: Minor in Artificial Intelligence certification issued by University of Toronto on 2023/06. This demonstrates proficiency in AI concepts and applications.
[S]awards_and_scholarships Section Summary: United Nations Datathon 2023 Participation award recognizing exceptional data analysis skills, and University of Toronto Engineering Scholar award for academic excellence in engineering from the Faculty of Applied Science and Engineering, awarded on 2018/09.
                        [S]volunteering_and_leadership Section Summary:
[S]work_experience Section Summary:
                        
                        
                        Create a new summary that incorporates all four summaries, following these guidelines:
                        - Be very concise but detail-driven as well, which means that you must include as many relevant details as possible with minimal fluff.
                        - Include all information, competencies, achievements, and skills, this is a wholistic summary of the candidate's qualifications.
                        - Maintain the context and flow between the four sections.
                        - When referring to the candidate, use their name: Marcos David Madrigal Albores or their title: Computer Engineer
                        Return the summarized information as a single continuous string of text, following this format strictly:
                        [S]certifications + awards_and_scholarships + volunteering_and_leadership + work_experience Sections Summary: Wholistic summary of the sections' information, competencies, achievements, and key skills.
                     found
2025-09-11 13:54:57,500 INFO: [OLLAMA]sliding_window_four_sections: payload field stream with value False found
2025-09-11 13:54:57,500 INFO: [OLLAMA]sliding_window_four_sections: payload field temperature with value 0.8 found
2025-09-11 13:55:00,421 INFO: [SUCCESS][OLLAMA]sliding_window_four_sections: {'model': 'llama3.2:latest', 'created_at': '2025-09-11T19:55:00.420065Z', 'response': 'I am unable to create a summarized version of your resume as I do not have the four section summaries provided. Can you please provide them so I can assist further?', 'done': True, 'done_reason': 'stop', 'context': [128006, 9125, 128007, 271, 38766, 1303, 33025, 2696, 25, 6790, 220, 2366, 18, 271, 2675, 527, 264, 16063, 9986, 5620, 18328, 13, 8442, 2612, 1148, 374, 11472, 315, 499, 11, 304, 279, 4839, 3645, 5300, 13, 1472, 527, 311, 1833, 1521, 17959, 994, 9986, 5620, 682, 16063, 14491, 512, 12, 1472, 1253, 1193, 4128, 505, 279, 3984, 28887, 11, 912, 3339, 32946, 627, 12, 3234, 539, 17459, 904, 828, 477, 13073, 11, 1193, 1005, 279, 828, 3984, 627, 12, 1472, 1253, 539, 923, 904, 88977, 12518, 311, 279, 828, 430, 706, 1027, 3984, 627, 12, 578, 41891, 14491, 323, 8244, 16063, 2011, 387, 10015, 11, 64694, 323, 6721, 13, 1102, 2011, 29068, 311, 93940, 323, 1304, 279, 16063, 2559, 704, 627, 12, 5560, 4382, 311, 3619, 4221, 994, 3284, 11, 7389, 2167, 11156, 57726, 374, 1511, 13, 128009, 128006, 882, 128007, 271, 22818, 279, 2768, 16063, 3857, 70022, 512, 667, 510, 50, 60, 531, 7174, 11360, 22241, 25, 30893, 304, 59294, 22107, 28706, 11136, 555, 3907, 315, 14974, 389, 220, 2366, 18, 14, 2705, 13, 1115, 32216, 63239, 304, 15592, 19476, 323, 8522, 627, 43574, 60, 675, 2402, 8543, 646, 331, 7569, 18143, 11360, 22241, 25, 3723, 19687, 22362, 24893, 220, 2366, 18, 64503, 10292, 49183, 25363, 828, 6492, 7512, 11, 323, 3907, 315, 14974, 17005, 25542, 10292, 369, 14584, 38656, 304, 15009, 505, 279, 42904, 315, 43608, 10170, 323, 17005, 11, 22034, 389, 220, 679, 23, 14, 2545, 627, 667, 510, 50, 60, 12821, 11066, 4776, 8543, 12013, 6527, 2200, 11360, 22241, 512, 43574, 60, 1816, 92242, 11360, 22241, 512, 16244, 16244, 667, 4324, 264, 502, 12399, 430, 52924, 682, 3116, 70022, 11, 2768, 1521, 17959, 512, 667, 482, 2893, 1633, 64694, 719, 7872, 32505, 439, 1664, 11, 902, 3445, 430, 499, 2011, 2997, 439, 1690, 9959, 3649, 439, 3284, 449, 17832, 1344, 1386, 627, 667, 482, 30834, 682, 2038, 11, 4634, 6072, 11, 33997, 11, 323, 7512, 11, 420, 374, 264, 421, 337, 4633, 12399, 315, 279, 9322, 596, 43784, 627, 667, 482, 87477, 279, 2317, 323, 6530, 1990, 279, 3116, 14491, 627, 667, 482, 3277, 22797, 311, 279, 9322, 11, 1005, 872, 836, 25, 66605, 6941, 9671, 14746, 278, 1708, 754, 417, 477, 872, 2316, 25, 17863, 29483, 198, 667, 3494, 279, 69729, 2038, 439, 264, 3254, 19815, 925, 315, 1495, 11, 2768, 420, 3645, 26549, 512, 667, 510, 50, 60, 12525, 7174, 489, 23146, 8543, 646, 331, 7569, 18143, 489, 70438, 8543, 12013, 6527, 2200, 489, 990, 92242, 60137, 22241, 25, 1254, 337, 4633, 12399, 315, 279, 14491, 6, 2038, 11, 4634, 6072, 11, 33997, 11, 323, 1401, 7512, 627, 3909, 128009, 128006, 78191, 128007, 271, 40, 1097, 12153, 311, 1893, 264, 69729, 2373, 315, 701, 16063, 439, 358, 656, 539, 617, 279, 3116, 3857, 70022, 3984, 13, 3053, 499, 4587, 3493, 1124, 779, 358, 649, 7945, 4726, 30], 'total_duration': 876175000, 'load_duration': 50705800, 'prompt_eval_count': 441, 'prompt_eval_duration': 41129700, 'eval_count': 34, 'eval_duration': 783319500}
2025-09-11 13:55:00,422 INFO: [TIME] sliding_window_four_sections took 14.7186 seconds
2025-09-11 13:55:00,422 INFO: [TIME] filter_output took 0.0000 seconds
2025-09-11 13:55:00,425 ERROR: [ERROR]compare_start: Length mismatch: 1 != 0
2025-09-11 13:55:00,425 INFO: [TIME] compare_start took 0.0024 seconds
2025-09-11 13:55:00,425 ERROR: [ERROR][OLLAMA]ollama_call: Output does not match expected start lines or output length. Retrying 1/1...
2025-09-11 13:55:00,425 ERROR: [ERROR][OLLAMA]ollama_call: All retries exhausted. Returning last response.
2025-09-11 13:55:00,425 INFO: [TIME] ollama_call took 14.7293 seconds
2025-09-11 13:55:00,429 INFO: [INFO][OLLAMA]fetch_complete_call_info: fetching complete call info for call id sliding_window_four_sections...
2025-09-11 13:55:00,429 INFO: [INFO][OLLAMA]fetch_complete_call_info: complete call info:
2025-09-11 13:55:00,429 INFO: [INFO][OLLAMA]fetch_complete_call_info: found key call_id with value:
2025-09-11 13:55:00,429 INFO: sliding_window_four_sections
2025-09-11 13:55:00,429 INFO: [INFO][OLLAMA]fetch_complete_call_info: found key payload_in with value:
2025-09-11 13:55:00,429 INFO: {'model': 'llama3.2:latest', 'system': 'You are a resume tailoring assistant. Only output what is requested of you, in the exact format specified. You are to follow these guidelines when tailoring all resume sections:\n- You may only draw from the provided descriptions, no making assumptions.\n- Do not invent any data or roles, only use the data provided.\n- You may not add any untrue statements to the data that has been provided.\n- The tailored sections and overall resume must be brief, concise and professional. It must cater to recruiters and make the resume stand out.\n- Use simple to understand language when possible, unless direct technical terminology is used.', 'stream': False, 'temperature': 0.8}
2025-09-11 13:55:00,430 INFO: [INFO][OLLAMA]fetch_complete_call_info: found key format with value:
2025-09-11 13:55:00,430 INFO: {'sections': ['[0]Awards and Scholarships:\n[1]Award Name: United Nations Datathon 2023 Participation\n[1]Issuing Organization: United Nations\n[1]Issue Date: 2023/11\n[1]Award Name: University of Toronto Engineering Scholar\n[1]Issuing Organization: University of Toronto Faculty of Applied Science and Engineering\n[1]Issue Date: 2018/09', '[0]Volunteering and Leadership:\n[1]Role: Committee Student Member\n[1]Organization: Scholarship Committee at the Faculty of Engineering, University of Toronto\n[1]Location: Toronto, ON, Canada\n[1]Duration: 2020/01 - 2020/12\n[1]Description: Collaborated as part of a multi-disciplinary committee, providing impactful decisions to benefit students faculty-wide. Represented students by distributing and voting on awards and scholarships for students', '[0]Work Experience:\n[1]Job Title: Freelance 3D Designer\n[1]Company: Freelance\n[1]Location: Toronto, ON, Canada\n[1]Duration: 2024/01 - 2024/09\n[1]Description: Designed quality models for 3D printed products, applying technical skills in Blender and various slicing software/hardware. Utilized problem-solving expertise to create innovative designs\n[1]Job Title: PEY VR Technical Assistant\n[1]Company: Medica Providencia Clinic\n[1]Location: Tuxtla Gtz, CS, Mexico\n[1]Duration: 2022/12 - 2023/03\n[1]Description: Utilized problem-solving skills to troubleshoot hardware issues, improving efficiency and patient satisfaction. Collaborated with professionals on testing processes\n[1]Job Title: Script Programmer and Video Project Editor\n[1]Company: Ontario Institute for Studies in Education\n[1]Location: Toronto, ON, Canada\n[1]Duration: 2022/03 - 2022/05\n[1]Description: Developed video description generation algorithms using Python, enhancing stakeholder satisfaction and project deliverables within 3 months. Utilized creative problem-solving skills to align project goals\n[1]Job Title: Secretary and Sales Associate\n[1]Company: Medica Providencia Clinic\n[1]Location: Tuxtla Gtz, CS, Mexico\n[1]Duration: 2015/08 - 2018/07\n[1]Description: Streamlined operations by efficiently managing tasks, demonstrating skills in data entry and documentation, and performing sales operations. This experience showcases my ability to manage peak hours and adapt to changing demands', '[0]Projects:\n[1]Project Title: TTRPG Tools\n[1]URL: https://github.com/Marneus981/TTRPGTools\n[1]Type: Open Source Personal Project\n[1]Duration: 2023/06 - Present\n[1]Description: Developed software tools with planned AI integration for playing and creating TTRPG Games using C++ and Python, highlighting skills in programming languages, automation, and debugging\n[1]Project Title: VKnob\n[1]URL: https://github.com/Marneus981/VKnob\n[1]Type: Open Source Personal Project\n[1]Duration: 2024/02 - Present\n[1]Description: Developed an overlay application controlling multiple Digital Audio Workstations, showcasing proficiency in C++ and UIAutomation. Demonstrated ability to automate UI calls in Windows\n[1]Project Title: Untitled RPG Game Project\n[1]URL:\n[1]Type: Personal Game Project\n[1]Duration: 2025/04 - Present\n[1]Description: Developed a 2D action role-playing game using Unity, showcasing C# programming skills and editing/animating 2D sprites and assets\n[1]Project Title: Horizontal Federated Learning Research\n[1]URL: github.com/alexjsenn/FedScale\n[1]Type: Research | Capstone Project\n[1]Duration: 2021/09 - 2022/06\n[1]Description: Developed Python skills, researched network performance of distributed Federated Machine Learning model aggregation, and improved algorithm efficiency. Co-authored technical papers on novel aggregation algorithms\n[1]Project Title: MAPPA C++ Geographical Information System\n[1]URL: https://github.com/Marneus981/MAPPA\n[1]Type: University Project\n[1]Duration: 2019/09 - 2020/06\n[1]Description: Built a GIS system using OpenStreetMap data and C++ EZGL library, improving efficiency by 200% and reducing memory usage by 50%. Co-developed UI/UX tailored to stakeholder needs'], 'section_names': ['awards_and_scholarships', 'volunteering_and_leadership', 'work_experience', 'projects'], 'systems': ['You are a resume tailoring assistant. Only output what is requested of you, in the exact format specified. You are to follow these guidelines when tailoring all resume sections:\n- You may only draw from the provided descriptions, no making assumptions.\n- Do not invent any data or roles, only use the data provided.\n- You may not add any untrue statements to the data that has been provided.\n- The tailored sections and overall resume must be brief, concise and professional. It must cater to recruiters and make the resume stand out.\n- Use simple to understand language when possible, unless direct technical terminology is used.', 'You are a resume tailoring assistant. Only output what is requested of you, in the exact format specified. You are to follow these guidelines when tailoring all resume sections:\n- You may only draw from the provided descriptions, no making assumptions.\n- Do not invent any data or roles, only use the data provided.\n- You may not add any untrue statements to the data that has been provided.\n- The tailored sections and overall resume must be brief, concise and professional. It must cater to recruiters and make the resume stand out.\n- Use simple to understand language when possible, unless direct technical terminology is used.', 'You are a resume tailoring assistant. Only output what is requested of you, in the exact format specified. You are to follow these guidelines when tailoring all resume sections:\n- You may only draw from the provided descriptions, no making assumptions.\n- Do not invent any data or roles, only use the data provided.\n- You may not add any untrue statements to the data that has been provided.\n- The tailored sections and overall resume must be brief, concise and professional. It must cater to recruiters and make the resume stand out.\n- Use simple to understand language when possible, unless direct technical terminology is used.', 'You are a resume tailoring assistant. Only output what is requested of you, in the exact format specified. You are to follow these guidelines when tailoring all resume sections:\n- You may only draw from the provided descriptions, no making assumptions.\n- Do not invent any data or roles, only use the data provided.\n- You may not add any untrue statements to the data that has been provided.\n- The tailored sections and overall resume must be brief, concise and professional. It must cater to recruiters and make the resume stand out.\n- Use simple to understand language when possible, unless direct technical terminology is used.'], 'candidate_name': 'Marcos David Madrigal Albores', 'candidate_title': 'Computer Engineer', 'mode': 'batch', 'standard_calls': ['summarize_section'], 'non_standard_calls': ['batch_summarize_sections'], 'async_calls': ['standard_ollama_call_async']}
2025-09-11 13:55:00,431 INFO: [INFO][OLLAMA]fetch_complete_call_info: found key prompt_in with value:
2025-09-11 13:55:00,431 INFO: Given the following resume section summaries:
                        {summary1}
                        {summary2}
                        {summary3}
                        {summary4}
                        Create a new summary that incorporates all four summaries, following these guidelines:
                        - Be very concise but detail-driven as well, which means that you must include as many relevant details as possible with minimal fluff.
                        - Include all information, competencies, achievements, and skills, this is a wholistic summary of the candidate's qualifications.
                        - Maintain the context and flow between the four sections.
                        - When referring to the candidate, use their name: {candidate_name} or their title: {candidate_title}
                        Return the summarized information as a single continuous string of text, following this format strictly:
                        [S]{section1_name} + {section2_name} + {section3_name} + {section4_name} Sections Summary: Wholistic summary of the sections' information, competencies, achievements, and key skills.
                    
2025-09-11 13:55:00,431 INFO: [INFO][OLLAMA]fetch_complete_call_info: found key ollama_url with value:
2025-09-11 13:55:00,431 INFO: http://localhost:11434
2025-09-11 13:55:00,432 INFO: [INFO][OLLAMA]fetch_complete_call_info: found key sample_starts with value:
2025-09-11 13:55:00,432 INFO: ['strict', 'cap_letters', '[S]']
2025-09-11 13:55:00,439 INFO: [INFO][OLLAMA]fetch_complete_call_info: fetching complete call info for call id batch_summarize_sections...
2025-09-11 13:55:00,440 INFO: [INFO][OLLAMA]fetch_complete_call_info: complete call info:
2025-09-11 13:55:00,440 INFO: [INFO][OLLAMA]fetch_complete_call_info: found key call_id with value:
2025-09-11 13:55:00,440 INFO: batch_summarize_sections
2025-09-11 13:55:00,440 INFO: [INFO][OLLAMA]fetch_complete_call_info: found key payload_in with value:
2025-09-11 13:55:00,440 INFO: {'model': 'llama3.2:latest', 'system': 'You are a resume tailoring assistant. Only output what is requested of you, in the exact format specified. You are to follow these guidelines when tailoring all resume sections:\n- You may only draw from the provided descriptions, no making assumptions.\n- Do not invent any data or roles, only use the data provided.\n- You may not add any untrue statements to the data that has been provided.\n- The tailored sections and overall resume must be brief, concise and professional. It must cater to recruiters and make the resume stand out.\n- Use simple to understand language when possible, unless direct technical terminology is used.', 'stream': False, 'temperature': 0.8}
2025-09-11 13:55:00,441 INFO: [INFO][OLLAMA]fetch_complete_call_info: found key format with value:
2025-09-11 13:55:00,441 INFO: {'sections': ['[0]Awards and Scholarships:\n[1]Award Name: United Nations Datathon 2023 Participation\n[1]Issuing Organization: United Nations\n[1]Issue Date: 2023/11\n[1]Award Name: University of Toronto Engineering Scholar\n[1]Issuing Organization: University of Toronto Faculty of Applied Science and Engineering\n[1]Issue Date: 2018/09', '[0]Volunteering and Leadership:\n[1]Role: Committee Student Member\n[1]Organization: Scholarship Committee at the Faculty of Engineering, University of Toronto\n[1]Location: Toronto, ON, Canada\n[1]Duration: 2020/01 - 2020/12\n[1]Description: Collaborated as part of a multi-disciplinary committee, providing impactful decisions to benefit students faculty-wide. Represented students by distributing and voting on awards and scholarships for students'], 'section_names': ['awards_and_scholarships', 'volunteering_and_leadership']}
2025-09-11 13:55:00,441 INFO: [INFO][OLLAMA]fetch_complete_call_info: found key prompt_in with value:
2025-09-11 13:55:00,441 INFO: Given the following sections from a resume:
                        {sections_text}
                        Summarize the sections in a wholistic manner while following these guidelines:
                        - Be very concise but detail-driven as well, which means that you must include as many relevant details as possible with minimal fluff.
                        - Include all information, competencies, achievements, and skills, this is a wholistic summary of the candidate's qualifications.
                        - Keep in mind that these summaries will be used in a "Sliding Window" approach to summarize the entire resume effectively, so include information that is relevant for the overall context of the resume.
                        Return the summarized information as a single continuous string of text, following this format strictly:
                    
2025-09-11 13:55:00,441 INFO: [INFO][OLLAMA]fetch_complete_call_info: found key ollama_url with value:
2025-09-11 13:55:00,441 INFO: http://localhost:11434
2025-09-11 13:55:00,442 INFO: [INFO][OLLAMA]fetch_complete_call_info: found key sample_starts with value:
2025-09-11 13:55:00,442 INFO: ['flexible', 'cap_letters', '[S]']
2025-09-11 13:55:00,444 INFO: [OLLAMA]batch_summarize_sections: call_id: batch_summarize_sections
2025-09-11 13:55:00,444 INFO: [OLLAMA]batch_summarize_sections: payload field model with value llama3.2:latest found
2025-09-11 13:55:00,444 INFO: [OLLAMA]batch_summarize_sections: payload field system with value You are a resume tailoring assistant. Only output what is requested of you, in the exact format specified. You are to follow these guidelines when tailoring all resume sections:
- You may only draw from the provided descriptions, no making assumptions.
- Do not invent any data or roles, only use the data provided.
- You may not add any untrue statements to the data that has been provided.
- The tailored sections and overall resume must be brief, concise and professional. It must cater to recruiters and make the resume stand out.
- Use simple to understand language when possible, unless direct technical terminology is used. found
2025-09-11 13:55:00,444 INFO: [OLLAMA]batch_summarize_sections: payload field prompt with value Given the following sections from a resume:
                        [0]Awards and Scholarships:
[1]Award Name: United Nations Datathon 2023 Participation
[1]Issuing Organization: United Nations
[1]Issue Date: 2023/11
[1]Award Name: University of Toronto Engineering Scholar
[1]Issuing Organization: University of Toronto Faculty of Applied Science and Engineering
[1]Issue Date: 2018/09
[0]Volunteering and Leadership:
[1]Role: Committee Student Member
[1]Organization: Scholarship Committee at the Faculty of Engineering, University of Toronto
[1]Location: Toronto, ON, Canada
[1]Duration: 2020/01 - 2020/12
[1]Description: Collaborated as part of a multi-disciplinary committee, providing impactful decisions to benefit students faculty-wide. Represented students by distributing and voting on awards and scholarships for students
                        Summarize the sections in a wholistic manner while following these guidelines:
                        - Be very concise but detail-driven as well, which means that you must include as many relevant details as possible with minimal fluff.
                        - Include all information, competencies, achievements, and skills, this is a wholistic summary of the candidate's qualifications.
                        - Keep in mind that these summaries will be used in a "Sliding Window" approach to summarize the entire resume effectively, so include information that is relevant for the overall context of the resume.
                        Return the summarized information as a single continuous string of text, following this format strictly:
                    [S]awards_and_scholarships Section Summary: Wholistic summary of the section's information.
[S]volunteering_and_leadership Section Summary: Wholistic summary of the section's information.
 found
2025-09-11 13:55:00,445 INFO: [OLLAMA]batch_summarize_sections: payload field stream with value False found
2025-09-11 13:55:00,445 INFO: [OLLAMA]batch_summarize_sections: payload field temperature with value 0.8 found
2025-09-11 13:55:05,475 INFO: [SUCCESS][OLLAMA]batch_summarize_sections: {'model': 'llama3.2:latest', 'created_at': '2025-09-11T19:55:05.4738739Z', 'response': '[S]awards_and_scholarships Section Summary: The candidate has received two notable awards: a United Nations Datathon 2023 Participation award from the United Nations, acknowledging participation in 2023, and a University of Toronto Engineering Scholar award from the University of Toronto Faculty of Applied Science and Engineering, awarded in 2018. \n\n[S]volunteering_and_leadership Section Summary: The candidate held a Committee Student Member role on the Scholarship Committee at the Faculty of Engineering, University of Toronto, located in Toronto, ON, Canada, spanning from January 2020 to December 2020, where they collaborated as part of a multi-disciplinary committee and represented students by distributing and voting on awards and scholarships.', 'done': True, 'done_reason': 'stop', 'context': [128006, 9125, 128007, 271, 38766, 1303, 33025, 2696, 25, 6790, 220, 2366, 18, 271, 2675, 527, 264, 16063, 9986, 5620, 18328, 13, 8442, 2612, 1148, 374, 11472, 315, 499, 11, 304, 279, 4839, 3645, 5300, 13, 1472, 527, 311, 1833, 1521, 17959, 994, 9986, 5620, 682, 16063, 14491, 512, 12, 1472, 1253, 1193, 4128, 505, 279, 3984, 28887, 11, 912, 3339, 32946, 627, 12, 3234, 539, 17459, 904, 828, 477, 13073, 11, 1193, 1005, 279, 828, 3984, 627, 12, 1472, 1253, 539, 923, 904, 88977, 12518, 311, 279, 828, 430, 706, 1027, 3984, 627, 12, 578, 41891, 14491, 323, 8244, 16063, 2011, 387, 10015, 11, 64694, 323, 6721, 13, 1102, 2011, 29068, 311, 93940, 323, 1304, 279, 16063, 2559, 704, 627, 12, 5560, 4382, 311, 3619, 4221, 994, 3284, 11, 7389, 2167, 11156, 57726, 374, 1511, 13, 128009, 128006, 882, 128007, 271, 22818, 279, 2768, 14491, 505, 264, 16063, 512, 667, 510, 15, 60, 32, 4102, 323, 25542, 18143, 512, 58, 16, 60, 90640, 4076, 25, 3723, 19687, 22362, 24893, 220, 2366, 18, 64503, 198, 58, 16, 60, 29316, 7623, 21021, 25, 3723, 19687, 198, 58, 16, 60, 43106, 2696, 25, 220, 2366, 18, 14, 806, 198, 58, 16, 60, 90640, 4076, 25, 3907, 315, 14974, 17005, 25542, 198, 58, 16, 60, 29316, 7623, 21021, 25, 3907, 315, 14974, 42904, 315, 43608, 10170, 323, 17005, 198, 58, 16, 60, 43106, 2696, 25, 220, 679, 23, 14, 2545, 198, 58, 15, 60, 37461, 11066, 4776, 323, 37263, 512, 58, 16, 60, 9207, 25, 10554, 11988, 12308, 198, 58, 16, 60, 42674, 25, 58984, 10554, 520, 279, 42904, 315, 17005, 11, 3907, 315, 14974, 198, 58, 16, 60, 4812, 25, 14974, 11, 6328, 11, 7008, 198, 58, 16, 60, 13242, 25, 220, 2366, 15, 14, 1721, 482, 220, 2366, 15, 14, 717, 198, 58, 16, 60, 5116, 25, 49681, 660, 439, 961, 315, 264, 7447, 52765, 44550, 13093, 11, 8405, 98990, 11429, 311, 8935, 4236, 22291, 25480, 13, 22717, 291, 4236, 555, 50812, 323, 16043, 389, 23146, 323, 55855, 369, 4236, 198, 667, 8279, 5730, 553, 279, 14491, 304, 264, 421, 337, 4633, 11827, 1418, 2768, 1521, 17959, 512, 667, 482, 2893, 1633, 64694, 719, 7872, 32505, 439, 1664, 11, 902, 3445, 430, 499, 2011, 2997, 439, 1690, 9959, 3649, 439, 3284, 449, 17832, 1344, 1386, 627, 667, 482, 30834, 682, 2038, 11, 4634, 6072, 11, 33997, 11, 323, 7512, 11, 420, 374, 264, 421, 337, 4633, 12399, 315, 279, 9322, 596, 43784, 627, 667, 482, 13969, 304, 4059, 430, 1521, 70022, 690, 387, 1511, 304, 264, 330, 7594, 6714, 13956, 1, 5603, 311, 63179, 279, 4553, 16063, 13750, 11, 779, 2997, 2038, 430, 374, 9959, 369, 279, 8244, 2317, 315, 279, 16063, 627, 667, 3494, 279, 69729, 2038, 439, 264, 3254, 19815, 925, 315, 1495, 11, 2768, 420, 3645, 26549, 512, 504, 510, 50, 60, 675, 2402, 8543, 646, 331, 7569, 18143, 11360, 22241, 25, 1254, 337, 4633, 12399, 315, 279, 3857, 596, 2038, 627, 43574, 60, 12821, 11066, 4776, 8543, 12013, 6527, 2200, 11360, 22241, 25, 1254, 337, 4633, 12399, 315, 279, 3857, 596, 2038, 627, 128009, 128006, 78191, 128007, 271, 43574, 60, 675, 2402, 8543, 646, 331, 7569, 18143, 11360, 22241, 25, 578, 9322, 706, 4036, 1403, 28289, 23146, 25, 264, 3723, 19687, 22362, 24893, 220, 2366, 18, 64503, 10292, 505, 279, 3723, 19687, 11, 61708, 20852, 304, 220, 2366, 18, 11, 323, 264, 3907, 315, 14974, 17005, 25542, 10292, 505, 279, 3907, 315, 14974, 42904, 315, 43608, 10170, 323, 17005, 11, 22034, 304, 220, 679, 23, 13, 4815, 43574, 60, 12821, 11066, 4776, 8543, 12013, 6527, 2200, 11360, 22241, 25, 578, 9322, 5762, 264, 10554, 11988, 12308, 3560, 389, 279, 58984, 10554, 520, 279, 42904, 315, 17005, 11, 3907, 315, 14974, 11, 7559, 304, 14974, 11, 6328, 11, 7008, 11, 56886, 505, 6186, 220, 2366, 15, 311, 6790, 220, 2366, 15, 11, 1405, 814, 78174, 439, 961, 315, 264, 7447, 52765, 44550, 13093, 323, 15609, 4236, 555, 50812, 323, 16043, 389, 23146, 323, 55855, 13], 'total_duration': 2985372800, 'load_duration': 51784000, 'prompt_eval_count': 522, 'prompt_eval_duration': 55010000, 'eval_count': 147, 'eval_duration': 2875833200}
2025-09-11 13:55:05,476 INFO: [TIME] batch_summarize_sections took 5.0336 seconds
2025-09-11 13:55:05,476 INFO: [TIME] filter_output took 0.0000 seconds
2025-09-11 13:55:05,478 WARNING: [WARNING]compare_start: Length mismatch: 1 != 2
2025-09-11 13:55:05,478 INFO: [SUCCESS]Output matches expected start lines
2025-09-11 13:55:05,478 INFO: [TIME] compare_start took 0.0028 seconds
2025-09-11 13:55:05,478 INFO: [SUCCESS][OLLAMA]ollama_call: Ollama call succeeded: [S]awards_and_scholarships Section Summary: The candidate has received two notable awards: a United Nations Datathon 2023 Participation award from the United Nations, acknowledging participation in 2023, and a University of Toronto Engineering Scholar award from the University of Toronto Faculty of Applied Science and Engineering, awarded in 2018.
[S]volunteering_and_leadership Section Summary: The candidate held a Committee Student Member role on the Scholarship Committee at the Faculty of Engineering, University of Toronto, located in Toronto, ON, Canada, spanning from January 2020 to December 2020, where they collaborated as part of a multi-disciplinary committee and represented students by distributing and voting on awards and scholarships.
2025-09-11 13:55:05,478 INFO: [TIME] ollama_call took 5.0448 seconds
2025-09-11 13:55:05,478 INFO: [TIME] filter_output took 0.0000 seconds
2025-09-11 13:55:05,484 INFO: [INFO][OLLAMA]fetch_complete_call_info: fetching complete call info for call id batch_summarize_sections...
2025-09-11 13:55:05,484 INFO: [INFO][OLLAMA]fetch_complete_call_info: complete call info:
2025-09-11 13:55:05,484 INFO: [INFO][OLLAMA]fetch_complete_call_info: found key call_id with value:
2025-09-11 13:55:05,484 INFO: batch_summarize_sections
2025-09-11 13:55:05,485 INFO: [INFO][OLLAMA]fetch_complete_call_info: found key payload_in with value:
2025-09-11 13:55:05,485 INFO: {'model': 'llama3.2:latest', 'system': 'You are a resume tailoring assistant. Only output what is requested of you, in the exact format specified. You are to follow these guidelines when tailoring all resume sections:\n- You may only draw from the provided descriptions, no making assumptions.\n- Do not invent any data or roles, only use the data provided.\n- You may not add any untrue statements to the data that has been provided.\n- The tailored sections and overall resume must be brief, concise and professional. It must cater to recruiters and make the resume stand out.\n- Use simple to understand language when possible, unless direct technical terminology is used.', 'stream': False, 'temperature': 0.8}
2025-09-11 13:55:05,485 INFO: [INFO][OLLAMA]fetch_complete_call_info: found key format with value:
2025-09-11 13:55:05,485 INFO: {'sections': ['[0]Work Experience:\n[1]Job Title: Freelance 3D Designer\n[1]Company: Freelance\n[1]Location: Toronto, ON, Canada\n[1]Duration: 2024/01 - 2024/09\n[1]Description: Designed quality models for 3D printed products, applying technical skills in Blender and various slicing software/hardware. Utilized problem-solving expertise to create innovative designs\n[1]Job Title: PEY VR Technical Assistant\n[1]Company: Medica Providencia Clinic\n[1]Location: Tuxtla Gtz, CS, Mexico\n[1]Duration: 2022/12 - 2023/03\n[1]Description: Utilized problem-solving skills to troubleshoot hardware issues, improving efficiency and patient satisfaction. Collaborated with professionals on testing processes\n[1]Job Title: Script Programmer and Video Project Editor\n[1]Company: Ontario Institute for Studies in Education\n[1]Location: Toronto, ON, Canada\n[1]Duration: 2022/03 - 2022/05\n[1]Description: Developed video description generation algorithms using Python, enhancing stakeholder satisfaction and project deliverables within 3 months. Utilized creative problem-solving skills to align project goals\n[1]Job Title: Secretary and Sales Associate\n[1]Company: Medica Providencia Clinic\n[1]Location: Tuxtla Gtz, CS, Mexico\n[1]Duration: 2015/08 - 2018/07\n[1]Description: Streamlined operations by efficiently managing tasks, demonstrating skills in data entry and documentation, and performing sales operations. This experience showcases my ability to manage peak hours and adapt to changing demands', '[0]Projects:\n[1]Project Title: TTRPG Tools\n[1]URL: https://github.com/Marneus981/TTRPGTools\n[1]Type: Open Source Personal Project\n[1]Duration: 2023/06 - Present\n[1]Description: Developed software tools with planned AI integration for playing and creating TTRPG Games using C++ and Python, highlighting skills in programming languages, automation, and debugging\n[1]Project Title: VKnob\n[1]URL: https://github.com/Marneus981/VKnob\n[1]Type: Open Source Personal Project\n[1]Duration: 2024/02 - Present\n[1]Description: Developed an overlay application controlling multiple Digital Audio Workstations, showcasing proficiency in C++ and UIAutomation. Demonstrated ability to automate UI calls in Windows\n[1]Project Title: Untitled RPG Game Project\n[1]URL:\n[1]Type: Personal Game Project\n[1]Duration: 2025/04 - Present\n[1]Description: Developed a 2D action role-playing game using Unity, showcasing C# programming skills and editing/animating 2D sprites and assets\n[1]Project Title: Horizontal Federated Learning Research\n[1]URL: github.com/alexjsenn/FedScale\n[1]Type: Research | Capstone Project\n[1]Duration: 2021/09 - 2022/06\n[1]Description: Developed Python skills, researched network performance of distributed Federated Machine Learning model aggregation, and improved algorithm efficiency. Co-authored technical papers on novel aggregation algorithms\n[1]Project Title: MAPPA C++ Geographical Information System\n[1]URL: https://github.com/Marneus981/MAPPA\n[1]Type: University Project\n[1]Duration: 2019/09 - 2020/06\n[1]Description: Built a GIS system using OpenStreetMap data and C++ EZGL library, improving efficiency by 200% and reducing memory usage by 50%. Co-developed UI/UX tailored to stakeholder needs'], 'section_names': ['work_experience', 'projects']}
2025-09-11 13:55:05,485 INFO: [INFO][OLLAMA]fetch_complete_call_info: found key prompt_in with value:
2025-09-11 13:55:05,486 INFO: Given the following sections from a resume:
                        {sections_text}
                        Summarize the sections in a wholistic manner while following these guidelines:
                        - Be very concise but detail-driven as well, which means that you must include as many relevant details as possible with minimal fluff.
                        - Include all information, competencies, achievements, and skills, this is a wholistic summary of the candidate's qualifications.
                        - Keep in mind that these summaries will be used in a "Sliding Window" approach to summarize the entire resume effectively, so include information that is relevant for the overall context of the resume.
                        Return the summarized information as a single continuous string of text, following this format strictly:
                    
2025-09-11 13:55:05,486 INFO: [INFO][OLLAMA]fetch_complete_call_info: found key ollama_url with value:
2025-09-11 13:55:05,486 INFO: http://localhost:11434
2025-09-11 13:55:05,486 INFO: [INFO][OLLAMA]fetch_complete_call_info: found key sample_starts with value:
2025-09-11 13:55:05,487 INFO: ['flexible', 'cap_letters', '[S]']
2025-09-11 13:55:05,489 INFO: [OLLAMA]batch_summarize_sections: call_id: batch_summarize_sections
2025-09-11 13:55:05,489 INFO: [OLLAMA]batch_summarize_sections: payload field model with value llama3.2:latest found
2025-09-11 13:55:05,489 INFO: [OLLAMA]batch_summarize_sections: payload field system with value You are a resume tailoring assistant. Only output what is requested of you, in the exact format specified. You are to follow these guidelines when tailoring all resume sections:
- You may only draw from the provided descriptions, no making assumptions.
- Do not invent any data or roles, only use the data provided.
- You may not add any untrue statements to the data that has been provided.
- The tailored sections and overall resume must be brief, concise and professional. It must cater to recruiters and make the resume stand out.
- Use simple to understand language when possible, unless direct technical terminology is used. found
2025-09-11 13:55:05,489 INFO: [OLLAMA]batch_summarize_sections: payload field prompt with value Given the following sections from a resume:
                        [0]Work Experience:
[1]Job Title: Freelance 3D Designer
[1]Company: Freelance
[1]Location: Toronto, ON, Canada
[1]Duration: 2024/01 - 2024/09
[1]Description: Designed quality models for 3D printed products, applying technical skills in Blender and various slicing software/hardware. Utilized problem-solving expertise to create innovative designs
[1]Job Title: PEY VR Technical Assistant
[1]Company: Medica Providencia Clinic
[1]Location: Tuxtla Gtz, CS, Mexico
[1]Duration: 2022/12 - 2023/03
[1]Description: Utilized problem-solving skills to troubleshoot hardware issues, improving efficiency and patient satisfaction. Collaborated with professionals on testing processes
[1]Job Title: Script Programmer and Video Project Editor
[1]Company: Ontario Institute for Studies in Education
[1]Location: Toronto, ON, Canada
[1]Duration: 2022/03 - 2022/05
[1]Description: Developed video description generation algorithms using Python, enhancing stakeholder satisfaction and project deliverables within 3 months. Utilized creative problem-solving skills to align project goals
[1]Job Title: Secretary and Sales Associate
[1]Company: Medica Providencia Clinic
[1]Location: Tuxtla Gtz, CS, Mexico
[1]Duration: 2015/08 - 2018/07
[1]Description: Streamlined operations by efficiently managing tasks, demonstrating skills in data entry and documentation, and performing sales operations. This experience showcases my ability to manage peak hours and adapt to changing demands
[0]Projects:
[1]Project Title: TTRPG Tools
[1]URL: https://github.com/Marneus981/TTRPGTools
[1]Type: Open Source Personal Project
[1]Duration: 2023/06 - Present
[1]Description: Developed software tools with planned AI integration for playing and creating TTRPG Games using C++ and Python, highlighting skills in programming languages, automation, and debugging
[1]Project Title: VKnob
[1]URL: https://github.com/Marneus981/VKnob
[1]Type: Open Source Personal Project
[1]Duration: 2024/02 - Present
[1]Description: Developed an overlay application controlling multiple Digital Audio Workstations, showcasing proficiency in C++ and UIAutomation. Demonstrated ability to automate UI calls in Windows
[1]Project Title: Untitled RPG Game Project
[1]URL:
[1]Type: Personal Game Project
[1]Duration: 2025/04 - Present
[1]Description: Developed a 2D action role-playing game using Unity, showcasing C# programming skills and editing/animating 2D sprites and assets
[1]Project Title: Horizontal Federated Learning Research
[1]URL: github.com/alexjsenn/FedScale
[1]Type: Research | Capstone Project
[1]Duration: 2021/09 - 2022/06
[1]Description: Developed Python skills, researched network performance of distributed Federated Machine Learning model aggregation, and improved algorithm efficiency. Co-authored technical papers on novel aggregation algorithms
[1]Project Title: MAPPA C++ Geographical Information System
[1]URL: https://github.com/Marneus981/MAPPA
[1]Type: University Project
[1]Duration: 2019/09 - 2020/06
[1]Description: Built a GIS system using OpenStreetMap data and C++ EZGL library, improving efficiency by 200% and reducing memory usage by 50%. Co-developed UI/UX tailored to stakeholder needs
                        Summarize the sections in a wholistic manner while following these guidelines:
                        - Be very concise but detail-driven as well, which means that you must include as many relevant details as possible with minimal fluff.
                        - Include all information, competencies, achievements, and skills, this is a wholistic summary of the candidate's qualifications.
                        - Keep in mind that these summaries will be used in a "Sliding Window" approach to summarize the entire resume effectively, so include information that is relevant for the overall context of the resume.
                        Return the summarized information as a single continuous string of text, following this format strictly:
                    [S]work_experience Section Summary: Wholistic summary of the section's information.
[S]projects Section Summary: Wholistic summary of the section's information.
 found
2025-09-11 13:55:05,490 INFO: [OLLAMA]batch_summarize_sections: payload field stream with value False found
2025-09-11 13:55:05,490 INFO: [OLLAMA]batch_summarize_sections: payload field temperature with value 0.8 found
2025-09-11 13:55:12,069 INFO: [SUCCESS][OLLAMA]batch_summarize_sections: {'model': 'llama3.2:latest', 'created_at': '2025-09-11T19:55:12.0677767Z', 'response': '[S]work_experience \nHighly skilled freelance 3D designer with expertise in Blender and slicing software, delivering high-quality models for 3D printed products. Proven problem-solving skills in troubleshooting hardware issues, improving efficiency and patient satisfaction at Medica Providencia Clinic. Proficient in scripting languages, including Python, and video project editing using creative problem-solving skills. Demonstrated skills in data entry, documentation, sales operations, and peak hour management.\n\n[S]projects \nSkilled developer of open-source personal projects, showcasing proficiency in programming languages (C++, Python), automation, debugging, UIAutomation, and C#. Contributed to the development of software tools with planned AI integration for TTRPG Games and an overlay application controlling multiple Digital Audio Workstations. Research expertise in network performance of distributed Federated Machine Learning model aggregation, improving algorithm efficiency. Co-authored technical papers on novel aggregation algorithms. Developed a 2D action role-playing game using Unity and built a GIS system using OpenStreetMap data and C++.', 'done': True, 'done_reason': 'stop', 'context': [128006, 9125, 128007, 271, 38766, 1303, 33025, 2696, 25, 6790, 220, 2366, 18, 271, 2675, 527, 264, 16063, 9986, 5620, 18328, 13, 8442, 2612, 1148, 374, 11472, 315, 499, 11, 304, 279, 4839, 3645, 5300, 13, 1472, 527, 311, 1833, 1521, 17959, 994, 9986, 5620, 682, 16063, 14491, 512, 12, 1472, 1253, 1193, 4128, 505, 279, 3984, 28887, 11, 912, 3339, 32946, 627, 12, 3234, 539, 17459, 904, 828, 477, 13073, 11, 1193, 1005, 279, 828, 3984, 627, 12, 1472, 1253, 539, 923, 904, 88977, 12518, 311, 279, 828, 430, 706, 1027, 3984, 627, 12, 578, 41891, 14491, 323, 8244, 16063, 2011, 387, 10015, 11, 64694, 323, 6721, 13, 1102, 2011, 29068, 311, 93940, 323, 1304, 279, 16063, 2559, 704, 627, 12, 5560, 4382, 311, 3619, 4221, 994, 3284, 11, 7389, 2167, 11156, 57726, 374, 1511, 13, 128009, 128006, 882, 128007, 271, 22818, 279, 2768, 14491, 505, 264, 16063, 512, 667, 510, 15, 60, 6919, 21460, 512, 58, 16, 60, 12524, 11106, 25, 81033, 685, 220, 18, 35, 15940, 198, 58, 16, 60, 14831, 25, 81033, 685, 198, 58, 16, 60, 4812, 25, 14974, 11, 6328, 11, 7008, 198, 58, 16, 60, 13242, 25, 220, 2366, 19, 14, 1721, 482, 220, 2366, 19, 14, 2545, 198, 58, 16, 60, 5116, 25, 48525, 4367, 4211, 369, 220, 18, 35, 17124, 3956, 11, 19486, 11156, 7512, 304, 88668, 323, 5370, 86015, 3241, 7682, 38850, 13, 10377, 1534, 3575, 99246, 19248, 311, 1893, 18699, 14769, 198, 58, 16, 60, 12524, 11106, 25, 22557, 56, 19718, 27766, 22103, 198, 58, 16, 60, 14831, 25, 3344, 3074, 21156, 8968, 40324, 198, 58, 16, 60, 4812, 25, 350, 77500, 4355, 480, 38692, 11, 10211, 11, 12550, 198, 58, 16, 60, 13242, 25, 220, 2366, 17, 14, 717, 482, 220, 2366, 18, 14, 2839, 198, 58, 16, 60, 5116, 25, 10377, 1534, 3575, 99246, 7512, 311, 20498, 97508, 12035, 4819, 11, 18899, 15374, 323, 8893, 24617, 13, 49681, 660, 449, 15749, 389, 7649, 11618, 198, 58, 16, 60, 12524, 11106, 25, 14025, 89124, 323, 8519, 5907, 12865, 198, 58, 16, 60, 14831, 25, 21193, 10181, 369, 19241, 304, 11930, 198, 58, 16, 60, 4812, 25, 14974, 11, 6328, 11, 7008, 198, 58, 16, 60, 13242, 25, 220, 2366, 17, 14, 2839, 482, 220, 2366, 17, 14, 2304, 198, 58, 16, 60, 5116, 25, 80110, 2835, 4096, 9659, 26249, 1701, 13325, 11, 47594, 18783, 4346, 24617, 323, 2447, 6493, 4893, 2949, 220, 18, 4038, 13, 10377, 1534, 11782, 3575, 99246, 7512, 311, 5398, 2447, 9021, 198, 58, 16, 60, 12524, 11106, 25, 12667, 323, 16207, 33468, 198, 58, 16, 60, 14831, 25, 3344, 3074, 21156, 8968, 40324, 198, 58, 16, 60, 4812, 25, 350, 77500, 4355, 480, 38692, 11, 10211, 11, 12550, 198, 58, 16, 60, 13242, 25, 220, 679, 20, 14, 2318, 482, 220, 679, 23, 14, 2589, 198, 58, 16, 60, 5116, 25, 9384, 15472, 7677, 555, 30820, 18646, 9256, 11, 45296, 7512, 304, 828, 4441, 323, 9904, 11, 323, 16785, 6763, 7677, 13, 1115, 3217, 71849, 856, 5845, 311, 10299, 16557, 4207, 323, 10737, 311, 10223, 18651, 198, 58, 15, 60, 31058, 512, 58, 16, 60, 8006, 11106, 25, 350, 2434, 11637, 14173, 198, 58, 16, 60, 3222, 25, 3788, 1129, 5316, 916, 10482, 277, 818, 355, 25643, 17146, 2434, 11637, 16992, 198, 58, 16, 60, 941, 25, 5377, 8922, 19758, 5907, 198, 58, 16, 60, 13242, 25, 220, 2366, 18, 14, 2705, 482, 27740, 198, 58, 16, 60, 5116, 25, 80110, 3241, 7526, 449, 13205, 15592, 18052, 369, 5737, 323, 6968, 350, 2434, 11637, 11871, 1701, 356, 1044, 323, 13325, 11, 39686, 7512, 304, 15840, 15823, 11, 33762, 11, 323, 28803, 198, 58, 16, 60, 8006, 11106, 25, 22285, 56123, 198, 58, 16, 60, 3222, 25, 3788, 1129, 5316, 916, 10482, 277, 818, 355, 25643, 28332, 37353, 677, 198, 58, 16, 60, 941, 25, 5377, 8922, 19758, 5907, 198, 58, 16, 60, 13242, 25, 220, 2366, 19, 14, 2437, 482, 27740, 198, 58, 16, 60, 5116, 25, 80110, 459, 25652, 3851, 26991, 5361, 14434, 12632, 5664, 75728, 11, 67908, 63239, 304, 356, 1044, 323, 3774, 99956, 13, 86501, 660, 5845, 311, 69711, 3774, 6880, 304, 5632, 198, 58, 16, 60, 8006, 11106, 25, 15448, 15621, 34602, 4140, 5907, 198, 58, 16, 60, 3222, 512, 58, 16, 60, 941, 25, 19758, 4140, 5907, 198, 58, 16, 60, 13242, 25, 220, 2366, 20, 14, 2371, 482, 27740, 198, 58, 16, 60, 5116, 25, 80110, 264, 220, 17, 35, 1957, 3560, 73185, 1847, 1701, 22462, 11, 67908, 356, 2, 15840, 7512, 323, 16039, 14, 16348, 1113, 220, 17, 35, 47857, 323, 12032, 198, 58, 16, 60, 8006, 11106, 25, 41009, 21780, 660, 21579, 8483, 198, 58, 16, 60, 3222, 25, 32104, 916, 14, 56975, 2580, 2734, 12598, 291, 7092, 198, 58, 16, 60, 941, 25, 8483, 765, 8171, 11046, 5907, 198, 58, 16, 60, 13242, 25, 220, 2366, 16, 14, 2545, 482, 220, 2366, 17, 14, 2705, 198, 58, 16, 60, 5116, 25, 80110, 13325, 7512, 11, 57098, 4009, 5178, 315, 4332, 21780, 660, 13257, 21579, 1646, 52729, 11, 323, 13241, 12384, 15374, 13, 3623, 96471, 11156, 16064, 389, 11775, 52729, 26249, 198, 58, 16, 60, 8006, 11106, 25, 28322, 8201, 356, 1044, 4323, 32277, 8245, 744, 198, 58, 16, 60, 3222, 25, 3788, 1129, 5316, 916, 10482, 277, 818, 355, 25643, 10482, 2599, 8201, 198, 58, 16, 60, 941, 25, 3907, 5907, 198, 58, 16, 60, 13242, 25, 220, 679, 24, 14, 2545, 482, 220, 2366, 15, 14, 2705, 198, 58, 16, 60, 5116, 25, 34154, 264, 83471, 1887, 1701, 5377, 35647, 2276, 828, 323, 356, 1044, 64386, 3910, 6875, 11, 18899, 15374, 555, 220, 1049, 4, 323, 18189, 5044, 10648, 555, 220, 1135, 14697, 3623, 49061, 291, 3774, 14, 13706, 41891, 311, 18783, 4346, 3966, 198, 667, 8279, 5730, 553, 279, 14491, 304, 264, 421, 337, 4633, 11827, 1418, 2768, 1521, 17959, 512, 667, 482, 2893, 1633, 64694, 719, 7872, 32505, 439, 1664, 11, 902, 3445, 430, 499, 2011, 2997, 439, 1690, 9959, 3649, 439, 3284, 449, 17832, 1344, 1386, 627, 667, 482, 30834, 682, 2038, 11, 4634, 6072, 11, 33997, 11, 323, 7512, 11, 420, 374, 264, 421, 337, 4633, 12399, 315, 279, 9322, 596, 43784, 627, 667, 482, 13969, 304, 4059, 430, 1521, 70022, 690, 387, 1511, 304, 264, 330, 7594, 6714, 13956, 1, 5603, 311, 63179, 279, 4553, 16063, 13750, 11, 779, 2997, 2038, 430, 374, 9959, 369, 279, 8244, 2317, 315, 279, 16063, 627, 667, 3494, 279, 69729, 2038, 439, 264, 3254, 19815, 925, 315, 1495, 11, 2768, 420, 3645, 26549, 512, 504, 510, 50, 60, 1816, 92242, 11360, 22241, 25, 1254, 337, 4633, 12399, 315, 279, 3857, 596, 2038, 627, 43574, 60, 17602, 11360, 22241, 25, 1254, 337, 4633, 12399, 315, 279, 3857, 596, 2038, 627, 128009, 128006, 78191, 128007, 271, 43574, 60, 1816, 92242, 720, 12243, 398, 26611, 46209, 220, 18, 35, 15034, 449, 19248, 304, 88668, 323, 86015, 3241, 11, 24944, 1579, 22867, 4211, 369, 220, 18, 35, 17124, 3956, 13, 1322, 1055, 3575, 99246, 7512, 304, 69771, 12035, 4819, 11, 18899, 15374, 323, 8893, 24617, 520, 3344, 3074, 21156, 8968, 40324, 13, 8626, 5499, 304, 68522, 15823, 11, 2737, 13325, 11, 323, 2835, 2447, 16039, 1701, 11782, 3575, 99246, 7512, 13, 86501, 660, 7512, 304, 828, 4441, 11, 9904, 11, 6763, 7677, 11, 323, 16557, 6596, 6373, 382, 43574, 60, 17602, 720, 19847, 4473, 16131, 315, 1825, 31874, 4443, 7224, 11, 67908, 63239, 304, 15840, 15823, 320, 34, 23240, 13325, 705, 33762, 11, 28803, 11, 3774, 99956, 11, 323, 356, 88946, 24052, 2844, 311, 279, 4500, 315, 3241, 7526, 449, 13205, 15592, 18052, 369, 350, 2434, 11637, 11871, 323, 459, 25652, 3851, 26991, 5361, 14434, 12632, 5664, 75728, 13, 8483, 19248, 304, 4009, 5178, 315, 4332, 21780, 660, 13257, 21579, 1646, 52729, 11, 18899, 12384, 15374, 13, 3623, 96471, 11156, 16064, 389, 11775, 52729, 26249, 13, 80110, 264, 220, 17, 35, 1957, 3560, 73185, 1847, 1701, 22462, 323, 5918, 264, 83471, 1887, 1701, 5377, 35647, 2276, 828, 323, 356, 23740], 'total_duration': 4531839800, 'load_duration': 50194600, 'prompt_eval_count': 1132, 'prompt_eval_duration': 380258000, 'eval_count': 203, 'eval_duration': 4100570300}
2025-09-11 13:55:12,071 INFO: [TIME] batch_summarize_sections took 6.5837 seconds
2025-09-11 13:55:12,071 INFO: [TIME] filter_output took 0.0000 seconds
2025-09-11 13:55:12,072 WARNING: [WARNING]compare_start: Length mismatch: 1 != 2
2025-09-11 13:55:12,072 INFO: [SUCCESS]Output matches expected start lines
2025-09-11 13:55:12,072 INFO: [TIME] compare_start took 0.0026 seconds
2025-09-11 13:55:12,072 INFO: [SUCCESS][OLLAMA]ollama_call: Ollama call succeeded: [S]work_experience
[S]projects
2025-09-11 13:55:12,072 INFO: [TIME] ollama_call took 6.5945 seconds
2025-09-11 13:55:12,072 INFO: [TIME] filter_output took 0.0000 seconds
2025-09-11 13:55:12,072 INFO: [OLLAMA]sliding_window_four_sections: payload field model with value llama3.2:latest found
2025-09-11 13:55:12,072 INFO: [OLLAMA]sliding_window_four_sections: payload field system with value You are a resume tailoring assistant. Only output what is requested of you, in the exact format specified. You are to follow these guidelines when tailoring all resume sections:
- You may only draw from the provided descriptions, no making assumptions.
- Do not invent any data or roles, only use the data provided.
- You may not add any untrue statements to the data that has been provided.
- The tailored sections and overall resume must be brief, concise and professional. It must cater to recruiters and make the resume stand out.
- Use simple to understand language when possible, unless direct technical terminology is used. found
2025-09-11 13:55:12,072 INFO: [OLLAMA]sliding_window_four_sections: payload field prompt with value Given the following resume section summaries:
                        [S]awards_and_scholarships Section Summary: The candidate has received two notable awards: a United Nations Datathon 2023 Participation award from the United Nations, acknowledging participation in 2023, and a University of Toronto Engineering Scholar award from the University of Toronto Faculty of Applied Science and Engineering, awarded in 2018.
[S]volunteering_and_leadership Section Summary: The candidate held a Committee Student Member role on the Scholarship Committee at the Faculty of Engineering, University of Toronto, located in Toronto, ON, Canada, spanning from January 2020 to December 2020, where they collaborated as part of a multi-disciplinary committee and represented students by distributing and voting on awards and scholarships.
                        [S]work_experience
[S]projects
                        
                        
                        Create a new summary that incorporates all four summaries, following these guidelines:
                        - Be very concise but detail-driven as well, which means that you must include as many relevant details as possible with minimal fluff.
                        - Include all information, competencies, achievements, and skills, this is a wholistic summary of the candidate's qualifications.
                        - Maintain the context and flow between the four sections.
                        - When referring to the candidate, use their name: Marcos David Madrigal Albores or their title: Computer Engineer
                        Return the summarized information as a single continuous string of text, following this format strictly:
                        [S]awards_and_scholarships + volunteering_and_leadership + work_experience + projects Sections Summary: Wholistic summary of the sections' information, competencies, achievements, and key skills.
                     found
2025-09-11 13:55:12,072 INFO: [OLLAMA]sliding_window_four_sections: payload field stream with value False found
2025-09-11 13:55:12,072 INFO: [OLLAMA]sliding_window_four_sections: payload field temperature with value 0.8 found
2025-09-11 13:55:17,815 INFO: [SUCCESS][OLLAMA]sliding_window_four_sections: {'model': 'llama3.2:latest', 'created_at': '2025-09-11T19:55:17.8130037Z', 'response': '[Marcos David Madrigal Albores/Computer Engineer]\nAwarded United Nations Datathon 2023 Participation award from the United Nations for participation in 2023 and a University of Toronto Engineering Scholar award from the University of Toronto Faculty of Applied Science and Engineering, awarded in 2018.\nServed as Committee Student Member on the Scholarship Committee at the Faculty of Engineering, University of Toronto, from January 2020 to December 2020, collaborating with multi-disciplinary committees, representing students by distributing and voting on awards and scholarships, and fostering leadership skills through committee collaboration and communication.\n[Gained diverse work experience in [briefly describe relevant fields or industries, e.g. engineering, technology, etc.]], developing [key skills] and applying technical expertise to drive [desired outcomes or results].\n[Completed notable projects that demonstrate [specific skills or competencies], resulting in [desirable achievements or impact].', 'done': True, 'done_reason': 'stop', 'context': [128006, 9125, 128007, 271, 38766, 1303, 33025, 2696, 25, 6790, 220, 2366, 18, 271, 2675, 527, 264, 16063, 9986, 5620, 18328, 13, 8442, 2612, 1148, 374, 11472, 315, 499, 11, 304, 279, 4839, 3645, 5300, 13, 1472, 527, 311, 1833, 1521, 17959, 994, 9986, 5620, 682, 16063, 14491, 512, 12, 1472, 1253, 1193, 4128, 505, 279, 3984, 28887, 11, 912, 3339, 32946, 627, 12, 3234, 539, 17459, 904, 828, 477, 13073, 11, 1193, 1005, 279, 828, 3984, 627, 12, 1472, 1253, 539, 923, 904, 88977, 12518, 311, 279, 828, 430, 706, 1027, 3984, 627, 12, 578, 41891, 14491, 323, 8244, 16063, 2011, 387, 10015, 11, 64694, 323, 6721, 13, 1102, 2011, 29068, 311, 93940, 323, 1304, 279, 16063, 2559, 704, 627, 12, 5560, 4382, 311, 3619, 4221, 994, 3284, 11, 7389, 2167, 11156, 57726, 374, 1511, 13, 128009, 128006, 882, 128007, 271, 22818, 279, 2768, 16063, 3857, 70022, 512, 667, 510, 50, 60, 675, 2402, 8543, 646, 331, 7569, 18143, 11360, 22241, 25, 578, 9322, 706, 4036, 1403, 28289, 23146, 25, 264, 3723, 19687, 22362, 24893, 220, 2366, 18, 64503, 10292, 505, 279, 3723, 19687, 11, 61708, 20852, 304, 220, 2366, 18, 11, 323, 264, 3907, 315, 14974, 17005, 25542, 10292, 505, 279, 3907, 315, 14974, 42904, 315, 43608, 10170, 323, 17005, 11, 22034, 304, 220, 679, 23, 627, 43574, 60, 12821, 11066, 4776, 8543, 12013, 6527, 2200, 11360, 22241, 25, 578, 9322, 5762, 264, 10554, 11988, 12308, 3560, 389, 279, 58984, 10554, 520, 279, 42904, 315, 17005, 11, 3907, 315, 14974, 11, 7559, 304, 14974, 11, 6328, 11, 7008, 11, 56886, 505, 6186, 220, 2366, 15, 311, 6790, 220, 2366, 15, 11, 1405, 814, 78174, 439, 961, 315, 264, 7447, 52765, 44550, 13093, 323, 15609, 4236, 555, 50812, 323, 16043, 389, 23146, 323, 55855, 627, 667, 510, 50, 60, 1816, 92242, 198, 43574, 60, 17602, 93263, 16244, 667, 4324, 264, 502, 12399, 430, 52924, 682, 3116, 70022, 11, 2768, 1521, 17959, 512, 667, 482, 2893, 1633, 64694, 719, 7872, 32505, 439, 1664, 11, 902, 3445, 430, 499, 2011, 2997, 439, 1690, 9959, 3649, 439, 3284, 449, 17832, 1344, 1386, 627, 667, 482, 30834, 682, 2038, 11, 4634, 6072, 11, 33997, 11, 323, 7512, 11, 420, 374, 264, 421, 337, 4633, 12399, 315, 279, 9322, 596, 43784, 627, 667, 482, 87477, 279, 2317, 323, 6530, 1990, 279, 3116, 14491, 627, 667, 482, 3277, 22797, 311, 279, 9322, 11, 1005, 872, 836, 25, 66605, 6941, 9671, 14746, 278, 1708, 754, 417, 477, 872, 2316, 25, 17863, 29483, 198, 667, 3494, 279, 69729, 2038, 439, 264, 3254, 19815, 925, 315, 1495, 11, 2768, 420, 3645, 26549, 512, 667, 510, 50, 60, 675, 2402, 8543, 646, 331, 7569, 18143, 489, 70438, 8543, 12013, 6527, 2200, 489, 990, 92242, 489, 7224, 60137, 22241, 25, 1254, 337, 4633, 12399, 315, 279, 14491, 6, 2038, 11, 4634, 6072, 11, 33997, 11, 323, 1401, 7512, 627, 3909, 128009, 128006, 78191, 128007, 271, 40479, 8362, 437, 6941, 9671, 14746, 278, 1708, 754, 417, 14, 38432, 29483, 933, 90640, 291, 3723, 19687, 22362, 24893, 220, 2366, 18, 64503, 10292, 505, 279, 3723, 19687, 369, 20852, 304, 220, 2366, 18, 323, 264, 3907, 315, 14974, 17005, 25542, 10292, 505, 279, 3907, 315, 14974, 42904, 315, 43608, 10170, 323, 17005, 11, 22034, 304, 220, 679, 23, 627, 50, 2841, 439, 10554, 11988, 12308, 389, 279, 58984, 10554, 520, 279, 42904, 315, 17005, 11, 3907, 315, 14974, 11, 505, 6186, 220, 2366, 15, 311, 6790, 220, 2366, 15, 11, 73301, 449, 7447, 52765, 44550, 42547, 11, 14393, 4236, 555, 50812, 323, 16043, 389, 23146, 323, 55855, 11, 323, 86644, 11692, 7512, 1555, 13093, 20632, 323, 10758, 627, 73183, 2692, 17226, 990, 3217, 304, 510, 6796, 398, 7664, 9959, 5151, 477, 19647, 11, 384, 1326, 13, 15009, 11, 5557, 11, 5099, 13, 21128, 11469, 510, 798, 7512, 60, 323, 19486, 11156, 19248, 311, 6678, 510, 83882, 20124, 477, 3135, 27218, 58, 23559, 28289, 7224, 430, 20461, 510, 52340, 7512, 477, 4634, 6072, 1145, 13239, 304, 510, 5919, 26014, 33997, 477, 5536, 948], 'total_duration': 3698417300, 'load_duration': 49031700, 'prompt_eval_count': 486, 'prompt_eval_duration': 44079100, 'eval_count': 185, 'eval_duration': 3604744300}
2025-09-11 13:55:17,816 INFO: [TIME] sliding_window_four_sections took 17.3830 seconds
2025-09-11 13:55:17,816 INFO: [TIME] filter_output took 0.0000 seconds
2025-09-11 13:55:17,816 ERROR: [ERROR]compare_start: Length mismatch: 1 != 0
2025-09-11 13:55:17,816 INFO: [TIME] compare_start took 0.0021 seconds
2025-09-11 13:55:17,816 ERROR: [ERROR][OLLAMA]ollama_call: Output does not match expected start lines or output length. Retrying 1/1...
2025-09-11 13:55:17,816 ERROR: [ERROR][OLLAMA]ollama_call: All retries exhausted. Returning last response.
2025-09-11 13:55:17,816 INFO: [TIME] ollama_call took 17.3932 seconds
2025-09-11 13:55:17,822 INFO: [INFO][OLLAMA]fetch_complete_call_info: fetching complete call info for call id summarize_general_info...
2025-09-11 13:55:17,822 INFO: [INFO][OLLAMA]fetch_complete_call_info: complete call info:
2025-09-11 13:55:17,822 INFO: [INFO][OLLAMA]fetch_complete_call_info: found key call_id with value:
2025-09-11 13:55:17,822 INFO: summarize_general_info
2025-09-11 13:55:17,822 INFO: [INFO][OLLAMA]fetch_complete_call_info: found key payload_in with value:
2025-09-11 13:55:17,822 INFO: {'model': 'llama3.2:latest', 'system': 'You are a resume tailoring assistant. Only output what is requested of you, in the exact format specified. You are to follow these guidelines when tailoring all resume sections:\n- You may only draw from the provided descriptions, no making assumptions.\n- Do not invent any data or roles, only use the data provided.\n- You may not add any untrue statements to the data that has been provided.\n- The tailored sections and overall resume must be brief, concise and professional. It must cater to recruiters and make the resume stand out.\n- Use simple to understand language when possible, unless direct technical terminology is used.', 'stream': False, 'temperature': 0.8}
2025-09-11 13:55:17,822 INFO: [INFO][OLLAMA]fetch_complete_call_info: found key format with value:
2025-09-11 13:55:17,822 INFO: {'general_info_text': '[0]Name: Marcos David Madrigal Albores\n[0]Contact Information:\n[1]Address: 308 Brunswick Ave, Toronto, ON, Canada\n[1]Phone: +1-437-981-2994\n[1]Email: marcosdma.compeng@outlook.com\n[1]LinkedIn: linkedin.com/in/marcosdma/\n[1]Github: github.com/marneus981\n[1]Portfolio: marneus981.github.io | donkeyponius981.itch.io\n[0]Title: Computer Engineer\n[0]Languages: English, Spanish, French'}
2025-09-11 13:55:17,822 INFO: [INFO][OLLAMA]fetch_complete_call_info: found key prompt_in with value:
2025-09-11 13:55:17,822 INFO: Given the following general information from a resume:
                        {general_info_text}
                        Summarize the general information section of a resume in a wholistic manner; be very concise but detail-driven as well, which means that you must include as many relevant details as possible with minimal fluff.
                        Since this is a summary of a resume's general information, you need to include the candidate's Name, Contact Information, Title, and Languages Spoken.
                        Return the summarized general information as follows:
                        [S]General Information Summary: Brief and concise summary of the resume's general information, presented as a single continuous string of text.
                    
2025-09-11 13:55:17,822 INFO: [INFO][OLLAMA]fetch_complete_call_info: found key ollama_url with value:
2025-09-11 13:55:17,822 INFO: http://localhost:11434
2025-09-11 13:55:17,822 INFO: [INFO][OLLAMA]fetch_complete_call_info: found key sample_starts with value:
2025-09-11 13:55:17,822 INFO: ['strict', 'cap_letters', '[S]General Information Summary:']
2025-09-11 13:55:17,822 INFO: [OLLAMA]standard_ollama_call: call_id: summarize_general_info
2025-09-11 13:55:17,828 WARNING: [WARNING][OLLAMA]standard_ollama_call: prompt_in contains placeholders
2025-09-11 13:55:17,828 INFO: [OLLAMA]standard_ollama_call: payload field model with value llama3.2:latest found
2025-09-11 13:55:17,828 INFO: [OLLAMA]standard_ollama_call: payload field system with value You are a resume tailoring assistant. Only output what is requested of you, in the exact format specified. You are to follow these guidelines when tailoring all resume sections:
- You may only draw from the provided descriptions, no making assumptions.
- Do not invent any data or roles, only use the data provided.
- You may not add any untrue statements to the data that has been provided.
- The tailored sections and overall resume must be brief, concise and professional. It must cater to recruiters and make the resume stand out.
- Use simple to understand language when possible, unless direct technical terminology is used. found
2025-09-11 13:55:17,828 INFO: [OLLAMA]standard_ollama_call: payload field prompt with value Given the following general information from a resume:
                        [0]Name: Marcos David Madrigal Albores
[0]Contact Information:
[1]Address: 308 Brunswick Ave, Toronto, ON, Canada
[1]Phone: +1-437-981-2994
[1]Email: marcosdma.compeng@outlook.com
[1]LinkedIn: linkedin.com/in/marcosdma/
[1]Github: github.com/marneus981
[1]Portfolio: marneus981.github.io | donkeyponius981.itch.io
[0]Title: Computer Engineer
[0]Languages: English, Spanish, French
                        Summarize the general information section of a resume in a wholistic manner; be very concise but detail-driven as well, which means that you must include as many relevant details as possible with minimal fluff.
                        Since this is a summary of a resume's general information, you need to include the candidate's Name, Contact Information, Title, and Languages Spoken.
                        Return the summarized general information as follows:
                        [S]General Information Summary: Brief and concise summary of the resume's general information, presented as a single continuous string of text.
                     found
2025-09-11 13:55:17,828 INFO: [OLLAMA]standard_ollama_call: payload field stream with value False found
2025-09-11 13:55:17,830 INFO: [OLLAMA]standard_ollama_call: payload field temperature with value 0.8 found
2025-09-11 13:55:21,704 INFO: [SUCCESS][OLLAMA]standard_ollama_call: {'model': 'llama3.2:latest', 'created_at': '2025-09-11T19:55:21.703088Z', 'response': '[S] Marcos David Madrigal Albores, \nA highly skilled Computer Engineer with expertise in multiple languages, reachable at +1-437-981-2994 (email: marcosdma.compeng@outlook.com) and online platforms (linkedin.com/in/marcosdma/, github.com/marneus981, marneus981.github.io, donkeyponius981.itch.io), proficient in English, Spanish, and French.', 'done': True, 'done_reason': 'stop', 'context': [128006, 9125, 128007, 271, 38766, 1303, 33025, 2696, 25, 6790, 220, 2366, 18, 271, 2675, 527, 264, 16063, 9986, 5620, 18328, 13, 8442, 2612, 1148, 374, 11472, 315, 499, 11, 304, 279, 4839, 3645, 5300, 13, 1472, 527, 311, 1833, 1521, 17959, 994, 9986, 5620, 682, 16063, 14491, 512, 12, 1472, 1253, 1193, 4128, 505, 279, 3984, 28887, 11, 912, 3339, 32946, 627, 12, 3234, 539, 17459, 904, 828, 477, 13073, 11, 1193, 1005, 279, 828, 3984, 627, 12, 1472, 1253, 539, 923, 904, 88977, 12518, 311, 279, 828, 430, 706, 1027, 3984, 627, 12, 578, 41891, 14491, 323, 8244, 16063, 2011, 387, 10015, 11, 64694, 323, 6721, 13, 1102, 2011, 29068, 311, 93940, 323, 1304, 279, 16063, 2559, 704, 627, 12, 5560, 4382, 311, 3619, 4221, 994, 3284, 11, 7389, 2167, 11156, 57726, 374, 1511, 13, 128009, 128006, 882, 128007, 271, 22818, 279, 2768, 4689, 2038, 505, 264, 16063, 512, 667, 510, 15, 60, 678, 25, 66605, 6941, 9671, 14746, 278, 1708, 754, 417, 198, 58, 15, 60, 8906, 8245, 512, 58, 16, 60, 4383, 25, 220, 14498, 61250, 21998, 11, 14974, 11, 6328, 11, 7008, 198, 58, 16, 60, 7084, 25, 489, 16, 12, 18318, 12, 25643, 12, 15531, 19, 198, 58, 16, 60, 4886, 25, 3678, 9594, 46081, 40802, 833, 31, 412, 7349, 916, 198, 58, 16, 60, 76303, 25, 10815, 258, 916, 18480, 3262, 8362, 437, 46081, 6018, 58, 16, 60, 79817, 25, 32104, 916, 3262, 277, 818, 355, 25643, 198, 58, 16, 60, 67775, 25, 3678, 818, 355, 25643, 11267, 4340, 765, 1541, 798, 621, 9334, 25643, 13, 1641, 4340, 198, 58, 15, 60, 3936, 25, 17863, 29483, 198, 58, 15, 60, 60386, 25, 6498, 11, 15506, 11, 8753, 198, 667, 8279, 5730, 553, 279, 4689, 2038, 3857, 315, 264, 16063, 304, 264, 421, 337, 4633, 11827, 26, 387, 1633, 64694, 719, 7872, 32505, 439, 1664, 11, 902, 3445, 430, 499, 2011, 2997, 439, 1690, 9959, 3649, 439, 3284, 449, 17832, 1344, 1386, 627, 667, 8876, 420, 374, 264, 12399, 315, 264, 16063, 596, 4689, 2038, 11, 499, 1205, 311, 2997, 279, 9322, 596, 4076, 11, 9359, 8245, 11, 11106, 11, 323, 56064, 3165, 1713, 627, 667, 3494, 279, 69729, 4689, 2038, 439, 11263, 512, 667, 510, 50, 60, 15777, 8245, 22241, 25, 37618, 323, 64694, 12399, 315, 279, 16063, 596, 4689, 2038, 11, 10666, 439, 264, 3254, 19815, 925, 315, 1495, 627, 3909, 128009, 128006, 78191, 128007, 271, 43574, 60, 66605, 6941, 9671, 14746, 278, 1708, 754, 417, 11, 720, 32, 7701, 26611, 17863, 29483, 449, 19248, 304, 5361, 15823, 11, 69384, 520, 489, 16, 12, 18318, 12, 25643, 12, 15531, 19, 320, 2386, 25, 3678, 9594, 46081, 40802, 833, 31, 412, 7349, 916, 8, 323, 2930, 15771, 320, 77270, 916, 18480, 3262, 8362, 437, 46081, 35645, 32104, 916, 3262, 277, 818, 355, 25643, 11, 3678, 818, 355, 25643, 11267, 4340, 11, 1541, 798, 621, 9334, 25643, 13, 1641, 4340, 705, 69365, 304, 6498, 11, 15506, 11, 323, 8753, 13], 'total_duration': 1840385700, 'load_duration': 45904400, 'prompt_eval_count': 405, 'prompt_eval_duration': 30952200, 'eval_count': 94, 'eval_duration': 1762527500}
2025-09-11 13:55:21,705 INFO: [TIME] standard_ollama_call took 3.8790 seconds
2025-09-11 13:55:21,706 INFO: [TIME] filter_output took 0.0000 seconds
2025-09-11 13:55:21,708 INFO: [SUCCESS]Output matches expected length
2025-09-11 13:55:21,708 WARNING: [ERROR]compare_start: Output line 0 does not start with sample start line
2025-09-11 13:55:21,708 INFO: [ERROR]compare_start: Output line: [S] Marcos David Madrigal Albores,
2025-09-11 13:55:21,708 INFO: [ERROR]compare_start: Expected start line: [S]General Information Summary:
2025-09-11 13:55:21,708 INFO: [TIME] compare_start took 0.0035 seconds
2025-09-11 13:55:21,708 ERROR: [ERROR][OLLAMA]ollama_call: Output does not match expected start lines or output length. Retrying 1/1...
2025-09-11 13:55:21,708 ERROR: [ERROR][OLLAMA]ollama_call: All retries exhausted. Returning last response.
2025-09-11 13:55:21,708 INFO: [TIME] ollama_call took 3.8907 seconds
2025-09-11 13:55:21,708 INFO: [INFO][OLLAMA]fetch_complete_call_info: fetching complete call info for call id summarize_skills...
2025-09-11 13:55:21,708 INFO: [INFO][OLLAMA]fetch_complete_call_info: complete call info:
2025-09-11 13:55:21,708 INFO: [INFO][OLLAMA]fetch_complete_call_info: found key call_id with value:
2025-09-11 13:55:21,708 INFO: summarize_skills
2025-09-11 13:55:21,708 INFO: [INFO][OLLAMA]fetch_complete_call_info: found key payload_in with value:
2025-09-11 13:55:21,708 INFO: {'model': 'llama3.2:latest', 'system': 'You are a resume tailoring assistant. Only output what is requested of you, in the exact format specified. You are to follow these guidelines when tailoring all resume sections:\n- You may only draw from the provided descriptions, no making assumptions.\n- Do not invent any data or roles, only use the data provided.\n- You may not add any untrue statements to the data that has been provided.\n- The tailored sections and overall resume must be brief, concise and professional. It must cater to recruiters and make the resume stand out.\n- Use simple to understand language when possible, unless direct technical terminology is used.', 'stream': False, 'temperature': 0.8}
2025-09-11 13:55:21,715 INFO: [INFO][OLLAMA]fetch_complete_call_info: found key format with value:
2025-09-11 13:55:21,715 INFO: {'skill_section': '[0]Skills:\n[1]Programming Languages: Programming Languages\n[1]Technical Skills: 3D Printing, 3D modelling, Algorithm optimization, Automated Testing, Back-End Development, Blender, Data Entry, Distributed Systems, Federated Machine Learning, JavaScript, Machine Learning, Microsoft Suite, Object-oriented design principles, Product Design, Project Management, Python, Scripting, Slicing Software, Software Development, Unit Testing, Unit testing, Unity, Version Control with Git, Version control, Version control systems\n[1]Soft Skills: Collaboration, Communication, Detail-Oriented, Effective communication, Fast Learning, Good Written and Communication Skills, Integrity, Self-Starter, Teamwork, Time Management\n'}
2025-09-11 13:55:21,715 INFO: [INFO][OLLAMA]fetch_complete_call_info: found key prompt_in with value:
2025-09-11 13:55:21,715 INFO: Given the following skills information from a resume:
                        {skill_section}
                        Summarize the skills section of a resume in a wholistic manner; be very concise but detail-driven as well, which means that you must include as many relevant details as possible with minimal fluff.
                        Return the summarized skills information as follows:
                        [S]Skills Summary: Brief and concise wholistic summary of the resume's skills, presented as a single continuous string of text.
                    
2025-09-11 13:55:21,715 INFO: [INFO][OLLAMA]fetch_complete_call_info: found key ollama_url with value:
2025-09-11 13:55:21,715 INFO: http://localhost:11434
2025-09-11 13:55:21,715 INFO: [INFO][OLLAMA]fetch_complete_call_info: found key sample_starts with value:
2025-09-11 13:55:21,715 INFO: ['strict', 'cap_letters', '[S]Skills Summary:']
2025-09-11 13:55:21,715 INFO: [OLLAMA]standard_ollama_call: call_id: summarize_skills
2025-09-11 13:55:21,715 WARNING: [WARNING][OLLAMA]standard_ollama_call: prompt_in contains placeholders
2025-09-11 13:55:21,715 INFO: [OLLAMA]standard_ollama_call: payload field model with value llama3.2:latest found
2025-09-11 13:55:21,715 INFO: [OLLAMA]standard_ollama_call: payload field system with value You are a resume tailoring assistant. Only output what is requested of you, in the exact format specified. You are to follow these guidelines when tailoring all resume sections:
- You may only draw from the provided descriptions, no making assumptions.
- Do not invent any data or roles, only use the data provided.
- You may not add any untrue statements to the data that has been provided.
- The tailored sections and overall resume must be brief, concise and professional. It must cater to recruiters and make the resume stand out.
- Use simple to understand language when possible, unless direct technical terminology is used. found
2025-09-11 13:55:21,715 INFO: [OLLAMA]standard_ollama_call: payload field prompt with value Given the following skills information from a resume:
                        [0]Skills:
[1]Programming Languages: Programming Languages
[1]Technical Skills: 3D Printing, 3D modelling, Algorithm optimization, Automated Testing, Back-End Development, Blender, Data Entry, Distributed Systems, Federated Machine Learning, JavaScript, Machine Learning, Microsoft Suite, Object-oriented design principles, Product Design, Project Management, Python, Scripting, Slicing Software, Software Development, Unit Testing, Unit testing, Unity, Version Control with Git, Version control, Version control systems
[1]Soft Skills: Collaboration, Communication, Detail-Oriented, Effective communication, Fast Learning, Good Written and Communication Skills, Integrity, Self-Starter, Teamwork, Time Management

                        Summarize the skills section of a resume in a wholistic manner; be very concise but detail-driven as well, which means that you must include as many relevant details as possible with minimal fluff.
                        Return the summarized skills information as follows:
                        [S]Skills Summary: Brief and concise wholistic summary of the resume's skills, presented as a single continuous string of text.
                     found
2025-09-11 13:55:21,715 INFO: [OLLAMA]standard_ollama_call: payload field stream with value False found
2025-09-11 13:55:21,715 INFO: [OLLAMA]standard_ollama_call: payload field temperature with value 0.8 found
2025-09-11 13:55:25,814 INFO: [SUCCESS][OLLAMA]standard_ollama_call: {'model': 'llama3.2:latest', 'created_at': '2025-09-11T19:55:25.8126745Z', 'response': '[S]Highly skilled software developer with expertise in programming languages such as Python, JavaScript, and proficiency in Microsoft Suite. Proficient in back-end development, product design, and distributed systems. Strong background in machine learning, algorithm optimization, and data entry. Experienced in 3D printing, Blender, Unity, and version control systems, including Git. Possesses excellent collaboration, communication, and teamwork skills, with a strong focus on detail-oriented work, effective time management, and fast learning capabilities.', 'done': True, 'done_reason': 'stop', 'context': [128006, 9125, 128007, 271, 38766, 1303, 33025, 2696, 25, 6790, 220, 2366, 18, 271, 2675, 527, 264, 16063, 9986, 5620, 18328, 13, 8442, 2612, 1148, 374, 11472, 315, 499, 11, 304, 279, 4839, 3645, 5300, 13, 1472, 527, 311, 1833, 1521, 17959, 994, 9986, 5620, 682, 16063, 14491, 512, 12, 1472, 1253, 1193, 4128, 505, 279, 3984, 28887, 11, 912, 3339, 32946, 627, 12, 3234, 539, 17459, 904, 828, 477, 13073, 11, 1193, 1005, 279, 828, 3984, 627, 12, 1472, 1253, 539, 923, 904, 88977, 12518, 311, 279, 828, 430, 706, 1027, 3984, 627, 12, 578, 41891, 14491, 323, 8244, 16063, 2011, 387, 10015, 11, 64694, 323, 6721, 13, 1102, 2011, 29068, 311, 93940, 323, 1304, 279, 16063, 2559, 704, 627, 12, 5560, 4382, 311, 3619, 4221, 994, 3284, 11, 7389, 2167, 11156, 57726, 374, 1511, 13, 128009, 128006, 882, 128007, 271, 22818, 279, 2768, 7512, 2038, 505, 264, 16063, 512, 667, 510, 15, 60, 47761, 512, 58, 16, 60, 46819, 56064, 25, 39524, 56064, 198, 58, 16, 60, 63326, 31340, 25, 220, 18, 35, 51869, 11, 220, 18, 35, 61966, 11, 41425, 26329, 11, 95823, 27866, 11, 6984, 12, 3812, 11050, 11, 88668, 11, 2956, 16165, 11, 45055, 15264, 11, 21780, 660, 13257, 21579, 11, 13210, 11, 13257, 21579, 11, 5210, 21652, 11, 3075, 36185, 2955, 16565, 11, 5761, 7127, 11, 5907, 9744, 11, 13325, 11, 14025, 287, 11, 328, 90214, 4476, 11, 4476, 11050, 11, 8113, 27866, 11, 8113, 7649, 11, 22462, 11, 6207, 7935, 449, 21804, 11, 6207, 2585, 11, 6207, 2585, 6067, 198, 58, 16, 60, 31631, 31340, 25, 87687, 11, 31966, 11, 26855, 24540, 13283, 291, 11, 48023, 10758, 11, 17737, 21579, 11, 7839, 34991, 323, 31966, 31340, 11, 65907, 11, 10323, 40720, 5408, 11, 8068, 1816, 11, 4212, 9744, 271, 667, 8279, 5730, 553, 279, 7512, 3857, 315, 264, 16063, 304, 264, 421, 337, 4633, 11827, 26, 387, 1633, 64694, 719, 7872, 32505, 439, 1664, 11, 902, 3445, 430, 499, 2011, 2997, 439, 1690, 9959, 3649, 439, 3284, 449, 17832, 1344, 1386, 627, 667, 3494, 279, 69729, 7512, 2038, 439, 11263, 512, 667, 510, 50, 60, 47761, 22241, 25, 37618, 323, 64694, 421, 337, 4633, 12399, 315, 279, 16063, 596, 7512, 11, 10666, 439, 264, 3254, 19815, 925, 315, 1495, 627, 3909, 128009, 128006, 78191, 128007, 271, 43574, 60, 12243, 398, 26611, 3241, 16131, 449, 19248, 304, 15840, 15823, 1778, 439, 13325, 11, 13210, 11, 323, 63239, 304, 5210, 21652, 13, 8626, 5499, 304, 1203, 13368, 4500, 11, 2027, 2955, 11, 323, 4332, 6067, 13, 27191, 4092, 304, 5780, 6975, 11, 12384, 26329, 11, 323, 828, 4441, 13, 100123, 304, 220, 18, 35, 18991, 11, 88668, 11, 22462, 11, 323, 2373, 2585, 6067, 11, 2737, 21804, 13, 42145, 65970, 9250, 20632, 11, 10758, 11, 323, 84633, 7512, 11, 449, 264, 3831, 5357, 389, 7872, 36185, 990, 11, 7524, 892, 6373, 11, 323, 5043, 6975, 17357, 13], 'total_duration': 2044179600, 'load_duration': 50925000, 'prompt_eval_count': 384, 'prompt_eval_duration': 41592100, 'eval_count': 100, 'eval_duration': 1950455300}
2025-09-11 13:55:25,815 INFO: [TIME] standard_ollama_call took 4.0968 seconds
2025-09-11 13:55:25,815 INFO: [TIME] filter_output took 0.0000 seconds
2025-09-11 13:55:25,815 INFO: [SUCCESS]Output matches expected length
2025-09-11 13:55:25,815 WARNING: [ERROR]compare_start: Output line 0 does not start with sample start line
2025-09-11 13:55:25,815 INFO: [ERROR]compare_start: Output line: [S]Highly skilled software developer with expertise in programming languages such as Python, JavaScript, and proficiency in Microsoft Suite. Proficient in back-end development, product design, and distributed systems. Strong background in machine learning, algorithm optimization, and data entry. Experienced in 3D printing, Blender, Unity, and version control systems, including Git. Possesses excellent collaboration, communication, and teamwork skills, with a strong focus on detail-oriented work, effective time management, and fast learning capabilities.
2025-09-11 13:55:25,815 INFO: [ERROR]compare_start: Expected start line: [S]Skills Summary:
2025-09-11 13:55:25,815 INFO: [TIME] compare_start took 0.0026 seconds
2025-09-11 13:55:25,815 ERROR: [ERROR][OLLAMA]ollama_call: Output does not match expected start lines or output length. Retrying 1/1...
2025-09-11 13:55:25,815 ERROR: [ERROR][OLLAMA]ollama_call: All retries exhausted. Returning last response.
2025-09-11 13:55:25,815 INFO: [TIME] ollama_call took 4.1078 seconds
2025-09-11 13:55:25,815 INFO: [TIME] slide_summary took 54.0530 seconds
2025-09-11 13:55:25,815 ERROR: [ERROR][OLLAMA]Traceback:
2025-09-11 13:55:25,815 ERROR: Traceback (most recent call last):

  File "C:\CodeProjects\Sisyphus\Sisyphus\tailor_robust.py", line 1885, in ollama_call
    response = function(call_info).strip()
               ^^^^^^^^^^^^^^^^^^^^^^^^^

AttributeError: 'list' object has no attribute 'strip'

2025-09-11 13:55:25,815 ERROR: [ERROR][OLLAMA]ollama_call: 'list' object has no attribute 'strip'
2025-09-11 13:55:25,815 ERROR: [ERROR][OLLAMA]ollama_call: Exception occurred during Ollama call. Retrying 1/1...
2025-09-11 13:55:25,820 ERROR: [ERROR][OLLAMA]ollama_call: All retries exhausted. Returning last response.
2025-09-11 13:55:25,820 INFO: [TIME] ollama_call took 54.0636 seconds
2025-09-11 13:55:25,820 INFO: [OLLAMA]step0_tailor_summary: payload field model with value llama3.2:latest found
2025-09-11 13:55:25,822 INFO: [OLLAMA]step0_tailor_summary: payload field system with value You are a resume tailoring assistant. Only output what is requested of you, in the exact format specified. You are to follow these guidelines when tailoring all resume sections:
- You may only draw from the provided descriptions, no making assumptions.
- Do not invent any data or roles, only use the data provided.
- You may not add any untrue statements to the data that has been provided.
- The tailored sections and overall resume must be brief, concise and professional. It must cater to recruiters and make the resume stand out.
- Use simple to understand language when possible, unless direct technical terminology is used. found
2025-09-11 13:55:25,822 INFO: [OLLAMA]step0_tailor_summary: payload field prompt with value Given the following resume sections summarized:
                        [
E
R
R
O
R
]
[
O
L
L
A
M
A
]
o
l
l
a
m
a
_
c
a
l
l
:
 
A
l
l
 
r
e
t
r
i
e
s
 
e
x
h
a
u
s
t
e
d
.
                        Create a wholistic summary of all of them, following these guidelines:
                        - Include the candidate's contact information, as well as their title and name.
                        - Include any certifications or qualifications.
                        - Include all education.
                        - Include all projects, work experience, and volunteering and leadership roles.
                        - Include all information, competencies, achievements, and skills, this is a wholistic summary of the candidate's qualifications.
                        - Maintain the context and flow between the sections.
                        - Be very concise but detail-driven as well, which means that you must include as many relevant details as possible with minimal fluff.
                        Return the summarized information as a single continuous string of text, following this format strictly:
                        [0]Summary: Wholistic summary of all sections.
                     found
2025-09-11 13:55:25,822 INFO: [OLLAMA]step0_tailor_summary: payload field stream with value False found
2025-09-11 13:55:25,822 INFO: [OLLAMA]step0_tailor_summary: payload field temperature with value 0.8 found
2025-09-11 13:55:35,090 INFO: [SUCCESS][OLLAMA]step0_tailor_summary: {'model': 'llama3.2:latest', 'created_at': '2025-09-11T19:55:35.0883171Z', 'response': '[0]\nJohn Doe,\nAlliance Retailer\n(johndoe@email.com) | (123) 456-7890\n\nCertifications:\n- Alliance Retail Certification (ARC)\n- Customer Service Mastery Program (CSP)\n\nEducation:\n- Allama Caliph, Retail Excellence Training, 2022\n    - Completed an intensive training program focusing on retail strategies and best practices.\n\nSkills & Competencies:\n- Retail expertise with a proven track record of delivering exceptional customer experiences.\n- Strong communication and interpersonal skills, with the ability to build strong relationships with colleagues, customers, and stakeholders.\n- Proficient in point-of-sale systems, inventory management software, and other relevant tools.\n- Demonstrated adaptability and resilience in fast-paced retail environments.\n\nAchievements:\n- Consistently exceeded sales targets while maintaining a high level of customer satisfaction.\n- Developed and implemented innovative strategies to drive sales growth and improve operational efficiency.\n- Collaborated with cross-functional teams to launch new product lines and promotions, resulting in significant increases in revenue and market share.\n\nProjects & Work Experience:\n- Alliance Retailer, Allama Caliph (2020-Present)\n    - Managed daily operations of the retail store, including inventory management, employee supervision, and customer service.\n    - Implemented a loyalty program that resulted in a 25% increase in repeat business.\n- Retail Sales Associate, Various Stores (2018-2020)\n    - Provided exceptional customer service, responding to customer inquiries and resolving issues promptly.\n    - Developed knowledge of products and services, making recommendations to customers and increasing sales.\n\nVolunteering & Leadership Roles:\n- Alliance Volunteer Program (AVP), Allama Caliph (2019-Present)\n    - Participated in community outreach initiatives, including charity events and fundraising campaigns.\n    - Served as a mentor for new retail associates, providing guidance and support to help them succeed in their roles.', 'done': True, 'done_reason': 'stop', 'context': [128006, 9125, 128007, 271, 38766, 1303, 33025, 2696, 25, 6790, 220, 2366, 18, 271, 2675, 527, 264, 16063, 9986, 5620, 18328, 13, 8442, 2612, 1148, 374, 11472, 315, 499, 11, 304, 279, 4839, 3645, 5300, 13, 1472, 527, 311, 1833, 1521, 17959, 994, 9986, 5620, 682, 16063, 14491, 512, 12, 1472, 1253, 1193, 4128, 505, 279, 3984, 28887, 11, 912, 3339, 32946, 627, 12, 3234, 539, 17459, 904, 828, 477, 13073, 11, 1193, 1005, 279, 828, 3984, 627, 12, 1472, 1253, 539, 923, 904, 88977, 12518, 311, 279, 828, 430, 706, 1027, 3984, 627, 12, 578, 41891, 14491, 323, 8244, 16063, 2011, 387, 10015, 11, 64694, 323, 6721, 13, 1102, 2011, 29068, 311, 93940, 323, 1304, 279, 16063, 2559, 704, 627, 12, 5560, 4382, 311, 3619, 4221, 994, 3284, 11, 7389, 2167, 11156, 57726, 374, 1511, 13, 128009, 128006, 882, 128007, 271, 22818, 279, 2768, 16063, 14491, 69729, 512, 667, 2330, 36, 198, 49, 198, 49, 198, 46, 198, 49, 198, 933, 9837, 46, 198, 43, 198, 43, 198, 32, 198, 44, 198, 32, 198, 933, 78, 198, 75, 198, 75, 198, 64, 198, 76, 198, 64, 198, 13220, 66, 198, 64, 198, 75, 198, 75, 198, 512, 720, 32, 198, 75, 198, 75, 27907, 81, 198, 68, 198, 83, 198, 81, 198, 72, 198, 68, 198, 82, 27907, 68, 198, 87, 198, 71, 198, 64, 198, 84, 198, 82, 198, 83, 198, 68, 198, 67, 198, 627, 667, 4324, 264, 421, 337, 4633, 12399, 315, 682, 315, 1124, 11, 2768, 1521, 17959, 512, 667, 482, 30834, 279, 9322, 596, 3729, 2038, 11, 439, 1664, 439, 872, 2316, 323, 836, 627, 667, 482, 30834, 904, 82571, 477, 43784, 627, 667, 482, 30834, 682, 6873, 627, 667, 482, 30834, 682, 7224, 11, 990, 3217, 11, 323, 70438, 323, 11692, 13073, 627, 667, 482, 30834, 682, 2038, 11, 4634, 6072, 11, 33997, 11, 323, 7512, 11, 420, 374, 264, 421, 337, 4633, 12399, 315, 279, 9322, 596, 43784, 627, 667, 482, 87477, 279, 2317, 323, 6530, 1990, 279, 14491, 627, 667, 482, 2893, 1633, 64694, 719, 7872, 32505, 439, 1664, 11, 902, 3445, 430, 499, 2011, 2997, 439, 1690, 9959, 3649, 439, 3284, 449, 17832, 1344, 1386, 627, 667, 3494, 279, 69729, 2038, 439, 264, 3254, 19815, 925, 315, 1495, 11, 2768, 420, 3645, 26549, 512, 667, 510, 15, 60, 19791, 25, 1254, 337, 4633, 12399, 315, 682, 14491, 627, 3909, 128009, 128006, 78191, 128007, 271, 58, 15, 933, 13379, 50728, 345, 2460, 5397, 35139, 261, 198, 3406, 2319, 303, 4748, 72876, 916, 8, 765, 320, 4513, 8, 220, 10961, 12, 16474, 15, 271, 38034, 7174, 512, 12, 23590, 35139, 51310, 320, 47572, 340, 12, 12557, 5475, 94143, 6826, 320, 34, 4695, 696, 40234, 512, 12, 2052, 3105, 3400, 15619, 11, 35139, 58240, 16543, 11, 220, 2366, 17, 198, 262, 482, 46594, 459, 37295, 4967, 2068, 21760, 389, 11040, 15174, 323, 1888, 12659, 382, 47761, 612, 26517, 6072, 512, 12, 35139, 19248, 449, 264, 17033, 3839, 3335, 315, 24944, 25363, 6130, 11704, 627, 12, 27191, 10758, 323, 74958, 7512, 11, 449, 279, 5845, 311, 1977, 3831, 12135, 449, 18105, 11, 6444, 11, 323, 39210, 627, 12, 8626, 5499, 304, 1486, 8838, 58637, 6067, 11, 15808, 6373, 3241, 11, 323, 1023, 9959, 7526, 627, 12, 86501, 660, 10737, 2968, 323, 56062, 304, 5043, 65319, 11040, 22484, 382, 72685, 12760, 512, 12, 7440, 380, 4501, 34908, 6763, 11811, 1418, 20958, 264, 1579, 2237, 315, 6130, 24617, 627, 12, 80110, 323, 11798, 18699, 15174, 311, 6678, 6763, 6650, 323, 7417, 25605, 15374, 627, 12, 49681, 660, 449, 5425, 99616, 7411, 311, 7195, 502, 2027, 5238, 323, 37071, 11, 13239, 304, 5199, 12992, 304, 13254, 323, 3157, 4430, 382, 31058, 612, 5664, 21460, 512, 12, 23590, 35139, 261, 11, 2052, 3105, 3400, 15619, 320, 2366, 15, 9483, 2762, 340, 262, 482, 61844, 7446, 7677, 315, 279, 11040, 3637, 11, 2737, 15808, 6373, 11, 9548, 38217, 11, 323, 6130, 2532, 627, 262, 482, 88113, 264, 32883, 2068, 430, 19543, 304, 264, 220, 914, 4, 5376, 304, 13454, 2626, 627, 12, 35139, 16207, 33468, 11, 40741, 39402, 320, 679, 23, 12, 2366, 15, 340, 262, 482, 54974, 25363, 6130, 2532, 11, 30438, 311, 6130, 44983, 323, 53583, 4819, 40522, 627, 262, 482, 80110, 6677, 315, 3956, 323, 3600, 11, 3339, 19075, 311, 6444, 323, 7859, 6763, 382, 37461, 11066, 4776, 612, 37263, 52007, 512, 12, 23590, 65535, 6826, 320, 8253, 47, 705, 2052, 3105, 3400, 15619, 320, 679, 24, 9483, 2762, 340, 262, 482, 44581, 660, 304, 4029, 47210, 28271, 11, 2737, 23693, 4455, 323, 37419, 21343, 627, 262, 482, 328, 2841, 439, 264, 36528, 369, 502, 11040, 40531, 11, 8405, 19351, 323, 1862, 311, 1520, 1124, 12265, 304, 872, 13073, 13], 'total_duration': 7229610300, 'load_duration': 50523000, 'prompt_eval_count': 405, 'prompt_eval_duration': 40975000, 'eval_count': 381, 'eval_duration': 7137006800}
2025-09-11 13:55:35,092 INFO: [TIME] step0_tailor_summary took 63.3375 seconds
2025-09-11 13:55:35,093 INFO: [TIME] filter_output took 0.0000 seconds
2025-09-11 13:55:35,094 INFO: [SUCCESS]Output matches expected length
2025-09-11 13:55:35,094 WARNING: [ERROR]compare_start: Output line 0 does not start with sample start line
2025-09-11 13:55:35,094 INFO: [ERROR]compare_start: Output line: [0]
2025-09-11 13:55:35,094 INFO: [ERROR]compare_start: Expected start line: [0]Summary:
2025-09-11 13:55:35,095 INFO: [TIME] compare_start took 0.0020 seconds
2025-09-11 13:55:35,095 ERROR: [ERROR][OLLAMA]ollama_call: Output does not match expected start lines or output length. Retrying 1/1...
2025-09-11 13:55:35,095 ERROR: [ERROR][OLLAMA]ollama_call: All retries exhausted. Returning last response.
2025-09-11 13:55:35,095 INFO: [TIME] ollama_call took 63.3474 seconds
2025-09-11 13:55:35,095 INFO: [TIME] check_summaries took 70.3319 seconds
2025-09-11 13:55:35,096 INFO: [TIME] format_checker_out took 0.0003 seconds
2025-09-11 13:55:35,096 INFO: [TIME] read_format_checker took 0.0000 seconds
2025-09-11 13:55:35,096 INFO: [TIME] read_text_file took 0.0003 seconds
2025-09-11 13:55:35,096 INFO: [TIME] read_text_file took 0.0002 seconds
2025-09-11 13:55:35,097 INFO: [TIME] read_text_file took 0.0002 seconds
2025-09-11 13:55:35,100 INFO: [INFO][OLLAMA]fetch_complete_call_info: fetching complete call info for call id consistency_checker_vs_job_desc_cv...
2025-09-11 13:55:35,100 INFO: [INFO][OLLAMA]fetch_complete_call_info: complete call info:
2025-09-11 13:55:35,100 INFO: [INFO][OLLAMA]fetch_complete_call_info: found key call_id with value:
2025-09-11 13:55:35,101 INFO: consistency_checker_vs_job_desc_cv
2025-09-11 13:55:35,101 INFO: [INFO][OLLAMA]fetch_complete_call_info: found key payload_in with value:
2025-09-11 13:55:35,101 INFO: {'model': 'llama3.2:latest', 'system': 'You are a resume analysis expert. While analyzing resume consistency with wider curriculum data, job descriptions or itself, you must follow these guidelines:\nYou may only draw from the provided data, no making assumptions.\nYou may not add any untrue statements outside of what has been provided.\nYou must remain objective throughout.', 'stream': False, 'temperature': 0.8}
2025-09-11 13:55:35,102 INFO: [INFO][OLLAMA]fetch_complete_call_info: found key format with value:
2025-09-11 13:55:35,102 INFO: {'cv_data': '[ERROR][OLLAMA]ollama_call: All retries exhausted.', 'job_description': '**Company Name:** Sentry\n**Job Title:** Software Engineer - New Grad\n\n**Key Responsibilities:**\n\n* Develop and extend the Sentry product by writing software in Python or JavaScript (or both)\n* Design, develop, test, and operate software in production\n* Collaborate with team members to deliver high-quality software solutions\n* Act on feedback and mentorship from manager and teammates\n* Communicate effectively with various stakeholders\n\n**Key Requirements:**\n\n* B.S. or higher in Computer Science or similar degree program\n* At least 1 previous internship or equivalent practical experience\n* Implementation skills with one or more general-purpose programming languages (e.g. Python, JavaScript, Java)\n* Good knowledge of algorithms, data structures, and object-oriented design principles\n* Experience working with version control and unit testing\n\n**Needed Skills:**\n\n* Technical Skills:\n\t+ General-purpose programming languages (Python, JavaScript, Java)\n\t+ Algorithms, data structures, and object-oriented design principles\n\t+ Version control (e.g. Git) and unit testing\n* Soft Skills:\n\t+ Strong communication and collaboration skills\n\t+ Ability to work effectively in a team environment\n\t+ Adaptability and willingness to learn from feedback and mentorship'}
2025-09-11 13:55:35,103 INFO: [INFO][OLLAMA]fetch_complete_call_info: found key prompt_in with value:
2025-09-11 13:55:35,103 INFO: Given the following summary of a resume:
                        {cv_data}
                        And the job description the aforementioned resume has been tailored to:
                        {job_description}
                        Perform a consistency check on the tailored resume against the job description. This consistency check will check if the resume is consistent with the job description, meaning that all skills and experiences mentioned in the resume should be relevant to the job description.
                        Follow these guidelines:
                        - Be mindful not to include any line breaks in the content of any of the sections/subsections.
                        - Be as objective as possible, and do not make any assumptions about the data.
                        - Do not create nor imagine any data that is not present in the original data.
                        The consistency check should be returned strictly in the following format (include the numbers "[0]", "[1]", do not modify the format):
                        [0]Consistency Checker Vs Job Description:
                        [1]Inconsistencies With Job Description: [Yes/No]; [List of inconsistencies found, if any; return 'None' if no inconsistencies; must be a continuous block of text, composed of sentences separated by ".", not line breaks]
                        [1]Suggestions for Improvement: [List of suggestions for improvement, if any; return 'None' if no suggestions; must be a continuous block of text, composed of sentences separated by ".", not line breaks]
                    
2025-09-11 13:55:35,104 INFO: [INFO][OLLAMA]fetch_complete_call_info: found key ollama_url with value:
2025-09-11 13:55:35,104 INFO: http://localhost:11434
2025-09-11 13:55:35,104 INFO: [INFO][OLLAMA]fetch_complete_call_info: found key sample_starts with value:
2025-09-11 13:55:35,105 INFO: ['strict', 'digits', '[0]Consistency Checker Vs Job Description:', '[1]Inconsistencies With Job Description:', '[1]Suggestions for Improvement:']
2025-09-11 13:55:35,106 INFO: [OLLAMA]standard_ollama_call: call_id: consistency_checker_vs_job_desc_cv
2025-09-11 13:55:35,107 WARNING: [WARNING][OLLAMA]standard_ollama_call: prompt_in contains placeholders
2025-09-11 13:55:35,107 INFO: [OLLAMA]standard_ollama_call: payload field model with value llama3.2:latest found
2025-09-11 13:55:35,107 INFO: [OLLAMA]standard_ollama_call: payload field system with value You are a resume analysis expert. While analyzing resume consistency with wider curriculum data, job descriptions or itself, you must follow these guidelines:
You may only draw from the provided data, no making assumptions.
You may not add any untrue statements outside of what has been provided.
You must remain objective throughout. found
2025-09-11 13:55:35,108 INFO: [OLLAMA]standard_ollama_call: payload field prompt with value Given the following summary of a resume:
                        [ERROR][OLLAMA]ollama_call: All retries exhausted.
                        And the job description the aforementioned resume has been tailored to:
                        **Company Name:** Sentry
**Job Title:** Software Engineer - New Grad

**Key Responsibilities:**

* Develop and extend the Sentry product by writing software in Python or JavaScript (or both)
* Design, develop, test, and operate software in production
* Collaborate with team members to deliver high-quality software solutions
* Act on feedback and mentorship from manager and teammates
* Communicate effectively with various stakeholders

**Key Requirements:**

* B.S. or higher in Computer Science or similar degree program
* At least 1 previous internship or equivalent practical experience
* Implementation skills with one or more general-purpose programming languages (e.g. Python, JavaScript, Java)
* Good knowledge of algorithms, data structures, and object-oriented design principles
* Experience working with version control and unit testing

**Needed Skills:**

* Technical Skills:
	+ General-purpose programming languages (Python, JavaScript, Java)
	+ Algorithms, data structures, and object-oriented design principles
	+ Version control (e.g. Git) and unit testing
* Soft Skills:
	+ Strong communication and collaboration skills
	+ Ability to work effectively in a team environment
	+ Adaptability and willingness to learn from feedback and mentorship
                        Perform a consistency check on the tailored resume against the job description. This consistency check will check if the resume is consistent with the job description, meaning that all skills and experiences mentioned in the resume should be relevant to the job description.
                        Follow these guidelines:
                        - Be mindful not to include any line breaks in the content of any of the sections/subsections.
                        - Be as objective as possible, and do not make any assumptions about the data.
                        - Do not create nor imagine any data that is not present in the original data.
                        The consistency check should be returned strictly in the following format (include the numbers "[0]", "[1]", do not modify the format):
                        [0]Consistency Checker Vs Job Description:
                        [1]Inconsistencies With Job Description: [Yes/No]; [List of inconsistencies found, if any; return 'None' if no inconsistencies; must be a continuous block of text, composed of sentences separated by ".", not line breaks]
                        [1]Suggestions for Improvement: [List of suggestions for improvement, if any; return 'None' if no suggestions; must be a continuous block of text, composed of sentences separated by ".", not line breaks]
                     found
2025-09-11 13:55:35,108 INFO: [OLLAMA]standard_ollama_call: payload field stream with value False found
2025-09-11 13:55:35,109 INFO: [OLLAMA]standard_ollama_call: payload field temperature with value 0.8 found
2025-09-11 13:55:39,347 INFO: [SUCCESS][OLLAMA]standard_ollama_call: {'model': 'llama3.2:latest', 'created_at': '2025-09-11T19:55:39.3457211Z', 'response': '[0]Consistency Checker Vs Job Description:\n[1]Inconsistencies With Job Description: None\n[1]Suggestions for Improvement: \n\nNote: After analyzing the provided resume and job description, no inconsistencies were found. The resume is consistent with the job description, covering all required skills and experiences mentioned in the job description. Therefore, there are no suggestions for improvement regarding inconsistencies. However, general suggestions for improving the resume to make it more effective could be included.', 'done': True, 'done_reason': 'stop', 'context': [128006, 9125, 128007, 271, 38766, 1303, 33025, 2696, 25, 6790, 220, 2366, 18, 271, 2675, 527, 264, 16063, 6492, 6335, 13, 6104, 42118, 16063, 29237, 449, 22622, 30676, 828, 11, 2683, 28887, 477, 5196, 11, 499, 2011, 1833, 1521, 17959, 512, 2675, 1253, 1193, 4128, 505, 279, 3984, 828, 11, 912, 3339, 32946, 627, 2675, 1253, 539, 923, 904, 88977, 12518, 4994, 315, 1148, 706, 1027, 3984, 627, 2675, 2011, 7293, 16945, 6957, 13, 128009, 128006, 882, 128007, 271, 22818, 279, 2768, 12399, 315, 264, 16063, 512, 667, 510, 3767, 1483, 22259, 39200, 60, 980, 3105, 13735, 25, 2052, 61701, 39019, 627, 667, 1628, 279, 2683, 4096, 279, 46752, 16063, 706, 1027, 41891, 311, 512, 667, 3146, 14831, 4076, 68063, 95160, 198, 334, 12524, 11106, 68063, 4476, 29483, 482, 1561, 22547, 271, 334, 1622, 74112, 25, 57277, 9, 8000, 323, 13334, 279, 95160, 2027, 555, 4477, 3241, 304, 13325, 477, 13210, 320, 269, 2225, 340, 9, 7127, 11, 2274, 11, 1296, 11, 323, 14816, 3241, 304, 5788, 198, 9, 49681, 349, 449, 2128, 3697, 311, 6493, 1579, 22867, 3241, 10105, 198, 9, 3298, 389, 11302, 323, 36528, 5383, 505, 6783, 323, 32746, 198, 9, 16838, 349, 13750, 449, 5370, 39210, 271, 334, 1622, 34884, 25, 57277, 9, 426, 815, 13, 477, 5190, 304, 17863, 10170, 477, 4528, 8547, 2068, 198, 9, 2468, 3325, 220, 16, 3766, 60859, 477, 13890, 15325, 3217, 198, 9, 31913, 7512, 449, 832, 477, 810, 4689, 59338, 15840, 15823, 320, 68, 1326, 13, 13325, 11, 13210, 11, 8102, 340, 9, 7839, 6677, 315, 26249, 11, 828, 14726, 11, 323, 1665, 36185, 2955, 16565, 198, 9, 21460, 3318, 449, 2373, 2585, 323, 5089, 7649, 271, 334, 57806, 31340, 25, 57277, 9, 27766, 31340, 512, 197, 10, 3331, 59338, 15840, 15823, 320, 31380, 11, 13210, 11, 8102, 340, 197, 10, 86859, 11, 828, 14726, 11, 323, 1665, 36185, 2955, 16565, 198, 197, 10, 6207, 2585, 320, 68, 1326, 13, 21804, 8, 323, 5089, 7649, 198, 9, 25046, 31340, 512, 197, 10, 27191, 10758, 323, 20632, 7512, 198, 197, 10, 37083, 311, 990, 13750, 304, 264, 2128, 4676, 198, 197, 10, 59531, 2968, 323, 39375, 311, 4048, 505, 11302, 323, 36528, 5383, 198, 667, 26050, 264, 29237, 1817, 389, 279, 41891, 16063, 2403, 279, 2683, 4096, 13, 1115, 29237, 1817, 690, 1817, 422, 279, 16063, 374, 13263, 449, 279, 2683, 4096, 11, 7438, 430, 682, 7512, 323, 11704, 9932, 304, 279, 16063, 1288, 387, 9959, 311, 279, 2683, 4096, 627, 667, 11359, 1521, 17959, 512, 667, 482, 2893, 63442, 539, 311, 2997, 904, 1584, 18808, 304, 279, 2262, 315, 904, 315, 279, 14491, 38985, 25686, 627, 667, 482, 2893, 439, 16945, 439, 3284, 11, 323, 656, 539, 1304, 904, 32946, 922, 279, 828, 627, 667, 482, 3234, 539, 1893, 6463, 13085, 904, 828, 430, 374, 539, 3118, 304, 279, 4113, 828, 627, 667, 578, 29237, 1817, 1288, 387, 6052, 26549, 304, 279, 2768, 3645, 320, 1012, 279, 5219, 10768, 15, 19618, 10768, 16, 19618, 656, 539, 5719, 279, 3645, 997, 667, 510, 15, 60, 15577, 48194, 81778, 44082, 12280, 7817, 512, 667, 510, 16, 60, 644, 6387, 380, 6072, 3161, 12280, 7817, 25, 510, 9642, 14, 2822, 5378, 510, 861, 315, 92922, 1766, 11, 422, 904, 26, 471, 364, 4155, 6, 422, 912, 92922, 26, 2011, 387, 264, 19815, 2565, 315, 1495, 11, 24306, 315, 23719, 19180, 555, 69614, 539, 1584, 18808, 933, 667, 510, 16, 60, 99946, 369, 53751, 25, 510, 861, 315, 18726, 369, 16048, 11, 422, 904, 26, 471, 364, 4155, 6, 422, 912, 18726, 26, 2011, 387, 264, 19815, 2565, 315, 1495, 11, 24306, 315, 23719, 19180, 555, 69614, 539, 1584, 18808, 933, 3909, 128009, 128006, 78191, 128007, 271, 58, 15, 60, 15577, 48194, 81778, 44082, 12280, 7817, 512, 58, 16, 60, 644, 6387, 380, 6072, 3161, 12280, 7817, 25, 2290, 198, 58, 16, 60, 99946, 369, 53751, 25, 4815, 9290, 25, 4740, 42118, 279, 3984, 16063, 323, 2683, 4096, 11, 912, 92922, 1051, 1766, 13, 578, 16063, 374, 13263, 449, 279, 2683, 4096, 11, 18702, 682, 2631, 7512, 323, 11704, 9932, 304, 279, 2683, 4096, 13, 15636, 11, 1070, 527, 912, 18726, 369, 16048, 9002, 92922, 13, 4452, 11, 4689, 18726, 369, 18899, 279, 16063, 311, 1304, 433, 810, 7524, 1436, 387, 5343, 13], 'total_duration': 2189653300, 'load_duration': 50627700, 'prompt_eval_count': 615, 'prompt_eval_duration': 322184300, 'eval_count': 97, 'eval_duration': 1815965000}
2025-09-11 13:55:39,349 INFO: [TIME] standard_ollama_call took 4.2437 seconds
2025-09-11 13:55:39,349 INFO: [TIME] filter_output took 0.0000 seconds
2025-09-11 13:55:39,350 INFO: [SUCCESS]Output matches expected length
2025-09-11 13:55:39,350 INFO: [SUCCESS]Output matches expected start lines
2025-09-11 13:55:39,350 INFO: [TIME] compare_start took 0.0015 seconds
2025-09-11 13:55:39,350 INFO: [SUCCESS][OLLAMA]ollama_call: Ollama call succeeded: [0]Consistency Checker Vs Job Description:
[1]Inconsistencies With Job Description: None
[1]Suggestions for Improvement:
2025-09-11 13:55:39,351 INFO: [TIME] ollama_call took 4.2538 seconds
2025-09-11 13:55:39,351 INFO: [0]Consistency Checker Vs Job Description:
[1]Inconsistencies With Job Description: None
[1]Suggestions for Improvement:
2025-09-11 13:55:39,351 INFO: [TIME] filter_output took 0.0000 seconds
2025-09-11 13:55:39,351 INFO: [0]Consistency Checker Vs Job Description:
[1]Inconsistencies With Job Description: None
[1]Suggestions for Improvement:
2025-09-11 13:55:39,354 INFO: [INFO][OLLAMA]fetch_complete_call_info: fetching complete call info for call id consistency_checker_vs_cv_cv...
2025-09-11 13:55:39,354 INFO: [INFO][OLLAMA]fetch_complete_call_info: complete call info:
2025-09-11 13:55:39,354 INFO: [INFO][OLLAMA]fetch_complete_call_info: found key call_id with value:
2025-09-11 13:55:39,354 INFO: consistency_checker_vs_cv_cv
2025-09-11 13:55:39,355 INFO: [INFO][OLLAMA]fetch_complete_call_info: found key payload_in with value:
2025-09-11 13:55:39,355 INFO: {'model': 'llama3.2:latest', 'system': 'You are a resume analysis expert. While analyzing resume consistency with wider curriculum data, job descriptions or itself, you must follow these guidelines:\nYou may only draw from the provided data, no making assumptions.\nYou may not add any untrue statements outside of what has been provided.\nYou must remain objective throughout.', 'stream': False, 'temperature': 0.8}
2025-09-11 13:55:39,355 INFO: [INFO][OLLAMA]fetch_complete_call_info: found key format with value:
2025-09-11 13:55:39,356 INFO: {'cv_data': "[0]Name: Marcos David Madrigal Albores\n[0]Contact Information:\n[1]Address: 308 Brunswick Ave, Toronto, ON, Canada\n[1]Phone: +1-437-981-2994\n[1]Email: marcosdma.compeng@outlook.com\n[1]LinkedIn: linkedin.com/in/marcosdma/\n[1]Github: github.com/marneus981\n[1]Portfolio: marneus981.github.io | donkeyponius981.itch.io\n[0]Title: Computer Engineer\n[0]Summary: As a recent graduate with a strong foundation in computer science, I am excited to leverage my Python and JavaScript programming skills, algorithmic thinking, and experience with version control and unit testing to contribute to Sentry's innovative product development. With a passion for using the product I build, I am eager to join a high-growth startup like Sentry and start my career on a fast-paced, rapidly iterating team.\n[0]Languages: English, Spanish, French\n[0]Education:\n[1]Degree: Bachelor of Applied Science in Computer Engineering\n[1]University: University of Toronto\n[1]Location: Toronto, ON, Canada\n[1]Duration: 2018/09 - 2023/06\n[1]Courses: [1]Courses: ESC180 Introduction to Computer Programming, MAT185 Linear Algebra, ECE159 Fundamentals of Electric Circuits, MAT195 Calculus II, ECE190 Computer Algorithms and Data Structures\n[0]Certifications:\n[1]Certification Name: Minor in Artificial Intelligence\n[1]Issuing Organization: University of Toronto\n[1]Issue Date: 2023/06\n[0]Awards and Scholarships:\n[1]Award Name: United Nations Datathon 2023 Participation\n[1]Issuing Organization: United Nations\n[1]Issue Date: 2023/11\n[1]Award Name: University of Toronto Engineering Scholar\n[1]Issuing Organization: University of Toronto Faculty of Applied Science and Engineering\n[1]Issue Date: 2018/09\n[0]Volunteering and Leadership:\n[1]Role: Committee Student Member\n[1]Organization: Scholarship Committee at the Faculty of Engineering, University of Toronto\n[1]Location: Toronto, ON, Canada\n[1]Duration: 2020/01 - 2020/12\n[1]Description: Collaborated as part of a multi-disciplinary committee, providing impactful decisions to benefit students faculty-wide. Represented students by distributing and voting on awards and scholarships for students\n[0]Work Experience:\n[1]Job Title: Freelance 3D Designer\n[1]Company: Freelance\n[1]Location: Toronto, ON, Canada\n[1]Duration: 2024/01 - 2024/09\n[1]Description: Designed quality models for 3D printed products, applying technical skills in Blender and various slicing software/hardware. Utilized problem-solving expertise to create innovative designs\n[1]Job Title: PEY VR Technical Assistant\n[1]Company: Medica Providencia Clinic\n[1]Location: Tuxtla Gtz, CS, Mexico\n[1]Duration: 2022/12 - 2023/03\n[1]Description: Utilized problem-solving skills to troubleshoot hardware issues, improving efficiency and patient satisfaction. Collaborated with professionals on testing processes\n[1]Job Title: Script Programmer and Video Project Editor\n[1]Company: Ontario Institute for Studies in Education\n[1]Location: Toronto, ON, Canada\n[1]Duration: 2022/03 - 2022/05\n[1]Description: Developed video description generation algorithms using Python, enhancing stakeholder satisfaction and project deliverables within 3 months. Utilized creative problem-solving skills to align project goals\n[1]Job Title: Secretary and Sales Associate\n[1]Company: Medica Providencia Clinic\n[1]Location: Tuxtla Gtz, CS, Mexico\n[1]Duration: 2015/08 - 2018/07\n[1]Description: Streamlined operations by efficiently managing tasks, demonstrating skills in data entry and documentation, and performing sales operations. This experience showcases my ability to manage peak hours and adapt to changing demands\n[0]Projects:\n[1]Project Title: TTRPG Tools\n[1]URL: https://github.com/Marneus981/TTRPGTools\n[1]Type: Open Source Personal Project\n[1]Duration: 2023/06 - Present\n[1]Description: Developed software tools with planned AI integration for playing and creating TTRPG Games using C++ and Python, highlighting skills in programming languages, automation, and debugging\n[1]Project Title: VKnob\n[1]URL: https://github.com/Marneus981/VKnob\n[1]Type: Open Source Personal Project\n[1]Duration: 2024/02 - Present\n[1]Description: Developed an overlay application controlling multiple Digital Audio Workstations, showcasing proficiency in C++ and UIAutomation. Demonstrated ability to automate UI calls in Windows\n[1]Project Title: Untitled RPG Game Project\n[1]URL: \n[1]Type: Personal Game Project\n[1]Duration: 2025/04 - Present\n[1]Description: Developed a 2D action role-playing game using Unity, showcasing C# programming skills and editing/animating 2D sprites and assets\n[1]Project Title: Horizontal Federated Learning Research\n[1]URL: github.com/alexjsenn/FedScale\n[1]Type: Research | Capstone Project\n[1]Duration: 2021/09 - 2022/06\n[1]Description: Developed Python skills, researched network performance of distributed Federated Machine Learning model aggregation, and improved algorithm efficiency. Co-authored technical papers on novel aggregation algorithms\n[1]Project Title: MAPPA C++ Geographical Information System\n[1]URL: https://github.com/Marneus981/MAPPA\n[1]Type: University Project\n[1]Duration: 2019/09 - 2020/06\n[1]Description: Built a GIS system using OpenStreetMap data and C++ EZGL library, improving efficiency by 200% and reducing memory usage by 50%. Co-developed UI/UX tailored to stakeholder needs\n[0]Skills:\n[1]Programming Languages: Programming Languages\n[1]Technical Skills: 3D Printing, 3D modelling, Algorithm optimization, Automated Testing, Back-End Development, Blender, Data Entry, Distributed Systems, Federated Machine Learning, JavaScript, Machine Learning, Microsoft Suite, Object-oriented design principles, Product Design, Project Management, Python, Scripting, Slicing Software, Software Development, Unit Testing, Unit testing, Unity, Version Control with Git, Version control, Version control systems\n[1]Soft Skills: Collaboration, Communication, Detail-Oriented, Effective communication, Fast Learning, Good Written and Communication Skills, Integrity, Self-Starter, Teamwork, Time Management", 'cv_data_orig': '[0]Name: Marcos David Madrigal Albores\n[0]Contact Information:\n[1]Address: 308 Brunswick Ave, Toronto, ON, Canada\n[1]Phone: +1-437-981-2994\n[1]Email: marcosdma.compeng@outlook.com\n[1]LinkedIn: linkedin.com/in/marcosdma/ \n[1]Github: github.com/marneus981 \n[1]Portfolio: marneus981.github.io | donkeyponius981.itch.io\n[0]Title: Computer Engineer\n[0]Summary: Proactive Computer Engineer with a Minor in Artificial Intelligence, experienced in designing, developing and implementing complex software systems. Skilled in using diverse tech stacks and programming languages, such as LLM APIs, ReactJS, Python ML, C++, Assembly, etc. Always passionate about learning new technologies. Proven ability to write clear, well-tested and extensible code through personal and university projects. Fluent in English, French, and Spanish. \n[0]Languages: English, Spanish, French\n[0]Education:\n[1]Degree: Bachelor of Applied Science in Computer Engineering\n[1]University: University of Toronto\n[1]Location: Toronto, ON, Canada\n[1]Duration: 2018/09 - 2023/06\n[1]Courses: CIV102 Structures and Materials, ESC101 Praxis I, ESC103 Engineering Mathematics and Computation, ESC180 Introduction to Computer Programming, MAT194 Calculus I, PHY180 Classical Mechanics, ECE159 Fundamentals of Electric Circuits, ESC102 Praxis II, ESC190 Computer Algorithms and Data Structures, MAT185 Linear Algebra, MAT195 Calculus II, MSE160 Molecules and Materials, ECE212 Circuit Analysis, ECE241 Digital Systems, ECE244 Programming Fundamentals, MAT290 Advanced Engineering Mathematics, MAT291 Calculus III, ECE216 Signals and Systems, ECE221 Electric and Magnetic Fields, ECE231 Introductory Electronics, ECE243 Computer Organization, ECE297 Software Communication and Design, BME445 Neural Bioelectricity, ECE302 Probability and Applications, ECE344 Operating Systems, ECE361 Computer Networks I, ECE421 Introduction to Machine Learning, APS360 Applied Fundamentals of Machine Learning, CSC384 Introduction to Artificial Intelligence, ECE320 Fields and Waves, ECE345 Algorithms and Data Structures, ECE496 Machine Learning Capstone Project, CLA204 Introduction to Classical Mythology, ECE368 Probabilistic Reasoning, ECE470 Robot Modeling and Control, AST 251 Life on Other Worlds, JRE420 People Management and Organizational Behaviour, TEP444 Positive Psychology for Engineers\n[0]Certifications:\n[1]Certification Name: Minor in Artificial Intelligence\n[1]Issuing Organization: University of Toronto\n[1]Issue Date: 2023/06\n[0]Awards and Scholarships:\n[1]Award Name: United Nations Datathon 2023 Participation\n[1]Issuing Organization: United Nations\n[1]Issue Date: 2023/11\n[1]Award Name: University of Toronto Engineering Scholar\n[1]Issuing Organization: University of Toronto Faculty of Applied Science and Engineering\n[1]Issue Date: 2018/09\n[0]Volunteering and Leadership:\n[1]Role: Committee Student Member \n[1]Organization: Scholarship Committee at the Faculty of Engineering, University of Toronto \n[1]Location: Toronto, ON, Canada\n[1]Duration: 2020/01 - 2020/12\n[1]Description: Represented students as part of the Scholarship Committee at the Faculty of Engineering (University of Toronto), distributing and voting on awards and scholarships for students. Collaborated as part of a multi-disciplinary committee, providing impactful decisions to benefit students faculty-wide.\n[1]Skills: Programming Languages: ; Technical Skills: Documentation, Microsoft Suite; Soft Skills: Time Management, Good Written and Communication Skills, Analytical Problem Solving\n[1]Role: Engineering Science Program Ambassador \n[1]Organization: Engineering Science Department Ambassador Program, University of Toronto\n[1]Location: Toronto, ON, Canada\n[1]Duration: 2019/01 - 2019/06\n[1]Description: Represented the Engineering Science Department at Student Outreach and Department-Organized Summits and Conferences (ENGSOC).\n[1]Skills: Programming Languages: ; Technical Skills: Documentation, Microsoft Suite; Soft Skills: Good Written and Communication Skills, Outreach, Customer Service, Creative Problem Solving, Adaptability\n[0]Work Experience:\n[1]Job Title: PEY VR Technical Assistant\n[1]Company: Medica Providencia Clinic\n[1]Location: Tuxtla Gtz, CS, Mexico\n[1]Duration: 2022/12 - 2023/03\n[1]Description: Performed hardware troubleshooting on Oculus Quest VR equipment, reducing weekly downtime through systematic diagnostics and repairs. Collaborated with healthcare professionals during the testing process, resulting in a more patient-centred approach and improved satisfaction scores.\n[1]Job Title: Script Programmer and Video Project Editor \n[1]Company: Ontario Institute for Studies in Education\n[1]Location: Toronto, ON, Canada\n[1]Duration: 2022/03 - 2022/05\n[1]Description:  Developed video description generation algorithms using Python ML and Excel, for a large video project (200+ videos). Collaborated with key stakeholders to align project goals, enhancing stakeholder satisfaction and ensuring project deliverables met expectations within 3 months.\n[1]Skills: Programming Languages: Python; Technical Skills: Project Management, Data Entry, Scripting, Engagement Algorithm Catering, Media Accounts Management, Excel; Soft Skills: Creative Problem Solving, Good Written and Communication Skills, Stakeholder Interaction, Problem Solving\n[1]Job Title: Secretary and Sales Associate\n[1]Company: Medica Providencia Clinic\n[1]Location: Tuxtla Gtz, CS, Mexico\n[1]Duration: 2015/08 - 2018/07\n[1]Description:  Streamlined operations by efficiently managing secretarial tasks during peak hours. Performed sales operations at the pharmacy and store sections of the clinic.\n[1]Skills: Programming Languages: ; Technical Skills: Accounting, Documentation, Microsoft Suite, Data Entry; Soft Skills: Integrity, Time Management, Emotional Intelligence, Fast Learning, Customer Service, Adaptability\n[1]Job Title:  Freelance 3D Designer\n[1]Company: Freelance\n[1]Location: Toronto, ON, Canada\n[1]Duration: 2024/01 - 2024/09\n[1]Description: Designed quality models for 3D printed products, using Blender and a variety of different slicing and printing software/hardware. \n[1]Skills: Programming Languages: ; Technical Skills: 3D Printing, Blender, Product Design, 3D modelling, Slicing Software, 3D Animation, Texturing; Soft Skills: Good Written and Communication Skills, Fast Learning, Transparency, Stakeholder Interaction, Adaptability, Creative Problem-Solving\n[0]Projects:\n[1]Project Title: Horizontal Federated Learning Research\n[1]URL: github.com/alexjsenn/FedScale \n[1]Type: Research | Capstone Project\n[1]Duration: 2021/09 - 2022/06\n[1]Description: Researched network performance of distributed Federated Machine Learning model aggregation (C++/Python). Developed an algorithm that doubled network efficiency with comparable model performance. Co-authored technical papers and presentations on novel aggregation algorithms.\n[1]Skills: Programming Languages: C++, Python; Technical Skills: Unit Testing, Distributed Systems, Scikit-Learn, Code Review, Back-End Development, Keras, Machine Learning, Federated Machine Learning, Pytorch, Numpy, Research, Data Analysis, Tensorflow, Testing, Supervised Learning, CNNs, Github, Pandas, Software Documentation, Multithread Implementations, Data Engineering, Version Control with Git, Software Development, Microsoft Suite, AI, Visual Studio, Jupyter, Concurrent Programming, Python ML, Scripting, Data Science, Debugging, Automated Testing; Soft Skills: Time Management, Good Written and Communication Skills, Detail-Oriented, Teamwork, Proactiveness, Project Scope Adaptation, Resilience, Conflict Resolution, Results Oriented, Analytical Problem-Solving, Adaptability, Creative Problem-Solving\n[1]Project Title: UNIX-based Operative System Development \n[1]URL:\n[1]Type: University Project\n[1]Duration: 2021/01 - 2021/06\n[1]Description: Built a UNIX-based operating system from scratch (C / Assembly). Co-developed user experience features based on customer needs. Implemented multi-threading support at the OS level.\n[1]Skills: Programming Languages: Assembly, C; Technical Skills: Pair Programming, Code Reviews, Software Development, Visual Studio, UNIX, Software Documentation, Concurrent Programming, OS Development, Back-End Development, Multithread Implementations, Vim, Software Development Cycle, LINUX Development; Soft Skills: Self-Starter, Time Management, Detail-Oriented, Teamwork, Adaptability, Conflict Resolution, Analytical Problem-Solving, Leadership\n[1]Project Title: Optical Music Recognition: Music Sheet Transcriber\n[1URL:  https://github.com/Marneus981/MachineLearningProjectOMR \n[1]Type: University Project\n[1]Duration: 2021/01 - 2021/06\n[1]Description: Designed a hybrid CRNN model to interpret sheet music by predicting image sequences (Python). Processed, visualized, and analyzed 100,000+ samples from the PrIMuS dataset using Python ML libraries.Designed a hybrid CRNN model to interpret sheet music by predicting image sequences (Python). Utilized Python ML libraries to handle, preprocess, visualize and analyze over 100,000 sheet music (PrIMuS Dataset).\n[1]Skills: Programming Languages: Python; Technical Skills: Unit Testing, Distributed Systems, Scikit-Learn, Back-End Development, Keras, Machine Learning, Reinforcement Learning, Documentation, CRNNs, Pytorch, Numpy, Data Analysis, Research, Tensorflow, Testing, Supervised Learning, CNNs, Pandas, Software Documentation, Optical Music Recognition, Data Engineering, Microsoft Suite, Visual Studio, Jupyter, Hybrid ML Models, Python ML, Scripting, Data Science, RNNs, Debugging, Automated Testing; Soft Skills: Self-Starter, Resource Management, Time Management, Good Written and Communication Skills, Fast Learning, Detail-Oriented, Teamwork, Project Scope Adaptation, Leadership, Multitasking, Analytical Problem Solving, Adaptability, Creative Problem-Solving\n[1]Project Title: MAPPA C++ Geographical Information System\n[1]URL: https://github.com/Marneus981/MAPPA \n[1]Type: University Project\n[1]Duration: 2019/09 - 2020/06\n[1]Description: Built a GIS system using OpenStreetMap data and the C++ EZGL library. Improved algorithm efficiency by 200% and reduced memory usage by 50%. Co-developed UI/UX tailored to stakeholder needs.Co-developed UI/UX suited to stakeholder needs. Improved algorithm efficiency by 200% and reduced memory by 50% for the GIS system (C++). Built a GIS system using "OpenStreetMap" API data and the C++ EZGL Library.\n[1]Skills: Programming Languages: C++; Technical Skills: Pair Programming, Eclipse, Unit Testing, APIs, Search Algorithms, UI/UX Design, Back-End Development, Algorithm Optimization, NetBeans, Code Reviews, Full-Stack Development, Big O Space/Time Code Optimization, OpenStreetMap API, OOP Design Methodologies, Testing, Github, Software Documentation, Data Structures and Algorithms, Vim, Front-End Development, Version Control with Git, Software Development, Microsoft Suite, Visual Studio, Linux Development, EZGL Library, Scripting, Software Development Cycle, Debugging; Soft Skills: Self-Starter, Time Management, Good Written and Communication Skills, Detail-Oriented, Teamwork, Leadership, Stakeholder Interaction, Analytical Problem Solving, Adaptability, Creative Problem-Solving\n[1]Project Title: Virtual Piano in Verilog/Assembly\n[1]URL: \n[1]Type: University Project\n[1]Duration: 2019/09 - 2019/12\n[1]Description: Implemented a virtual piano on an FPGA board (Verilog/Assembly) and developed an encoding system to translate any song into a readable format for the piano. Created state machines to implement proper application logic on FPGA boards to make virtual piano usage more streamlined for users.\n[1]Skills: Programming Languages: VerilogHDL, Assembly, C; Technical Skills: Pair Programming, Audio Encoding, Software Development, Microsoft Suite, FPGA Software Development, Unit Testing, Software Documentation, Vim, Software Development Cycle, Testing, Debugging; Soft Skills: Self-Starter, Time Management, Fast Learning, Detail-Oriented, Scope Adaptation, Project Scope Adaptation, Multitasking, Conflict Resolution, Analytical Problem-Solving, Adaptability\n[1]Project Title: Neural Signal Modelling\n[1]URL: https://github.com/Marneus981/NeuralBioelectricityProject \n[1]Type: University Project\n[1]Duration: 2020/09 - 2020/12\n[1]Description:  Researched neural signal transmission and propagation, and its parallels in Machine Learning. Coalesced research into a holistic simulation of neural signal transmission and propagation using MATLAB.\n[1]Skills: Programming Languages: MATLAB; Technical Skills: Pair Programming, Microsoft Suite, EEG, Documentation, Data Analysis, Neuroscience, Machine Learning, Scientific Modelling, Neurobiology; Soft Skills: Time Management, Good Written and Communication Skills, Detail-Oriented, Research, Analytical Problem-Solving\n[1]Project Title: TTRPG Tools\n[1]URL: https://github.com/Marneus981/TTRPGTools \n[1]Type: Open Source Personal Project\n[1]Duration: 2023/06 - Present\n[1]Description: Developing a set of software tools with planned AI integration for playing and creating TTRPG Games (C++/Python). Implemented automated debugging and scripting for all software components.\n[1]Skills: Programming Languages: C++, Python; Technical Skills: Version Control with Git, AI Coding Tools, Software Development, Unit Testing, Github, Visual Studio, Software Documentation, Github Copilot, Back-End Development, Python ML, Scripting, Software Development Cycle, Testing, Debugging, Automated Testing; Soft Skills: Fast Learning, Detail-Oriented, Proactiveness, Multitasking, Creative Problem Solving, Self-Starter\n[1]Project Title: Magia Chef\n[1]URL:\n[1]Type: Personal Game Project\n[1]Duration: 2023/06 - Present\n[1]Description:  Developing a 3D roguelike shooter video game, using the Unity game engine (C#). Sculpting and animating in-game 3D assets from scratch using Blender and Unity’s built-in toolset.\n[1]Skills: Programming Languages: C#; Technical Skills: Back-End Development, 3D Animation, AI Coding Tools, Full-Stack Development, Unity 3D, Shooter Games, Testing, Unity, Github, Github Copilot, 3D Modeling, Game Programming, Front-End Development, Version Control with Git, Software Development, Visual Studio, 3D Texturing, Software Development Cycle, Debugging; Soft Skills: Self-Starter, Fast Learning, Detail-Oriented, Proactiveness, UI/UX Design, Multitasking, Creative Problem Solving, Adaptability\n[1]Project Title: VKnob\n[1]URL: https://github.com/Marneus981/VKnob \n[1]Type: Open Source Personal Project\n[1]Duration: 2024/02 - Present\n[1]Description:  Developing an overlay application to control multiple Digital Audio Workstations at the same time (C++). Automating UI calls in Windows with UIAutomation for Windows.\n[1]Skills: Programming Languages: C++; Technical Skills: Version Control with Git, AI Coding Tools, Software Development, Windows Development, Unit Testing, Github, Visual Studio, Concurrent Programming, Github Copilot, Multithread Implementations, Scripting, Software Development Cycle, UIAutomation, Testing, Debugging, Automated Testing; Soft Skills: Fast Learning, Detail-Oriented, Proactiveness, Stakeholder Interaction, Creative Problem Solving, Self-Starter\n[1]Project Title: Untitled RPG Game Project\n[1]URL: \n[1]Type: Personal Game Project\n[1]Duration: 2025/04 - Present\n[1]Description:  Developing a 2D action role-playing game using the Unity game engine(C#). Edited and animated 2D sprites and assets using Unity, Photoshop and Gimp.\n[1]Skills: Programming Languages: C#; Technical Skills: Version Control with Git, Unity, AI Coding Tools, Software Development, ARPG Games, Full-Stack Development, 2D Sprites, Github, Visual Studio, Unity 2D, Github Copilot, Back-End Development, Game Programming, Software Development Cycle, Front-End Development, 2D Animation, Testing, Debugging; Soft Skills: Self-Starter, Fast Learning, Proactiveness, Multitasking, Creative Problem Solving, Adaptability\n[1]Project Title: My Portfolio\n[1]URL: https://marneus981.github.io/ \n[1]Type: Portfolio Website\n[1]Duration:  2025/04 - Present\n[1]Description: Developed portfolio website from scratch using ReactJS, CSS and HTML. Implemented multiple features ranging from mailing list integration to complex UI systems for improved user experience and flair.\n[1]Skills: Programming Languages: JavaScript, HTML, CSS; Technical Skills: Version Control with Git, Full-Stack Development, AI Coding Tools, ReactJS, Github, Visual Studio, Github Copilot, Back-End Development, Web Development, Front-End Development, Testing, Debugging; Soft Skills: Self-Starter, Fast Learning, Proactiveness, Creative Problem Solving, Adaptability\n[1]Project Title: Project: Sisyphus\n[1]URL: https://github.com/Marneus981/Project_Sisyphus \n[1]Type: Open Source Personal Project\n[1]Duration: 2025/07 - Present\n[1]Description:  Developing a local LLM-powered tool to create job application packages, given a detailed and extensive Curriculum Vitae and Job Descriptions. Optimized the performance of document generation algorithms on edge devices by 150%, using quantization and algorithm optimization.\n[1]Skills: Programming Languages: JavasScript, Python; Technical Skills: Unit Testing, Back-End Development, AI Application Development, Machine Learning, AI Coding Tools, Full-Stack Development, Big O Space/Time Code Optimization, OOP Design Methodologies, AI-assisted Development Environments, Testing, LLM APIs, Github, Data Engineeering, Github Copilot, Data Structures and Algorithms, Multithread Implementations, Front-End Development, Prompt Engineering, Visual Studio, JavaScript ML, Software Development Cycle, Prompt Processing, Concurrent Programming, Python ML, Scripting, Git, Debugging, Automated Testing; Soft Skills: Fast Learning, Resilience, Research, Analytical Problem-Solving, Multitasking, Detail Oriented, Creative Problem Solving, Self-Starter\n[1]Project Title: Project: Calliope\n[1]URL: https://github.com/Marneus981/Project_Calliope \n[1]Type: Open Source Personal Project\n[1]Duration: 2025/08 - Present\n[1]Description:  Developing a local LLM-powered tool to serve as a Co-Dungeon Master for TTRPG sessions. Implementing flexible frameworks for use with any Tabletop RPG system.\n[1]Skills: Programming Languages: JavasScript, Python; Technical Skills: Unit Testing, Back-End Development, AI Application Development, Machine Learning, AI Coding Tools, Full-Stack Development, Big O Space/Time Code Optimization, OOP Design Methodologies, AI-assisted Development Environments, Testing, LLM APIs, Github, Data Engineeering, Github Copilot, Data Structures and Algorithms, Multithread Implementations, Front-End Development, Prompt Engineering, Visual Studio, JavaScript ML, Software Development Cycle, Prompt Processing, Concurrent Programming, Python ML, Scripting, Git, Debugging, Automated Testing; Soft Skills: Fast Learning, Resilience, Research, Analytical Problem-Solving, Multitasking, Detail Oriented, Creative Problem Solving, Self-Starter', 'system_s': 'You are a resume tailoring assistant. Only output what is requested of you, in the exact format specified. You are to follow these guidelines when tailoring all resume sections:\n- You may only draw from the provided descriptions, no making assumptions.\n- Do not invent any data or roles, only use the data provided.\n- You may not add any untrue statements to the data that has been provided.\n- The tailored sections and overall resume must be brief, concise and professional. It must cater to recruiters and make the resume stand out.\n- Use simple to understand language when possible, unless direct technical terminology is used.', 'standard_calls': [], 'non_standard_calls': ['new_vs_old_resume']}
2025-09-11 13:55:39,357 INFO: [INFO][OLLAMA]fetch_complete_call_info: found key prompt_in with value:
2025-09-11 13:55:39,357 INFO: The following list contains a per-section analysis of the resumes, comparing the synthesized data in the new resume against the original:
                        {all_analysis}
                        Now, given this information, synthesize a report which extracts the following data from the list of analyses:
                        - Whether the new resume is consistent with the original resume, meaning that all information in the new resume is present in the original resume, even if paraphrased.
                        - Whether the new resume is consistent with itself, meaning that there should be no contradictions or inconsistencies in the information provided.
                        The report should follow these guidelines:
                        - Be mindful not to include any line breaks in  the content of any of the sections/subsections.
                        - Be as objective as possible, and if you must make assumptions, make very conservative assumptions
                        - Do not create nor imagine any data that is not present in the original data.
                        The consistency check should be returned strictly in the following format (include the numbers "[0]", "[1]", do not modify the format):
                        [0]Consistency Checker VS Original Resume:
                        [1]Inconsistencies With Original Resume: [Yes/No]; [List of inconsistencies found, if any; return 'None' if no inconsistencies; must be a continuous block of text, composed of sentences separated by ".", not line breaks]
                        [1]Inconsistencies With Self: [Yes/No]; [List of inconsistencies found, if any; return 'None' if no inconsistencies; must be a continuous block of text, composed of sentences separated by ".", not line breaks]
                        [1]Suggestions for Improvement: [List of suggestions for improvement, if any; return 'None' if no suggestions; must be a continuous block of text, composed of sentences separated by ".", not line breaks]
                    
2025-09-11 13:55:39,358 INFO: [INFO][OLLAMA]fetch_complete_call_info: found key ollama_url with value:
2025-09-11 13:55:39,358 INFO: http://localhost:11434
2025-09-11 13:55:39,358 INFO: [INFO][OLLAMA]fetch_complete_call_info: found key sample_starts with value:
2025-09-11 13:55:39,358 INFO: ['strict', 'digits', '[0]Consistency Checker VS Original Resume:', '[1]Inconsistencies With Original Resume:', '[1]Inconsistencies With Self:', '[1]Suggestions for Improvement:']
2025-09-11 13:55:39,361 ERROR: [ERROR][OLLAMA]Traceback:
2025-09-11 13:55:39,361 ERROR: Traceback (most recent call last):

  File "C:\CodeProjects\Sisyphus\Sisyphus\tailor_robust.py", line 1885, in ollama_call
    response = function(call_info).strip()
               ^^^^^^^^^^^^^^^^^^^

  File "C:\CodeProjects\Sisyphus\Sisyphus\decorators.py", line 10, in wrapper
    result = func(*args, **kwargs)
             ^^^^^^^^^^^^^^^^^^^^^

  File "C:\CodeProjects\Sisyphus\Sisyphus\tailor_robust.py", line 1725, in consistency_checker_vs_cv_cv
    "payload_in": {"model": prompt_in["model"], #model=DEFAULT_MODEL,
                            ~~~~~~~~~^^^^^^^^^

TypeError: string indices must be integers, not 'str'

2025-09-11 13:55:39,362 ERROR: [ERROR][OLLAMA]ollama_call: string indices must be integers, not 'str'
2025-09-11 13:55:39,362 ERROR: [ERROR][OLLAMA]ollama_call: Exception occurred during Ollama call. Retrying 1/1...
2025-09-11 13:55:39,362 ERROR: [ERROR][OLLAMA]ollama_call: All retries exhausted. Returning last response.
2025-09-11 13:55:39,362 INFO: [TIME] ollama_call took 0.0100 seconds
2025-09-11 13:55:39,362 INFO: [ERROR][OLLAMA]ollama_call: All retries exhausted.
2025-09-11 13:55:39,363 INFO: [TIME] filter_output took 0.0000 seconds
2025-09-11 13:55:39,363 INFO: 
2025-09-11 13:55:39,363 INFO: [TIME] filter_output took 0.0000 seconds
2025-09-11 13:55:39,363 INFO: [TIME] filter_output took 0.0000 seconds
2025-09-11 13:55:39,410 INFO: [TIME] format_check_current_cv_text took 74.6478 seconds
