2025-09-11 10:04:46,804 INFO: Waiting for Ollama to be ready...
2025-09-11 10:07:17,345 INFO: Ollama did not start in time.
2025-09-11 10:07:17,345 INFO: Ollama server is not running. Starting Ollama.
2025-09-11 10:07:17,356 INFO: Starting Ollama server...
2025-09-11 10:07:17,356 INFO: Waiting for Ollama to be ready...
2025-09-11 10:07:19,793 INFO: Ollama is running.
2025-09-11 10:07:20,476 INFO: Refreshing options...
2025-09-11 10:07:22,568 INFO: [TIME] list_text_files took 0.0011 seconds
2025-09-11 10:07:22,568 INFO: [TIME] list_text_files took 0.0007 seconds
2025-09-11 10:07:22,568 INFO: [TIME] list_docx_files took 0.0005 seconds
2025-09-11 10:07:22,568 INFO: [TIME] list_text_files took 0.0005 seconds
2025-09-11 10:07:22,568 INFO: [TIME] list_text_files took 0.0002 seconds
2025-09-11 10:07:22,574 INFO: [TIME] list_docx_files took 0.0007 seconds
2025-09-11 10:07:22,574 INFO: Options refreshed:
2025-09-11 10:07:22,574 INFO: Models: ['qwen2:latest', 'mistral:latest', 'llama3:instruct', 'llama3.1:8b-instruct-q3_K_S', 'llama3.1:8b-instruct-q2_K', 'llama3:8b-instruct-q3_K_S', 'llama3:8b-instruct-q2_K', 'llama3.2:latest', 'llama3.1:latest', 'deepseek-r1:8b', 'llama3:8b']
2025-09-11 10:07:22,574 INFO: Systems: ['system1.txt', 'system_consistency.txt', 'system_consistency_cl.txt', 'system_cover_letter.txt']
2025-09-11 10:07:22,574 INFO: CVs: ['a_mycv.txt', 'cv.txt', 'cv_url.txt']
2025-09-11 10:07:22,574 INFO: CV Templates: ['cv_template_url.docx']
2025-09-11 10:07:22,574 INFO: CL Templates: ['cl_template.docx']
2025-09-11 10:07:22,574 INFO: Previously Saved CV Outputs: ['robust_trial_3_0.txt']
2025-09-11 10:07:22,574 INFO: Previously Saved CL Outputs: []
2025-09-11 10:07:22,574 INFO: [TIME] refresh_options took 2.0934 seconds
2025-09-11 10:07:22,574 INFO: [TIME] refresh_options_callback took 2.0944 seconds
2025-09-11 10:07:38,342 INFO: CV loaded from C:\CodeProjects\Sisyphus\Sisyphus\saved_outputs\robust_trial_3_0.txt
2025-09-11 10:07:38,342 INFO: [TIME] load_cv_text took 0.0202 seconds
2025-09-11 10:08:01,092 INFO: Summary of job description is empty. Generating summary...
2025-09-11 10:08:01,112 INFO: [TIME] read_text_file took 0.0195 seconds
2025-09-11 10:08:01,349 INFO: [INFO][OLLAMA]fetch_complete_call_info: fetching complete call info for call id summarize_job_description...
2025-09-11 10:08:01,349 INFO: [INFO][OLLAMA]fetch_complete_call_info: complete call info:
2025-09-11 10:08:01,349 INFO: [INFO][OLLAMA]fetch_complete_call_info: found key call_id with value:
2025-09-11 10:08:01,349 INFO: summarize_job_description
2025-09-11 10:08:01,349 INFO: [INFO][OLLAMA]fetch_complete_call_info: found key payload_in with value:
2025-09-11 10:08:01,349 INFO: {'model': 'qwen2:latest', 'system': 'You are a resume tailoring assistant. Only output what is requested of you, in the exact format specified. You are to follow these guidelines when tailoring all resume sections:\n- You may only draw from the provided descriptions, no making assumptions.\n- Do not invent any data or roles, only use the data provided.\n- You may not add any untrue statements to the data that has been provided.\n- The tailored sections and overall resume must be brief, concise and professional. It must cater to recruiters and make the resume stand out.\n- Use simple to understand language when possible, unless direct technical terminology is used.', 'stream': False, 'temperature': 0.8}
2025-09-11 10:08:01,349 INFO: [INFO][OLLAMA]fetch_complete_call_info: found key format with value:
2025-09-11 10:08:01,349 INFO: {'job_description': "About the role\n\nSentry is looking for talented new graduates to join our growing Software Engineering teams. Engineers at Sentry are challenged to solve a range of technical problems: from building fast and delightful UIs for navigating millions of error and performance events, to architecting solutions that ingest, store, and index terabytes of data every day. As a Software Engineer, New Grad, you will be coached by a diverse team of multi-talented engineers and will directly impact a complex and growing codebase.\nIn this role you will\n\n    Work with a team to develop and extend the Sentry product by writing software in either Python or JavaScript (or both)\n\n    Be responsible for full software development lifecycle - design, development, testing, and operating in production\n\n    Communicate effectively with other engineers in the same team, with other teams and with various other stakeholders (such as product managers)\n\n    Act on feedback, coaching, and mentorship from your manager and teammates\n\nYou’ll love this job if you\n\n    Want to actively use the product you're building (we dogfood Sentry every day)\n\n    Want to start your career at a high-growth startup\n\n    Want to join a modern software development team that iterates & ships code rapidly\n\n    Are excited at the opportunity to contribute to an open-source project every day\n\nQualifications\n\n    B.S. or higher in Computer Science (or similar degree program)\n\n    At least 1 previous internship or equivalent practical experience\n\n    Implementation skills with one or more general-purpose programming languages, e.g. Python, JavaScript, Java, etc.\n\n    Good knowledge of algorithms, data structures, and object-oriented design principles\n\n    Experience working with version control and unit testing"}
2025-09-11 10:08:01,349 INFO: [INFO][OLLAMA]fetch_complete_call_info: found key prompt_in with value:
2025-09-11 10:08:01,349 INFO: Summarize the following job description by extracting key responsibilities, requirements, and highlighting needed skills, both technical and soft.
                        Don't forget to also include the Company Name and the Job Title.
                        Job Description:
                        {job_description}
                    
2025-09-11 10:08:01,349 INFO: [INFO][OLLAMA]fetch_complete_call_info: found key ollama_url with value:
2025-09-11 10:08:01,349 INFO: http://localhost:11434
2025-09-11 10:08:01,349 INFO: [INFO][OLLAMA]fetch_complete_call_info: found key sample_starts with value:
2025-09-11 10:08:01,349 INFO: []
2025-09-11 10:08:01,357 INFO: [OLLAMA]standard_ollama_call: call_id: summarize_job_description
2025-09-11 10:08:01,357 WARNING: [WARNING][OLLAMA]standard_ollama_call: prompt_in contains placeholders
2025-09-11 10:08:01,357 INFO: [OLLAMA]standard_ollama_call: payload field model with value qwen2:latest found
2025-09-11 10:08:01,357 INFO: [OLLAMA]standard_ollama_call: payload field system with value You are a resume tailoring assistant. Only output what is requested of you, in the exact format specified. You are to follow these guidelines when tailoring all resume sections:
- You may only draw from the provided descriptions, no making assumptions.
- Do not invent any data or roles, only use the data provided.
- You may not add any untrue statements to the data that has been provided.
- The tailored sections and overall resume must be brief, concise and professional. It must cater to recruiters and make the resume stand out.
- Use simple to understand language when possible, unless direct technical terminology is used. found
2025-09-11 10:08:01,357 INFO: [OLLAMA]standard_ollama_call: payload field prompt with value Summarize the following job description by extracting key responsibilities, requirements, and highlighting needed skills, both technical and soft.
                        Don't forget to also include the Company Name and the Job Title.
                        Job Description:
                        About the role

Sentry is looking for talented new graduates to join our growing Software Engineering teams. Engineers at Sentry are challenged to solve a range of technical problems: from building fast and delightful UIs for navigating millions of error and performance events, to architecting solutions that ingest, store, and index terabytes of data every day. As a Software Engineer, New Grad, you will be coached by a diverse team of multi-talented engineers and will directly impact a complex and growing codebase.
In this role you will

    Work with a team to develop and extend the Sentry product by writing software in either Python or JavaScript (or both)

    Be responsible for full software development lifecycle - design, development, testing, and operating in production

    Communicate effectively with other engineers in the same team, with other teams and with various other stakeholders (such as product managers)

    Act on feedback, coaching, and mentorship from your manager and teammates

You’ll love this job if you

    Want to actively use the product you're building (we dogfood Sentry every day)

    Want to start your career at a high-growth startup

    Want to join a modern software development team that iterates & ships code rapidly

    Are excited at the opportunity to contribute to an open-source project every day

Qualifications

    B.S. or higher in Computer Science (or similar degree program)

    At least 1 previous internship or equivalent practical experience

    Implementation skills with one or more general-purpose programming languages, e.g. Python, JavaScript, Java, etc.

    Good knowledge of algorithms, data structures, and object-oriented design principles

    Experience working with version control and unit testing
                     found
2025-09-11 10:08:01,360 INFO: [OLLAMA]standard_ollama_call: payload field stream with value False found
2025-09-11 10:08:01,360 INFO: [OLLAMA]standard_ollama_call: payload field temperature with value 0.8 found
2025-09-11 10:08:55,171 INFO: [SUCCESS][OLLAMA]standard_ollama_call: {'model': 'qwen2:latest', 'created_at': '2025-09-11T16:08:55.1631563Z', 'response': '**Job Title:** Software Engineer - New Grad, Sentry \n\n**Company Name:** Sentry \n\n**Responsibilities:**\n- Collaborate with a team to develop and enhance the Sentry product using Python or JavaScript.\n- Manage the full software development lifecycle including design, coding, testing, and production operation.\n- Effectively communicate with internal teams and stakeholders like product managers.\n- Implement feedback, coaching, and mentorship from supervisors into work.\n\n**Requirements:**\n- Possess a B.S. in Computer Science (or equivalent degree).\n- At least one previous internship or relevant practical experience.\n- Proficiency in at least one general-purpose programming language such as Python, JavaScript, Java.\n- Strong understanding of algorithms, data structures, and object-oriented design principles.\n- Experience with version control systems and unit testing.\n\n**Skills:**\n- Problem-solving ability\n- Teamwork and collaboration\n- Effective communication skills\n- Adaptability to feedback\n- Open-source project contribution mindset', 'done': True, 'done_reason': 'stop', 'context': [151644, 8948, 198, 2610, 525, 264, 15688, 9787, 5503, 17847, 13, 8278, 2550, 1128, 374, 11223, 315, 498, 11, 304, 279, 4734, 3561, 5189, 13, 1446, 525, 311, 1795, 1493, 17501, 979, 9787, 5503, 678, 15688, 14158, 510, 12, 1446, 1231, 1172, 4038, 504, 279, 3897, 27787, 11, 902, 3259, 31846, 624, 12, 3155, 537, 17023, 894, 821, 476, 12783, 11, 1172, 990, 279, 821, 3897, 624, 12, 1446, 1231, 537, 912, 894, 87877, 12239, 311, 279, 821, 429, 702, 1012, 3897, 624, 12, 576, 40791, 14158, 323, 8084, 15688, 1969, 387, 9814, 11, 63594, 323, 6584, 13, 1084, 1969, 27968, 311, 92840, 323, 1281, 279, 15688, 2498, 700, 624, 12, 5443, 4285, 311, 3535, 4128, 979, 3204, 11, 7241, 2118, 10916, 56626, 374, 1483, 13, 151645, 198, 151644, 872, 198, 9190, 5612, 551, 279, 2701, 2618, 4008, 553, 59408, 1376, 27323, 11, 8502, 11, 323, 38586, 4362, 7361, 11, 2176, 10916, 323, 8413, 624, 664, 4320, 944, 10667, 311, 1083, 2924, 279, 8188, 3988, 323, 279, 12011, 10869, 624, 664, 12011, 7662, 510, 664, 9975, 279, 3476, 271, 50, 4085, 374, 3330, 369, 23074, 501, 37481, 311, 5138, 1039, 7826, 4377, 16595, 7263, 13, 48696, 518, 94060, 525, 28891, 311, 11625, 264, 2088, 315, 10916, 5322, 25, 504, 4752, 4937, 323, 49089, 3689, 82, 369, 59399, 11728, 315, 1465, 323, 5068, 4357, 11, 311, 11470, 287, 9904, 429, 88272, 11, 3553, 11, 323, 1922, 1982, 71129, 315, 821, 1449, 1899, 13, 1634, 264, 4377, 28383, 11, 1532, 21794, 11, 498, 686, 387, 69922, 553, 264, 16807, 2083, 315, 7299, 2385, 278, 15864, 24198, 323, 686, 5961, 5421, 264, 6351, 323, 7826, 2038, 3152, 624, 641, 419, 3476, 498, 686, 271, 262, 5547, 448, 264, 2083, 311, 2225, 323, 13036, 279, 94060, 1985, 553, 4378, 3162, 304, 2987, 13027, 476, 12914, 320, 269, 2176, 692, 262, 2823, 8480, 369, 2480, 3162, 4401, 47508, 481, 2884, 11, 4401, 11, 7497, 11, 323, 10350, 304, 5670, 271, 262, 16433, 349, 13444, 448, 1008, 24198, 304, 279, 1852, 2083, 11, 448, 1008, 7263, 323, 448, 5257, 1008, 38110, 320, 20805, 438, 1985, 19680, 692, 262, 3218, 389, 11055, 11, 23883, 11, 323, 35428, 5270, 504, 697, 6645, 323, 31646, 271, 2610, 4700, 2948, 419, 2618, 421, 498, 271, 262, 23252, 311, 22040, 990, 279, 1985, 498, 2299, 4752, 320, 896, 5562, 13915, 94060, 1449, 1899, 692, 262, 23252, 311, 1191, 697, 6931, 518, 264, 1550, 2371, 19089, 20567, 271, 262, 23252, 311, 5138, 264, 6481, 3162, 4401, 2083, 429, 5367, 973, 609, 17727, 2038, 18512, 271, 262, 8713, 12035, 518, 279, 6638, 311, 16792, 311, 458, 1787, 30774, 2390, 1449, 1899, 271, 31029, 7029, 271, 262, 425, 808, 13, 476, 5080, 304, 17407, 9965, 320, 269, 4428, 8381, 2025, 692, 262, 2411, 3245, 220, 16, 3681, 59759, 476, 13578, 14976, 3139, 271, 262, 30813, 7361, 448, 825, 476, 803, 4586, 58238, 15473, 15459, 11, 384, 1302, 13, 13027, 11, 12914, 11, 7943, 11, 4992, 382, 262, 7684, 6540, 315, 25185, 11, 821, 14389, 11, 323, 1633, 35085, 2884, 16170, 271, 262, 20796, 3238, 448, 2319, 2524, 323, 4982, 7497, 198, 3824, 151645, 198, 151644, 77091, 198, 334, 12245, 10869, 66963, 4377, 28383, 481, 1532, 21794, 11, 94060, 4710, 334, 14491, 3988, 66963, 94060, 4710, 334, 82162, 13450, 25, 1019, 12, 48581, 349, 448, 264, 2083, 311, 2225, 323, 18379, 279, 94060, 1985, 1667, 13027, 476, 12914, 624, 12, 42650, 279, 2480, 3162, 4401, 47508, 2670, 2884, 11, 10822, 11, 7497, 11, 323, 5670, 5666, 624, 12, 13449, 3132, 19032, 448, 5306, 7263, 323, 38110, 1075, 1985, 19680, 624, 12, 31075, 11055, 11, 23883, 11, 323, 35428, 5270, 504, 72951, 1119, 975, 382, 334, 59202, 25, 1019, 12, 41045, 433, 264, 425, 808, 13, 304, 17407, 9965, 320, 269, 13578, 8381, 4292, 12, 2411, 3245, 825, 3681, 59759, 476, 9760, 14976, 3139, 624, 12, 8459, 10387, 304, 518, 3245, 825, 4586, 58238, 15473, 4128, 1741, 438, 13027, 11, 12914, 11, 7943, 624, 12, 26099, 8660, 315, 25185, 11, 821, 14389, 11, 323, 1633, 35085, 2884, 16170, 624, 12, 20796, 448, 2319, 2524, 5942, 323, 4982, 7497, 382, 334, 46661, 25, 1019, 12, 22079, 98146, 5726, 198, 12, 7909, 1778, 323, 20031, 198, 12, 46923, 10535, 7361, 198, 12, 58431, 2897, 311, 11055, 198, 12, 5264, 30774, 2390, 18527, 39443], 'total_duration': 51770005600, 'load_duration': 9597118600, 'prompt_eval_count': 523, 'prompt_eval_duration': 4199658700, 'eval_count': 193, 'eval_duration': 37963409100}
2025-09-11 10:08:55,173 INFO: [TIME] standard_ollama_call took 53.8181 seconds
2025-09-11 10:08:55,173 INFO: [SUCCESS][OLLAMA]ollama_call: Ollama call succeeded: **Job Title:** Software Engineer - New Grad, Sentry 

**Company Name:** Sentry 

**Responsibilities:**
- Collaborate with a team to develop and enhance the Sentry product using Python or JavaScript.
- Manage the full software development lifecycle including design, coding, testing, and production operation.
- Effectively communicate with internal teams and stakeholders like product managers.
- Implement feedback, coaching, and mentorship from supervisors into work.

**Requirements:**
- Possess a B.S. in Computer Science (or equivalent degree).
- At least one previous internship or relevant practical experience.
- Proficiency in at least one general-purpose programming language such as Python, JavaScript, Java.
- Strong understanding of algorithms, data structures, and object-oriented design principles.
- Experience with version control systems and unit testing.

**Skills:**
- Problem-solving ability
- Teamwork and collaboration
- Effective communication skills
- Adaptability to feedback
- Open-source project contribution mindset
2025-09-11 10:08:55,173 INFO: [TIME] ollama_call took 54.0583 seconds
2025-09-11 10:08:55,173 INFO: [INFO][OLLAMA]fetch_complete_call_info: fetching complete call info for call id step0_tailor_summary...
2025-09-11 10:08:55,173 INFO: [INFO][OLLAMA]fetch_complete_call_info: complete call info:
2025-09-11 10:08:55,173 INFO: [INFO][OLLAMA]fetch_complete_call_info: found key call_id with value:
2025-09-11 10:08:55,173 INFO: step0_tailor_summary
2025-09-11 10:08:55,173 INFO: [INFO][OLLAMA]fetch_complete_call_info: found key payload_in with value:
2025-09-11 10:08:55,173 INFO: {'model': 'qwen2:latest', 'system': 'You are a resume tailoring assistant. Only output what is requested of you, in the exact format specified. You are to follow these guidelines when tailoring all resume sections:\n- You may only draw from the provided descriptions, no making assumptions.\n- Do not invent any data or roles, only use the data provided.\n- You may not add any untrue statements to the data that has been provided.\n- The tailored sections and overall resume must be brief, concise and professional. It must cater to recruiters and make the resume stand out.\n- Use simple to understand language when possible, unless direct technical terminology is used.', 'stream': False, 'temperature': 0.8}
2025-09-11 10:08:55,173 INFO: [INFO][OLLAMA]fetch_complete_call_info: found key format with value:
2025-09-11 10:08:55,173 INFO: {'raw_cv_data': "[0]Name: Marcos David Madrigal Albores\n[0]Contact Information:\n[1]Address: 308 Brunswick Ave, Toronto, ON, Canada\n[1]Phone: +1-437-981-2994\n[1]Email: marcosdma.compeng@outlook.com\n[1]LinkedIn: linkedin.com/in/marcosdma/\n[1]Github: github.com/marneus981\n[1]Portfolio: marneus981.github.io | donkeyponius981.itch.io\n[0]Title: Computer Engineer\n[0]Summary: As a recent graduate with a strong foundation in computer science, I am excited to leverage my Python and JavaScript programming skills, algorithmic thinking, and experience with version control and unit testing to contribute to Sentry's innovative product development. With a passion for using the product I build, I am eager to join a high-growth startup like Sentry and start my career on a fast-paced, rapidly iterating team.\n[0]Languages: English, Spanish, French\n[0]Education:\n[1]Degree: Bachelor of Applied Science in Computer Engineering\n[1]University: University of Toronto\n[1]Location: Toronto, ON, Canada\n[1]Duration: 2018/09 - 2023/06\n[1]Courses: [1]Courses: ESC180 Introduction to Computer Programming, MAT185 Linear Algebra, ECE159 Fundamentals of Electric Circuits, MAT195 Calculus II, ECE190 Computer Algorithms and Data Structures\n[0]Certifications:\n[1]Certification Name: Minor in Artificial Intelligence\n[1]Issuing Organization: University of Toronto\n[1]Issue Date: 2023/06\n[0]Awards and Scholarships:\n[1]Award Name: United Nations Datathon 2023 Participation\n[1]Issuing Organization: United Nations\n[1]Issue Date: 2023/11\n[1]Award Name: University of Toronto Engineering Scholar\n[1]Issuing Organization: University of Toronto Faculty of Applied Science and Engineering\n[1]Issue Date: 2018/09\n[0]Volunteering and Leadership:\n[1]Role: Committee Student Member\n[1]Organization: Scholarship Committee at the Faculty of Engineering, University of Toronto\n[1]Location: Toronto, ON, Canada\n[1]Duration: 2020/01 - 2020/12\n[1]Description: Collaborated as part of a multi-disciplinary committee, providing impactful decisions to benefit students faculty-wide. Represented students by distributing and voting on awards and scholarships for students\n[0]Work Experience:\n[1]Job Title: Freelance 3D Designer\n[1]Company: Freelance\n[1]Location: Toronto, ON, Canada\n[1]Duration: 2024/01 - 2024/09\n[1]Description: Designed quality models for 3D printed products, applying technical skills in Blender and various slicing software/hardware. Utilized problem-solving expertise to create innovative designs\n[1]Job Title: PEY VR Technical Assistant\n[1]Company: Medica Providencia Clinic\n[1]Location: Tuxtla Gtz, CS, Mexico\n[1]Duration: 2022/12 - 2023/03\n[1]Description: Utilized problem-solving skills to troubleshoot hardware issues, improving efficiency and patient satisfaction. Collaborated with professionals on testing processes\n[1]Job Title: Script Programmer and Video Project Editor\n[1]Company: Ontario Institute for Studies in Education\n[1]Location: Toronto, ON, Canada\n[1]Duration: 2022/03 - 2022/05\n[1]Description: Developed video description generation algorithms using Python, enhancing stakeholder satisfaction and project deliverables within 3 months. Utilized creative problem-solving skills to align project goals\n[1]Job Title: Secretary and Sales Associate\n[1]Company: Medica Providencia Clinic\n[1]Location: Tuxtla Gtz, CS, Mexico\n[1]Duration: 2015/08 - 2018/07\n[1]Description: Streamlined operations by efficiently managing tasks, demonstrating skills in data entry and documentation, and performing sales operations. This experience showcases my ability to manage peak hours and adapt to changing demands\n[0]Projects:\n[1]Project Title: TTRPG Tools\n[1]URL: https://github.com/Marneus981/TTRPGTools\n[1]Type: Open Source Personal Project\n[1]Duration: 2023/06 - Present\n[1]Description: Developed software tools with planned AI integration for playing and creating TTRPG Games using C++ and Python, highlighting skills in programming languages, automation, and debugging\n[1]Project Title: VKnob\n[1]URL: https://github.com/Marneus981/VKnob\n[1]Type: Open Source Personal Project\n[1]Duration: 2024/02 - Present\n[1]Description: Developed an overlay application controlling multiple Digital Audio Workstations, showcasing proficiency in C++ and UIAutomation. Demonstrated ability to automate UI calls in Windows\n[1]Project Title: Untitled RPG Game Project\n[1]URL: \n[1]Type: Personal Game Project\n[1]Duration: 2025/04 - Present\n[1]Description: Developed a 2D action role-playing game using Unity, showcasing C# programming skills and editing/animating 2D sprites and assets\n[1]Project Title: Horizontal Federated Learning Research\n[1]URL: github.com/alexjsenn/FedScale\n[1]Type: Research | Capstone Project\n[1]Duration: 2021/09 - 2022/06\n[1]Description: Developed Python skills, researched network performance of distributed Federated Machine Learning model aggregation, and improved algorithm efficiency. Co-authored technical papers on novel aggregation algorithms\n[1]Project Title: MAPPA C++ Geographical Information System\n[1]URL: https://github.com/Marneus981/MAPPA\n[1]Type: University Project\n[1]Duration: 2019/09 - 2020/06\n[1]Description: Built a GIS system using OpenStreetMap data and C++ EZGL library, improving efficiency by 200% and reducing memory usage by 50%. Co-developed UI/UX tailored to stakeholder needs\n[0]Skills:\n[1]Programming Languages: Programming Languages\n[1]Technical Skills: 3D Printing, 3D modelling, Algorithm optimization, Automated Testing, Back-End Development, Blender, Data Entry, Distributed Systems, Federated Machine Learning, JavaScript, Machine Learning, Microsoft Suite, Object-oriented design principles, Product Design, Project Management, Python, Scripting, Slicing Software, Software Development, Unit Testing, Unit testing, Unity, Version Control with Git, Version control, Version control systems\n[1]Soft Skills: Collaboration, Communication, Detail-Oriented, Effective communication, Fast Learning, Good Written and Communication Skills, Integrity, Self-Starter, Teamwork, Time Management", 'systems': ['You are a resume tailoring assistant. Only output what is requested of you, in the exact format specified. You are to follow these guidelines when tailoring all resume sections:\n- You may only draw from the provided descriptions, no making assumptions.\n- Do not invent any data or roles, only use the data provided.\n- You may not add any untrue statements to the data that has been provided.\n- The tailored sections and overall resume must be brief, concise and professional. It must cater to recruiters and make the resume stand out.\n- Use simple to understand language when possible, unless direct technical terminology is used.', 'You are a resume tailoring assistant. Only output what is requested of you, in the exact format specified. You are to follow these guidelines when tailoring all resume sections:\n- You may only draw from the provided descriptions, no making assumptions.\n- Do not invent any data or roles, only use the data provided.\n- You may not add any untrue statements to the data that has been provided.\n- The tailored sections and overall resume must be brief, concise and professional. It must cater to recruiters and make the resume stand out.\n- Use simple to understand language when possible, unless direct technical terminology is used.', 'You are a resume tailoring assistant. Only output what is requested of you, in the exact format specified. You are to follow these guidelines when tailoring all resume sections:\n- You may only draw from the provided descriptions, no making assumptions.\n- Do not invent any data or roles, only use the data provided.\n- You may not add any untrue statements to the data that has been provided.\n- The tailored sections and overall resume must be brief, concise and professional. It must cater to recruiters and make the resume stand out.\n- Use simple to understand language when possible, unless direct technical terminology is used.', 'You are a resume tailoring assistant. Only output what is requested of you, in the exact format specified. You are to follow these guidelines when tailoring all resume sections:\n- You may only draw from the provided descriptions, no making assumptions.\n- Do not invent any data or roles, only use the data provided.\n- You may not add any untrue statements to the data that has been provided.\n- The tailored sections and overall resume must be brief, concise and professional. It must cater to recruiters and make the resume stand out.\n- Use simple to understand language when possible, unless direct technical terminology is used.', 'You are a resume tailoring assistant. Only output what is requested of you, in the exact format specified. You are to follow these guidelines when tailoring all resume sections:\n- You may only draw from the provided descriptions, no making assumptions.\n- Do not invent any data or roles, only use the data provided.\n- You may not add any untrue statements to the data that has been provided.\n- The tailored sections and overall resume must be brief, concise and professional. It must cater to recruiters and make the resume stand out.\n- Use simple to understand language when possible, unless direct technical terminology is used.', 'You are a resume tailoring assistant. Only output what is requested of you, in the exact format specified. You are to follow these guidelines when tailoring all resume sections:\n- You may only draw from the provided descriptions, no making assumptions.\n- Do not invent any data or roles, only use the data provided.\n- You may not add any untrue statements to the data that has been provided.\n- The tailored sections and overall resume must be brief, concise and professional. It must cater to recruiters and make the resume stand out.\n- Use simple to understand language when possible, unless direct technical terminology is used.'], 'skill_section': True, 'windows': 4, 'mode': 'batch', 'standard_calls': [], 'non_standard_calls': ['slide_summary']}
2025-09-11 10:08:55,180 INFO: [INFO][OLLAMA]fetch_complete_call_info: found key prompt_in with value:
2025-09-11 10:08:55,180 INFO: Given the following resume sections summarized:
                        {slides_txt}
                        Create a wholistic summary of all of them, following these guidelines:
                        - Include the candidate's contact information, as well as their title and name.
                        - Include any certifications or qualifications.
                        - Include all education.
                        - Include all projects, work experience, and volunteering and leadership roles.
                        - Include all information, competencies, achievements, and skills, this is a wholistic summary of the candidate's qualifications.
                        - Maintain the context and flow between the sections.
                        - Be very concise but detail-driven as well, which means that you must include as many relevant details as possible with minimal fluff.
                        Return the summarized information as a single continuous string of text, following this format strictly:
                        [0]Summary: Wholistic summary of all sections.
                    
2025-09-11 10:08:55,180 INFO: [INFO][OLLAMA]fetch_complete_call_info: found key ollama_url with value:
2025-09-11 10:08:55,180 INFO: http://localhost:11434
2025-09-11 10:08:55,180 INFO: [INFO][OLLAMA]fetch_complete_call_info: found key sample_starts with value:
2025-09-11 10:08:55,180 INFO: ['strict', 'digits', '[0]Summary:']
2025-09-11 10:08:55,180 INFO: [TIME] parse_cv_out took 0.0005 seconds
2025-09-11 10:08:55,184 INFO: [TIME] dict_spliter took 0.0000 seconds
2025-09-11 10:08:55,185 INFO: [INFO][OLLAMA]fetch_complete_call_info: fetching complete call info for call id slide_summary...
2025-09-11 10:08:55,185 INFO: [INFO][OLLAMA]fetch_complete_call_info: complete call info:
2025-09-11 10:08:55,185 INFO: [INFO][OLLAMA]fetch_complete_call_info: found key call_id with value:
2025-09-11 10:08:55,185 INFO: slide_summary
2025-09-11 10:08:55,185 INFO: [INFO][OLLAMA]fetch_complete_call_info: found key payload_in with value:
2025-09-11 10:08:55,185 INFO: {'model': 'qwen2:latest', 'system': 'You are a resume tailoring assistant. Only output what is requested of you, in the exact format specified. You are to follow these guidelines when tailoring all resume sections:\n- You may only draw from the provided descriptions, no making assumptions.\n- Do not invent any data or roles, only use the data provided.\n- You may not add any untrue statements to the data that has been provided.\n- The tailored sections and overall resume must be brief, concise and professional. It must cater to recruiters and make the resume stand out.\n- Use simple to understand language when possible, unless direct technical terminology is used.', 'stream': False, 'temperature': 0.8}
2025-09-11 10:08:55,185 INFO: [INFO][OLLAMA]fetch_complete_call_info: found key format with value:
2025-09-11 10:08:55,185 INFO: {'sections_dct_list': [{'name': 'Marcos David Madrigal Albores'}, {'contact_information': {'address': '308 Brunswick Ave, Toronto, ON, Canada', 'phone': '+1-437-981-2994', 'email': 'marcosdma.compeng@outlook.com', 'linkedin': 'linkedin.com/in/marcosdma/', 'github': 'github.com/marneus981', 'portfolio': 'marneus981.github.io | donkeyponius981.itch.io'}}, {'title': 'Computer Engineer'}, {'summary': "As a recent graduate with a strong foundation in computer science, I am excited to leverage my Python and JavaScript programming skills, algorithmic thinking, and experience with version control and unit testing to contribute to Sentry's innovative product development. With a passion for using the product I build, I am eager to join a high-growth startup like Sentry and start my career on a fast-paced, rapidly iterating team."}, {'languages': ['English', 'Spanish', 'French']}, {'education': [{'degree': 'Bachelor of Applied Science in Computer Engineering', 'university': 'University of Toronto', 'location': 'Toronto, ON, Canada', 'duration': '2018/09 - 2023/06', 'courses': ['[1]Courses: ESC180 Introduction to Computer Programming', 'MAT185 Linear Algebra', 'ECE159 Fundamentals of Electric Circuits', 'MAT195 Calculus II', 'ECE190 Computer Algorithms and Data Structures']}]}, {'certifications': [{'certification_name': 'Minor in Artificial Intelligence', 'issuing_organization': 'University of Toronto', 'issue_date': '2023/06'}]}, {'awards_and_scholarships': [{'award_name': 'United Nations Datathon 2023 Participation', 'issuing_organization': 'United Nations', 'issue_date': '2023/11'}, {'award_name': 'University of Toronto Engineering Scholar', 'issuing_organization': 'University of Toronto Faculty of Applied Science and Engineering', 'issue_date': '2018/09'}]}, {'volunteering_and_leadership': [{'role': 'Committee Student Member', 'organization': 'Scholarship Committee at the Faculty of Engineering, University of Toronto', 'location': 'Toronto, ON, Canada', 'duration': '2020/01 - 2020/12', 'description': ['Collaborated as part of a multi-disciplinary committee, providing impactful decisions to benefit students faculty-wide', 'Represented students by distributing and voting on awards and scholarships for students']}]}, {'work_experience': [{'job_title': 'Freelance 3D Designer', 'company': 'Freelance', 'location': 'Toronto, ON, Canada', 'duration': '2024/01 - 2024/09', 'description': ['Designed quality models for 3D printed products, applying technical skills in Blender and various slicing software/hardware', 'Utilized problem-solving expertise to create innovative designs']}, {'job_title': 'PEY VR Technical Assistant', 'company': 'Medica Providencia Clinic', 'location': 'Tuxtla Gtz, CS, Mexico', 'duration': '2022/12 - 2023/03', 'description': ['Utilized problem-solving skills to troubleshoot hardware issues, improving efficiency and patient satisfaction', 'Collaborated with professionals on testing processes']}, {'job_title': 'Script Programmer and Video Project Editor', 'company': 'Ontario Institute for Studies in Education', 'location': 'Toronto, ON, Canada', 'duration': '2022/03 - 2022/05', 'description': ['Developed video description generation algorithms using Python, enhancing stakeholder satisfaction and project deliverables within 3 months', 'Utilized creative problem-solving skills to align project goals']}, {'job_title': 'Secretary and Sales Associate', 'company': 'Medica Providencia Clinic', 'location': 'Tuxtla Gtz, CS, Mexico', 'duration': '2015/08 - 2018/07', 'description': ['Streamlined operations by efficiently managing tasks, demonstrating skills in data entry and documentation, and performing sales operations', 'This experience showcases my ability to manage peak hours and adapt to changing demands']}]}, {'projects': [{'project_title': 'TTRPG Tools', 'url': 'https://github.com/Marneus981/TTRPGTools', 'type': 'Open Source Personal Project', 'duration': '2023/06 - Present', 'description': ['Developed software tools with planned AI integration for playing and creating TTRPG Games using C++ and Python, highlighting skills in programming languages, automation, and debugging']}, {'project_title': 'VKnob', 'url': 'https://github.com/Marneus981/VKnob', 'type': 'Open Source Personal Project', 'duration': '2024/02 - Present', 'description': ['Developed an overlay application controlling multiple Digital Audio Workstations, showcasing proficiency in C++ and UIAutomation', 'Demonstrated ability to automate UI calls in Windows']}, {'project_title': 'Untitled RPG Game Project', 'url': '', 'type': 'Personal Game Project', 'duration': '2025/04 - Present', 'description': ['Developed a 2D action role-playing game using Unity, showcasing C# programming skills and editing/animating 2D sprites and assets']}, {'project_title': 'Horizontal Federated Learning Research', 'url': 'github.com/alexjsenn/FedScale', 'type': 'Research | Capstone Project', 'duration': '2021/09 - 2022/06', 'description': ['Developed Python skills, researched network performance of distributed Federated Machine Learning model aggregation, and improved algorithm efficiency', 'Co-authored technical papers on novel aggregation algorithms']}, {'project_title': 'MAPPA C++ Geographical Information System', 'url': 'https://github.com/Marneus981/MAPPA', 'type': 'University Project', 'duration': '2019/09 - 2020/06', 'description': ['Built a GIS system using OpenStreetMap data and C++ EZGL library, improving efficiency by 200% and reducing memory usage by 50%', 'Co-developed UI/UX tailored to stakeholder needs']}]}, {'skills': {'programming_languages': ['Programming Languages'], 'technical_skills': ['3D Printing', '3D modelling', 'Algorithm optimization', 'Automated Testing', 'Back-End Development', 'Blender', 'Data Entry', 'Distributed Systems', 'Federated Machine Learning', 'JavaScript', 'Machine Learning', 'Microsoft Suite', 'Object-oriented design principles', 'Product Design', 'Project Management', 'Python', 'Scripting', 'Slicing Software', 'Software Development', 'Unit Testing', 'Unit testing', 'Unity', 'Version Control with Git', 'Version control', 'Version control systems'], 'soft_skills': ['Collaboration', 'Communication', 'Detail-Oriented', 'Effective communication', 'Fast Learning', 'Good Written and Communication Skills', 'Integrity', 'Self-Starter', 'Teamwork', 'Time Management']}}], 'systems': ['You are a resume tailoring assistant. Only output what is requested of you, in the exact format specified. You are to follow these guidelines when tailoring all resume sections:\n- You may only draw from the provided descriptions, no making assumptions.\n- Do not invent any data or roles, only use the data provided.\n- You may not add any untrue statements to the data that has been provided.\n- The tailored sections and overall resume must be brief, concise and professional. It must cater to recruiters and make the resume stand out.\n- Use simple to understand language when possible, unless direct technical terminology is used.', 'You are a resume tailoring assistant. Only output what is requested of you, in the exact format specified. You are to follow these guidelines when tailoring all resume sections:\n- You may only draw from the provided descriptions, no making assumptions.\n- Do not invent any data or roles, only use the data provided.\n- You may not add any untrue statements to the data that has been provided.\n- The tailored sections and overall resume must be brief, concise and professional. It must cater to recruiters and make the resume stand out.\n- Use simple to understand language when possible, unless direct technical terminology is used.', 'You are a resume tailoring assistant. Only output what is requested of you, in the exact format specified. You are to follow these guidelines when tailoring all resume sections:\n- You may only draw from the provided descriptions, no making assumptions.\n- Do not invent any data or roles, only use the data provided.\n- You may not add any untrue statements to the data that has been provided.\n- The tailored sections and overall resume must be brief, concise and professional. It must cater to recruiters and make the resume stand out.\n- Use simple to understand language when possible, unless direct technical terminology is used.', 'You are a resume tailoring assistant. Only output what is requested of you, in the exact format specified. You are to follow these guidelines when tailoring all resume sections:\n- You may only draw from the provided descriptions, no making assumptions.\n- Do not invent any data or roles, only use the data provided.\n- You may not add any untrue statements to the data that has been provided.\n- The tailored sections and overall resume must be brief, concise and professional. It must cater to recruiters and make the resume stand out.\n- Use simple to understand language when possible, unless direct technical terminology is used.', 'You are a resume tailoring assistant. Only output what is requested of you, in the exact format specified. You are to follow these guidelines when tailoring all resume sections:\n- You may only draw from the provided descriptions, no making assumptions.\n- Do not invent any data or roles, only use the data provided.\n- You may not add any untrue statements to the data that has been provided.\n- The tailored sections and overall resume must be brief, concise and professional. It must cater to recruiters and make the resume stand out.\n- Use simple to understand language when possible, unless direct technical terminology is used.'], 'skill_section': True, 'windows': 4, 'mode': 'batch', 'standard_calls': ['summarize_general_info', 'summarize_skills'], 'non_standard_calls': ['sliding_window_two_sections', 'sliding_window_three_sections', 'sliding_window_four_sections']}
2025-09-11 10:08:55,185 INFO: [INFO][OLLAMA]fetch_complete_call_info: found key prompt_in with value:
2025-09-11 10:08:55,185 INFO: 
2025-09-11 10:08:55,185 INFO: [INFO][OLLAMA]fetch_complete_call_info: found key ollama_url with value:
2025-09-11 10:08:55,185 INFO: http://localhost:11434
2025-09-11 10:08:55,185 INFO: [INFO][OLLAMA]fetch_complete_call_info: found key sample_starts with value:
2025-09-11 10:08:55,185 INFO: []
2025-09-11 10:08:55,194 INFO: [TIME] inv_parse_cv took 0.0000 seconds
2025-09-11 10:08:55,194 INFO: [TIME] filter_output took 0.0000 seconds
2025-09-11 10:08:55,194 INFO: [TIME] inv_parse_cv took 0.0000 seconds
2025-09-11 10:08:55,194 INFO: [TIME] filter_output took 0.0000 seconds
2025-09-11 10:08:55,194 INFO: [TIME] inv_parse_cv took 0.0000 seconds
2025-09-11 10:08:55,194 INFO: [TIME] filter_output took 0.0000 seconds
2025-09-11 10:08:55,194 INFO: [TIME] inv_parse_cv took 0.0000 seconds
2025-09-11 10:08:55,194 INFO: [TIME] filter_output took 0.0000 seconds
2025-09-11 10:08:55,194 INFO: [TIME] inv_parse_cv_out took 0.0001 seconds
2025-09-11 10:08:55,194 INFO: [TIME] filter_output took 0.0000 seconds
2025-09-11 10:08:55,194 INFO: [TIME] inv_parse_cv_out took 0.0000 seconds
2025-09-11 10:08:55,194 INFO: [TIME] filter_output took 0.0000 seconds
2025-09-11 10:08:55,194 INFO: [TIME] inv_parse_cv_out took 0.0000 seconds
2025-09-11 10:08:55,194 INFO: [TIME] filter_output took 0.0000 seconds
2025-09-11 10:08:55,194 INFO: [TIME] inv_parse_cv_out took 0.0000 seconds
2025-09-11 10:08:55,194 INFO: [TIME] filter_output took 0.0000 seconds
2025-09-11 10:08:55,194 INFO: [TIME] inv_parse_cv_out took 0.0000 seconds
2025-09-11 10:08:55,194 INFO: [TIME] filter_output took 0.0000 seconds
2025-09-11 10:08:55,194 INFO: [TIME] inv_parse_cv_out took 0.0000 seconds
2025-09-11 10:08:55,202 INFO: [TIME] filter_output took 0.0000 seconds
2025-09-11 10:08:55,202 INFO: [TIME] inv_parse_cv_out took 0.0000 seconds
2025-09-11 10:08:55,202 INFO: [TIME] filter_output took 0.0000 seconds
2025-09-11 10:08:55,202 ERROR: [ERROR][OLLAMA]ollama_call: 'INFO_LOGING'
2025-09-11 10:08:55,202 ERROR: [ERROR][OLLAMA]ollama_call: KeyError - missing key: INFO_LOGING
2025-09-11 10:08:55,202 ERROR: [ERROR][OLLAMA]ollama_call: Exception occurred during Ollama call. Retrying 1/1...
2025-09-11 10:08:55,202 ERROR: [ERROR][OLLAMA]ollama_call: All retries exhausted. Returning last response.
2025-09-11 10:08:55,202 INFO: [TIME] ollama_call took 0.0195 seconds
2025-09-11 10:08:55,202 INFO: [OLLAMA]step0_tailor_summary: payload field model with value qwen2:latest found
2025-09-11 10:08:55,202 INFO: [OLLAMA]step0_tailor_summary: payload field system with value You are a resume tailoring assistant. Only output what is requested of you, in the exact format specified. You are to follow these guidelines when tailoring all resume sections:
- You may only draw from the provided descriptions, no making assumptions.
- Do not invent any data or roles, only use the data provided.
- You may not add any untrue statements to the data that has been provided.
- The tailored sections and overall resume must be brief, concise and professional. It must cater to recruiters and make the resume stand out.
- Use simple to understand language when possible, unless direct technical terminology is used. found
2025-09-11 10:08:55,202 INFO: [OLLAMA]step0_tailor_summary: payload field prompt with value Given the following resume sections summarized:
                        [
E
R
R
O
R
]
[
O
L
L
A
M
A
]
o
l
l
a
m
a
_
c
a
l
l
:
 
A
l
l
 
r
e
t
r
i
e
s
 
e
x
h
a
u
s
t
e
d
.
                        Create a wholistic summary of all of them, following these guidelines:
                        - Include the candidate's contact information, as well as their title and name.
                        - Include any certifications or qualifications.
                        - Include all education.
                        - Include all projects, work experience, and volunteering and leadership roles.
                        - Include all information, competencies, achievements, and skills, this is a wholistic summary of the candidate's qualifications.
                        - Maintain the context and flow between the sections.
                        - Be very concise but detail-driven as well, which means that you must include as many relevant details as possible with minimal fluff.
                        Return the summarized information as a single continuous string of text, following this format strictly:
                        [0]Summary: Wholistic summary of all sections.
                     found
2025-09-11 10:08:55,202 INFO: [OLLAMA]step0_tailor_summary: payload field stream with value False found
2025-09-11 10:08:55,202 INFO: [OLLAMA]step0_tailor_summary: payload field temperature with value 0.8 found
2025-09-11 10:09:53,980 INFO: [SUCCESS][OLLAMA]step0_tailor_summary: {'model': 'qwen2:latest', 'created_at': '2025-09-11T16:09:53.9748672Z', 'response': "[0]Summary: Experienced professional Olalla with expertise in error resolution and optimization. She holds certifications in advanced project management and has a strong educational background from prestigious institutions. With a track record of successfully leading projects, enhancing team efficiency, and contributing to the development of innovative solutions, she excels at problem-solving and achieving operational excellence. Notable achievements include reducing costs through strategic process improvements and streamlining workflows for seamless execution.\n\nEducation:\n- Advanced Project Management Certification\n- Bachelor's Degree in Information Technology\n\nProfessional Experience:\n1. Senior Project Manager, Innovate Solutions Inc.\n   - Successfully led cross-functional teams on high-priority projects to ensure timely delivery and project quality standards.\n   - Optimized team performance by implementing agile methodologies, resulting in a 30% increase in productivity.\n\n2. Lead Analyst, TechSphere Technologies\n   - Analyzed complex error logs and identified root causes for system issues, contributing to the development of 4 robust error resolution protocols that improved system reliability.\n\nVolunteering & Leadership Roles:\n- Co-Chair, IT Strategy Committee at Innovate Solutions Inc.\n   - Oversaw strategic planning efforts, collaborating with internal stakeholders and external partners to enhance company IT infrastructure.\n\nSkills & Competencies:\n- Advanced Project Management\n- Problem-solving techniques\n- Agile methodologies implementation\n- System optimization expertise\n- Strategic planning capabilities", 'done': True, 'done_reason': 'stop', 'context': [151644, 8948, 198, 2610, 525, 264, 15688, 9787, 5503, 17847, 13, 8278, 2550, 1128, 374, 11223, 315, 498, 11, 304, 279, 4734, 3561, 5189, 13, 1446, 525, 311, 1795, 1493, 17501, 979, 9787, 5503, 678, 15688, 14158, 510, 12, 1446, 1231, 1172, 4038, 504, 279, 3897, 27787, 11, 902, 3259, 31846, 624, 12, 3155, 537, 17023, 894, 821, 476, 12783, 11, 1172, 990, 279, 821, 3897, 624, 12, 1446, 1231, 537, 912, 894, 87877, 12239, 311, 279, 821, 429, 702, 1012, 3897, 624, 12, 576, 40791, 14158, 323, 8084, 15688, 1969, 387, 9814, 11, 63594, 323, 6584, 13, 1084, 1969, 27968, 311, 92840, 323, 1281, 279, 15688, 2498, 700, 624, 12, 5443, 4285, 311, 3535, 4128, 979, 3204, 11, 7241, 2118, 10916, 56626, 374, 1483, 13, 151645, 198, 151644, 872, 198, 22043, 279, 2701, 15688, 14158, 68629, 510, 664, 2278, 36, 198, 49, 198, 49, 198, 46, 198, 49, 198, 921, 9640, 46, 198, 43, 198, 43, 198, 32, 198, 44, 198, 32, 198, 921, 78, 198, 75, 198, 75, 198, 64, 198, 76, 198, 64, 198, 12924, 66, 198, 64, 198, 75, 198, 75, 198, 510, 715, 32, 198, 75, 198, 75, 26809, 81, 198, 68, 198, 83, 198, 81, 198, 72, 198, 68, 198, 82, 26809, 68, 198, 87, 198, 71, 198, 64, 198, 84, 198, 82, 198, 83, 198, 68, 198, 67, 198, 624, 664, 4230, 264, 420, 337, 4532, 12126, 315, 678, 315, 1105, 11, 2701, 1493, 17501, 510, 664, 481, 29734, 279, 9144, 594, 3645, 1995, 11, 438, 1632, 438, 862, 2265, 323, 829, 624, 664, 481, 29734, 894, 81471, 476, 42684, 624, 664, 481, 29734, 678, 6731, 624, 664, 481, 29734, 678, 7079, 11, 975, 3139, 11, 323, 69338, 323, 11438, 12783, 624, 664, 481, 29734, 678, 1995, 11, 4533, 5946, 11, 32897, 11, 323, 7361, 11, 419, 374, 264, 420, 337, 4532, 12126, 315, 279, 9144, 594, 42684, 624, 664, 481, 86377, 279, 2266, 323, 6396, 1948, 279, 14158, 624, 664, 481, 2823, 1602, 63594, 714, 7716, 31405, 438, 1632, 11, 892, 3363, 429, 498, 1969, 2924, 438, 1657, 9760, 3565, 438, 3204, 448, 17377, 1320, 1362, 624, 664, 3411, 279, 68629, 1995, 438, 264, 3175, 19259, 914, 315, 1467, 11, 2701, 419, 3561, 25470, 510, 664, 508, 15, 60, 19237, 25, 1232, 337, 4532, 12126, 315, 678, 14158, 624, 3824, 151645, 198, 151644, 77091, 198, 58, 15, 60, 19237, 25, 99023, 6584, 11959, 20905, 448, 18726, 304, 1465, 10935, 323, 25262, 13, 2932, 9982, 81471, 304, 10847, 2390, 6240, 323, 702, 264, 3746, 16229, 4004, 504, 40285, 14336, 13, 3085, 264, 3754, 3255, 315, 7790, 6388, 7079, 11, 46494, 2083, 15024, 11, 323, 28720, 311, 279, 4401, 315, 18199, 9904, 11, 1340, 3438, 2010, 518, 3491, 98146, 323, 31045, 24586, 37556, 13, 2806, 480, 32897, 2924, 17719, 7049, 1526, 18580, 1882, 18142, 323, 4269, 34881, 87468, 369, 46870, 11320, 382, 39134, 510, 12, 21159, 5787, 9551, 50210, 198, 12, 40990, 594, 37082, 304, 8085, 11791, 271, 57513, 20796, 510, 16, 13, 19342, 5787, 10567, 11, 54847, 349, 22676, 4848, 624, 256, 481, 34591, 6069, 5312, 98516, 7263, 389, 1550, 2268, 8773, 7079, 311, 5978, 31000, 9691, 323, 2390, 4271, 10659, 624, 256, 481, 30097, 1506, 2083, 5068, 553, 24931, 61465, 80798, 11, 12942, 304, 264, 220, 18, 15, 4, 5263, 304, 25148, 382, 17, 13, 29882, 40470, 11, 17374, 42959, 24561, 198, 256, 481, 37427, 15905, 6351, 1465, 18422, 323, 10820, 3704, 11137, 369, 1849, 4714, 11, 28720, 311, 279, 4401, 315, 220, 19, 21765, 1465, 10935, 31785, 429, 12944, 1849, 30538, 382, 36361, 10830, 4671, 609, 36163, 50907, 510, 12, 3539, 29553, 1310, 11, 8700, 27745, 10341, 518, 54847, 349, 22676, 4848, 624, 256, 481, 61561, 672, 18580, 9115, 8869, 11, 72201, 448, 5306, 38110, 323, 9250, 8549, 311, 18379, 2813, 8700, 13737, 382, 46661, 609, 25440, 5946, 510, 12, 21159, 5787, 9551, 198, 12, 22079, 98146, 12538, 198, 12, 82184, 80798, 8129, 198, 12, 739, 25262, 18726, 198, 12, 45561, 9115, 16928], 'total_duration': 56735098800, 'load_duration': 71332700, 'prompt_eval_count': 393, 'prompt_eval_duration': 2168138800, 'eval_count': 270, 'eval_duration': 54492081200}
2025-09-11 10:09:53,983 INFO: [TIME] step0_tailor_summary took 58.8006 seconds
2025-09-11 10:09:53,983 INFO: [TIME] filter_output took 0.0000 seconds
2025-09-11 10:09:53,983 INFO: [SUCCESS]Output matches expected length
2025-09-11 10:09:53,983 INFO: [SUCCESS]Output matches expected start lines
2025-09-11 10:09:53,983 INFO: [TIME] compare_start took 0.0017 seconds
2025-09-11 10:09:53,983 INFO: [SUCCESS][OLLAMA]ollama_call: Ollama call succeeded: [0]Summary: Experienced professional Olalla with expertise in error resolution and optimization. She holds certifications in advanced project management and has a strong educational background from prestigious institutions. With a track record of successfully leading projects, enhancing team efficiency, and contributing to the development of innovative solutions, she excels at problem-solving and achieving operational excellence. Notable achievements include reducing costs through strategic process improvements and streamlining workflows for seamless execution.
2025-09-11 10:09:53,983 INFO: [TIME] ollama_call took 58.8122 seconds
2025-09-11 10:09:53,983 INFO: [TIME] check_summaries took 112.8913 seconds
2025-09-11 10:09:53,983 INFO: [TIME] format_checker_out took 0.0006 seconds
2025-09-11 10:09:53,987 INFO: [TIME] read_format_checker took 0.0000 seconds
2025-09-11 10:09:54,007 INFO: [TIME] read_text_file took 0.0196 seconds
2025-09-11 10:09:54,008 INFO: [TIME] read_text_file took 0.0005 seconds
2025-09-11 10:09:54,021 INFO: [TIME] read_text_file took 0.0130 seconds
2025-09-11 10:09:54,024 INFO: [INFO][OLLAMA]fetch_complete_call_info: fetching complete call info for call id consistency_checker_vs_job_desc_cv...
2025-09-11 10:09:54,024 INFO: [INFO][OLLAMA]fetch_complete_call_info: complete call info:
2025-09-11 10:09:54,024 INFO: [INFO][OLLAMA]fetch_complete_call_info: found key call_id with value:
2025-09-11 10:09:54,024 INFO: consistency_checker_vs_job_desc_cv
2025-09-11 10:09:54,024 INFO: [INFO][OLLAMA]fetch_complete_call_info: found key payload_in with value:
2025-09-11 10:09:54,024 INFO: {'model': 'qwen2:latest', 'system': 'You are a resume analysis expert. While analyzing resume consistency with wider curriculum data, job descriptions or itself, you must follow these guidelines:\nYou may only draw from the provided data, no making assumptions.\nYou may not add any untrue statements outside of what has been provided.\nYou must remain objective throughout.', 'stream': False, 'temperature': 0.8}
2025-09-11 10:09:54,024 INFO: [INFO][OLLAMA]fetch_complete_call_info: found key format with value:
2025-09-11 10:09:54,024 INFO: {'cv_data': '[0]Summary: Experienced professional Olalla with expertise in error resolution and optimization. She holds certifications in advanced project management and has a strong educational background from prestigious institutions. With a track record of successfully leading projects, enhancing team efficiency, and contributing to the development of innovative solutions, she excels at problem-solving and achieving operational excellence. Notable achievements include reducing costs through strategic process improvements and streamlining workflows for seamless execution.', 'job_description': '**Job Title:** Software Engineer - New Grad, Sentry \n\n**Company Name:** Sentry \n\n**Responsibilities:**\n- Collaborate with a team to develop and enhance the Sentry product using Python or JavaScript.\n- Manage the full software development lifecycle including design, coding, testing, and production operation.\n- Effectively communicate with internal teams and stakeholders like product managers.\n- Implement feedback, coaching, and mentorship from supervisors into work.\n\n**Requirements:**\n- Possess a B.S. in Computer Science (or equivalent degree).\n- At least one previous internship or relevant practical experience.\n- Proficiency in at least one general-purpose programming language such as Python, JavaScript, Java.\n- Strong understanding of algorithms, data structures, and object-oriented design principles.\n- Experience with version control systems and unit testing.\n\n**Skills:**\n- Problem-solving ability\n- Teamwork and collaboration\n- Effective communication skills\n- Adaptability to feedback\n- Open-source project contribution mindset'}
2025-09-11 10:09:54,024 INFO: [INFO][OLLAMA]fetch_complete_call_info: found key prompt_in with value:
2025-09-11 10:09:54,024 INFO: Given the following summary of a resume:
                        {cv_data}
                        And the job description the aforementioned resume has been tailored to:
                        {job_description}
                        Perform a consistency check on the tailored resume against the job description. This consistency check will check if the resume is consistent with the job description, meaning that all skills and experiences mentioned in the resume should be relevant to the job description.
                        Follow these guidelines:
                        - Be mindful not to include any line breaks in the content of any of the sections/subsections.
                        - Be as objective as possible, and do not make any assumptions about the data.
                        - Do not create nor imagine any data that is not present in the original data.
                        The consistency check should be returned strictly in the following format (include the numbers "[0]", "[1]", do not modify the format):
                        [0]Consistency Checker Vs Job Description:
                        [1]Inconsistencies With Job Description: [Yes/No]; [List of inconsistencies found, if any; return 'None' if no inconsistencies; must be a continuous block of text, composed of sentences separated by ".", not line breaks]
                        [1]Suggestions for Improvement: [List of suggestions for improvement, if any; return 'None' if no suggestions; must be a continuous block of text, composed of sentences separated by ".", not line breaks]
                    
2025-09-11 10:09:54,024 INFO: [INFO][OLLAMA]fetch_complete_call_info: found key ollama_url with value:
2025-09-11 10:09:54,024 INFO: http://localhost:11434
2025-09-11 10:09:54,024 INFO: [INFO][OLLAMA]fetch_complete_call_info: found key sample_starts with value:
2025-09-11 10:09:54,024 INFO: ['strict', 'digits', '[0]Consistency Checker Vs Job Description:', '[1]Inconsistencies With Job Description:', '[1]Suggestions for Improvement:']
2025-09-11 10:09:54,024 INFO: [OLLAMA]standard_ollama_call: call_id: consistency_checker_vs_job_desc_cv
2025-09-11 10:09:54,024 WARNING: [WARNING][OLLAMA]standard_ollama_call: prompt_in contains placeholders
2025-09-11 10:09:54,024 INFO: [OLLAMA]standard_ollama_call: payload field model with value qwen2:latest found
2025-09-11 10:09:54,024 INFO: [OLLAMA]standard_ollama_call: payload field system with value You are a resume analysis expert. While analyzing resume consistency with wider curriculum data, job descriptions or itself, you must follow these guidelines:
You may only draw from the provided data, no making assumptions.
You may not add any untrue statements outside of what has been provided.
You must remain objective throughout. found
2025-09-11 10:09:54,024 INFO: [OLLAMA]standard_ollama_call: payload field prompt with value Given the following summary of a resume:
                        [0]Summary: Experienced professional Olalla with expertise in error resolution and optimization. She holds certifications in advanced project management and has a strong educational background from prestigious institutions. With a track record of successfully leading projects, enhancing team efficiency, and contributing to the development of innovative solutions, she excels at problem-solving and achieving operational excellence. Notable achievements include reducing costs through strategic process improvements and streamlining workflows for seamless execution.
                        And the job description the aforementioned resume has been tailored to:
                        **Job Title:** Software Engineer - New Grad, Sentry 

**Company Name:** Sentry 

**Responsibilities:**
- Collaborate with a team to develop and enhance the Sentry product using Python or JavaScript.
- Manage the full software development lifecycle including design, coding, testing, and production operation.
- Effectively communicate with internal teams and stakeholders like product managers.
- Implement feedback, coaching, and mentorship from supervisors into work.

**Requirements:**
- Possess a B.S. in Computer Science (or equivalent degree).
- At least one previous internship or relevant practical experience.
- Proficiency in at least one general-purpose programming language such as Python, JavaScript, Java.
- Strong understanding of algorithms, data structures, and object-oriented design principles.
- Experience with version control systems and unit testing.

**Skills:**
- Problem-solving ability
- Teamwork and collaboration
- Effective communication skills
- Adaptability to feedback
- Open-source project contribution mindset
                        Perform a consistency check on the tailored resume against the job description. This consistency check will check if the resume is consistent with the job description, meaning that all skills and experiences mentioned in the resume should be relevant to the job description.
                        Follow these guidelines:
                        - Be mindful not to include any line breaks in the content of any of the sections/subsections.
                        - Be as objective as possible, and do not make any assumptions about the data.
                        - Do not create nor imagine any data that is not present in the original data.
                        The consistency check should be returned strictly in the following format (include the numbers "[0]", "[1]", do not modify the format):
                        [0]Consistency Checker Vs Job Description:
                        [1]Inconsistencies With Job Description: [Yes/No]; [List of inconsistencies found, if any; return 'None' if no inconsistencies; must be a continuous block of text, composed of sentences separated by ".", not line breaks]
                        [1]Suggestions for Improvement: [List of suggestions for improvement, if any; return 'None' if no suggestions; must be a continuous block of text, composed of sentences separated by ".", not line breaks]
                     found
2025-09-11 10:09:54,030 INFO: [OLLAMA]standard_ollama_call: payload field stream with value False found
2025-09-11 10:09:54,030 INFO: [OLLAMA]standard_ollama_call: payload field temperature with value 0.8 found
2025-09-11 10:10:52,661 INFO: [SUCCESS][OLLAMA]standard_ollama_call: {'model': 'qwen2:latest', 'created_at': '2025-09-11T16:10:52.653949Z', 'response': '[0]Consistency Checker Vs Job Description:\n[1]Inconsistencies With Job Description: No;\n[1]Suggestions for Improvement: None;\n\nThe resume summary and tailored job description align well without any noticeable inconsistencies. The resume highlights skills that are relevant to the Software Engineer role, such as problem-solving ability, teamwork, communication skills, adaptability to feedback, and an open-source project contribution mindset. It also mentions proficiency in programming languages like Python or JavaScript, which are aligned with the requirements section of the job description.\n\nThe educational background described is not directly detailed but may imply a strong educational foundation since Olalla holds certifications in advanced project management. This could potentially align with the requirement for understanding algorithms and data structures if considered part of her education or skill set development.\n\nAll key responsibilities outlined in the job description, such as collaboration, managing the software development lifecycle, effective communication, implementing feedback, coaching, and mentorship, are mentioned in the resume. The resume also includes examples of achievements that align with the requirements for proficiency in programming languages (reducing costs through strategic process improvements), contributing to the development of innovative solutions (like streamlining workflows).\n\nTherefore, there is no indication of any significant inconsistencies between the resume content and the job description provided.', 'done': True, 'done_reason': 'stop', 'context': [151644, 8948, 198, 2610, 525, 264, 15688, 6358, 6203, 13, 5976, 41018, 15688, 28137, 448, 21864, 29576, 821, 11, 2618, 27787, 476, 5086, 11, 498, 1969, 1795, 1493, 17501, 510, 2610, 1231, 1172, 4038, 504, 279, 3897, 821, 11, 902, 3259, 31846, 624, 2610, 1231, 537, 912, 894, 87877, 12239, 4889, 315, 1128, 702, 1012, 3897, 624, 2610, 1969, 7146, 16538, 6814, 13, 151645, 198, 151644, 872, 198, 22043, 279, 2701, 12126, 315, 264, 15688, 510, 664, 508, 15, 60, 19237, 25, 99023, 6584, 11959, 20905, 448, 18726, 304, 1465, 10935, 323, 25262, 13, 2932, 9982, 81471, 304, 10847, 2390, 6240, 323, 702, 264, 3746, 16229, 4004, 504, 40285, 14336, 13, 3085, 264, 3754, 3255, 315, 7790, 6388, 7079, 11, 46494, 2083, 15024, 11, 323, 28720, 311, 279, 4401, 315, 18199, 9904, 11, 1340, 3438, 2010, 518, 3491, 98146, 323, 31045, 24586, 37556, 13, 2806, 480, 32897, 2924, 17719, 7049, 1526, 18580, 1882, 18142, 323, 4269, 34881, 87468, 369, 46870, 11320, 624, 664, 1597, 279, 2618, 4008, 279, 45652, 15688, 702, 1012, 40791, 311, 510, 664, 3070, 12245, 10869, 66963, 4377, 28383, 481, 1532, 21794, 11, 94060, 4710, 334, 14491, 3988, 66963, 94060, 4710, 334, 82162, 13450, 25, 1019, 12, 48581, 349, 448, 264, 2083, 311, 2225, 323, 18379, 279, 94060, 1985, 1667, 13027, 476, 12914, 624, 12, 42650, 279, 2480, 3162, 4401, 47508, 2670, 2884, 11, 10822, 11, 7497, 11, 323, 5670, 5666, 624, 12, 13449, 3132, 19032, 448, 5306, 7263, 323, 38110, 1075, 1985, 19680, 624, 12, 31075, 11055, 11, 23883, 11, 323, 35428, 5270, 504, 72951, 1119, 975, 382, 334, 59202, 25, 1019, 12, 41045, 433, 264, 425, 808, 13, 304, 17407, 9965, 320, 269, 13578, 8381, 4292, 12, 2411, 3245, 825, 3681, 59759, 476, 9760, 14976, 3139, 624, 12, 8459, 10387, 304, 518, 3245, 825, 4586, 58238, 15473, 4128, 1741, 438, 13027, 11, 12914, 11, 7943, 624, 12, 26099, 8660, 315, 25185, 11, 821, 14389, 11, 323, 1633, 35085, 2884, 16170, 624, 12, 20796, 448, 2319, 2524, 5942, 323, 4982, 7497, 382, 334, 46661, 25, 1019, 12, 22079, 98146, 5726, 198, 12, 7909, 1778, 323, 20031, 198, 12, 46923, 10535, 7361, 198, 12, 58431, 2897, 311, 11055, 198, 12, 5264, 30774, 2390, 18527, 39443, 198, 664, 25001, 264, 28137, 1779, 389, 279, 40791, 15688, 2348, 279, 2618, 4008, 13, 1096, 28137, 1779, 686, 1779, 421, 279, 15688, 374, 12966, 448, 279, 2618, 4008, 11, 7290, 429, 678, 7361, 323, 11449, 9733, 304, 279, 15688, 1265, 387, 9760, 311, 279, 2618, 4008, 624, 664, 11112, 1493, 17501, 510, 664, 481, 2823, 62342, 537, 311, 2924, 894, 1555, 18303, 304, 279, 2213, 315, 894, 315, 279, 14158, 37885, 24661, 624, 664, 481, 2823, 438, 16538, 438, 3204, 11, 323, 653, 537, 1281, 894, 31846, 911, 279, 821, 624, 664, 481, 3155, 537, 1855, 6329, 12793, 894, 821, 429, 374, 537, 3042, 304, 279, 4024, 821, 624, 664, 576, 28137, 1779, 1265, 387, 5927, 25470, 304, 279, 2701, 3561, 320, 997, 279, 5109, 10545, 15, 19076, 10545, 16, 19076, 653, 537, 5602, 279, 3561, 982, 664, 508, 15, 60, 15220, 47094, 80678, 42982, 12011, 7662, 510, 664, 508, 16, 60, 641, 6254, 380, 5946, 3085, 12011, 7662, 25, 508, 9454, 14, 2753, 5265, 508, 852, 315, 91822, 1730, 11, 421, 894, 26, 470, 364, 4064, 6, 421, 902, 91822, 26, 1969, 387, 264, 19259, 2504, 315, 1467, 11, 23415, 315, 22870, 18663, 553, 68514, 537, 1555, 18303, 921, 664, 508, 16, 60, 98846, 369, 52651, 25, 508, 852, 315, 18225, 369, 15673, 11, 421, 894, 26, 470, 364, 4064, 6, 421, 902, 18225, 26, 1969, 387, 264, 19259, 2504, 315, 1467, 11, 23415, 315, 22870, 18663, 553, 68514, 537, 1555, 18303, 921, 3824, 151645, 198, 151644, 77091, 198, 58, 15, 60, 15220, 47094, 80678, 42982, 12011, 7662, 510, 58, 16, 60, 641, 6254, 380, 5946, 3085, 12011, 7662, 25, 2308, 280, 58, 16, 60, 98846, 369, 52651, 25, 2240, 401, 785, 15688, 12126, 323, 40791, 2618, 4008, 5285, 1632, 2041, 894, 42326, 91822, 13, 576, 15688, 21314, 7361, 429, 525, 9760, 311, 279, 4377, 28383, 3476, 11, 1741, 438, 3491, 98146, 5726, 11, 83533, 11, 10535, 7361, 11, 10515, 2897, 311, 11055, 11, 323, 458, 1787, 30774, 2390, 18527, 39443, 13, 1084, 1083, 33845, 62139, 304, 15473, 15459, 1075, 13027, 476, 12914, 11, 892, 525, 26118, 448, 279, 8502, 3772, 315, 279, 2618, 4008, 382, 785, 16229, 4004, 7481, 374, 537, 5961, 11682, 714, 1231, 33508, 264, 3746, 16229, 16266, 2474, 11959, 20905, 9982, 81471, 304, 10847, 2390, 6240, 13, 1096, 1410, 13581, 5285, 448, 279, 16287, 369, 8660, 25185, 323, 821, 14389, 421, 6509, 949, 315, 1059, 6731, 476, 9947, 738, 4401, 382, 2403, 1376, 27323, 32640, 304, 279, 2618, 4008, 11, 1741, 438, 20031, 11, 18150, 279, 3162, 4401, 47508, 11, 7373, 10535, 11, 24931, 11055, 11, 23883, 11, 323, 35428, 5270, 11, 525, 9733, 304, 279, 15688, 13, 576, 15688, 1083, 5646, 10295, 315, 32897, 429, 5285, 448, 279, 8502, 369, 62139, 304, 15473, 15459, 320, 265, 1054, 6125, 7049, 1526, 18580, 1882, 18142, 701, 28720, 311, 279, 4401, 315, 18199, 9904, 320, 4803, 4269, 34881, 87468, 3593, 54815, 11, 1052, 374, 902, 27039, 315, 894, 5089, 91822, 1948, 279, 15688, 2213, 323, 279, 2618, 4008, 3897, 13], 'total_duration': 56590022900, 'load_duration': 73674600, 'prompt_eval_count': 619, 'prompt_eval_duration': 4583467800, 'eval_count': 254, 'eval_duration': 51928594900}
2025-09-11 10:10:52,663 INFO: [TIME] standard_ollama_call took 58.6350 seconds
2025-09-11 10:10:52,663 INFO: [TIME] filter_output took 0.0000 seconds
2025-09-11 10:10:52,663 INFO: [SUCCESS]Output matches expected length
2025-09-11 10:10:52,663 INFO: [SUCCESS]Output matches expected start lines
2025-09-11 10:10:52,663 INFO: [TIME] compare_start took 0.0015 seconds
2025-09-11 10:10:52,663 INFO: [SUCCESS][OLLAMA]ollama_call: Ollama call succeeded: [0]Consistency Checker Vs Job Description:
[1]Inconsistencies With Job Description: No;
[1]Suggestions for Improvement: None;
2025-09-11 10:10:52,663 INFO: [TIME] ollama_call took 58.6427 seconds
2025-09-11 10:10:52,663 INFO: [0]Consistency Checker Vs Job Description:
[1]Inconsistencies With Job Description: No;
[1]Suggestions for Improvement: None;
2025-09-11 10:10:52,663 INFO: [TIME] filter_output took 0.0000 seconds
2025-09-11 10:10:52,663 INFO: [0]Consistency Checker Vs Job Description:
[1]Inconsistencies With Job Description: No;
[1]Suggestions for Improvement: None;
2025-09-11 10:10:52,663 INFO: [INFO][OLLAMA]fetch_complete_call_info: fetching complete call info for call id consistency_checker_vs_cv_cv...
2025-09-11 10:10:52,663 INFO: [INFO][OLLAMA]fetch_complete_call_info: complete call info:
2025-09-11 10:10:52,663 INFO: [INFO][OLLAMA]fetch_complete_call_info: found key call_id with value:
2025-09-11 10:10:52,663 INFO: consistency_checker_vs_cv_cv
2025-09-11 10:10:52,663 INFO: [INFO][OLLAMA]fetch_complete_call_info: found key payload_in with value:
2025-09-11 10:10:52,663 INFO: {'model': 'qwen2:latest', 'system': 'You are a resume analysis expert. While analyzing resume consistency with wider curriculum data, job descriptions or itself, you must follow these guidelines:\nYou may only draw from the provided data, no making assumptions.\nYou may not add any untrue statements outside of what has been provided.\nYou must remain objective throughout.', 'stream': False, 'temperature': 0.8}
2025-09-11 10:10:52,663 INFO: [INFO][OLLAMA]fetch_complete_call_info: found key format with value:
2025-09-11 10:10:52,663 INFO: {'cv_data': "[0]Name: Marcos David Madrigal Albores\n[0]Contact Information:\n[1]Address: 308 Brunswick Ave, Toronto, ON, Canada\n[1]Phone: +1-437-981-2994\n[1]Email: marcosdma.compeng@outlook.com\n[1]LinkedIn: linkedin.com/in/marcosdma/\n[1]Github: github.com/marneus981\n[1]Portfolio: marneus981.github.io | donkeyponius981.itch.io\n[0]Title: Computer Engineer\n[0]Summary: As a recent graduate with a strong foundation in computer science, I am excited to leverage my Python and JavaScript programming skills, algorithmic thinking, and experience with version control and unit testing to contribute to Sentry's innovative product development. With a passion for using the product I build, I am eager to join a high-growth startup like Sentry and start my career on a fast-paced, rapidly iterating team.\n[0]Languages: English, Spanish, French\n[0]Education:\n[1]Degree: Bachelor of Applied Science in Computer Engineering\n[1]University: University of Toronto\n[1]Location: Toronto, ON, Canada\n[1]Duration: 2018/09 - 2023/06\n[1]Courses: [1]Courses: ESC180 Introduction to Computer Programming, MAT185 Linear Algebra, ECE159 Fundamentals of Electric Circuits, MAT195 Calculus II, ECE190 Computer Algorithms and Data Structures\n[0]Certifications:\n[1]Certification Name: Minor in Artificial Intelligence\n[1]Issuing Organization: University of Toronto\n[1]Issue Date: 2023/06\n[0]Awards and Scholarships:\n[1]Award Name: United Nations Datathon 2023 Participation\n[1]Issuing Organization: United Nations\n[1]Issue Date: 2023/11\n[1]Award Name: University of Toronto Engineering Scholar\n[1]Issuing Organization: University of Toronto Faculty of Applied Science and Engineering\n[1]Issue Date: 2018/09\n[0]Volunteering and Leadership:\n[1]Role: Committee Student Member\n[1]Organization: Scholarship Committee at the Faculty of Engineering, University of Toronto\n[1]Location: Toronto, ON, Canada\n[1]Duration: 2020/01 - 2020/12\n[1]Description: Collaborated as part of a multi-disciplinary committee, providing impactful decisions to benefit students faculty-wide. Represented students by distributing and voting on awards and scholarships for students\n[0]Work Experience:\n[1]Job Title: Freelance 3D Designer\n[1]Company: Freelance\n[1]Location: Toronto, ON, Canada\n[1]Duration: 2024/01 - 2024/09\n[1]Description: Designed quality models for 3D printed products, applying technical skills in Blender and various slicing software/hardware. Utilized problem-solving expertise to create innovative designs\n[1]Job Title: PEY VR Technical Assistant\n[1]Company: Medica Providencia Clinic\n[1]Location: Tuxtla Gtz, CS, Mexico\n[1]Duration: 2022/12 - 2023/03\n[1]Description: Utilized problem-solving skills to troubleshoot hardware issues, improving efficiency and patient satisfaction. Collaborated with professionals on testing processes\n[1]Job Title: Script Programmer and Video Project Editor\n[1]Company: Ontario Institute for Studies in Education\n[1]Location: Toronto, ON, Canada\n[1]Duration: 2022/03 - 2022/05\n[1]Description: Developed video description generation algorithms using Python, enhancing stakeholder satisfaction and project deliverables within 3 months. Utilized creative problem-solving skills to align project goals\n[1]Job Title: Secretary and Sales Associate\n[1]Company: Medica Providencia Clinic\n[1]Location: Tuxtla Gtz, CS, Mexico\n[1]Duration: 2015/08 - 2018/07\n[1]Description: Streamlined operations by efficiently managing tasks, demonstrating skills in data entry and documentation, and performing sales operations. This experience showcases my ability to manage peak hours and adapt to changing demands\n[0]Projects:\n[1]Project Title: TTRPG Tools\n[1]URL: https://github.com/Marneus981/TTRPGTools\n[1]Type: Open Source Personal Project\n[1]Duration: 2023/06 - Present\n[1]Description: Developed software tools with planned AI integration for playing and creating TTRPG Games using C++ and Python, highlighting skills in programming languages, automation, and debugging\n[1]Project Title: VKnob\n[1]URL: https://github.com/Marneus981/VKnob\n[1]Type: Open Source Personal Project\n[1]Duration: 2024/02 - Present\n[1]Description: Developed an overlay application controlling multiple Digital Audio Workstations, showcasing proficiency in C++ and UIAutomation. Demonstrated ability to automate UI calls in Windows\n[1]Project Title: Untitled RPG Game Project\n[1]URL: \n[1]Type: Personal Game Project\n[1]Duration: 2025/04 - Present\n[1]Description: Developed a 2D action role-playing game using Unity, showcasing C# programming skills and editing/animating 2D sprites and assets\n[1]Project Title: Horizontal Federated Learning Research\n[1]URL: github.com/alexjsenn/FedScale\n[1]Type: Research | Capstone Project\n[1]Duration: 2021/09 - 2022/06\n[1]Description: Developed Python skills, researched network performance of distributed Federated Machine Learning model aggregation, and improved algorithm efficiency. Co-authored technical papers on novel aggregation algorithms\n[1]Project Title: MAPPA C++ Geographical Information System\n[1]URL: https://github.com/Marneus981/MAPPA\n[1]Type: University Project\n[1]Duration: 2019/09 - 2020/06\n[1]Description: Built a GIS system using OpenStreetMap data and C++ EZGL library, improving efficiency by 200% and reducing memory usage by 50%. Co-developed UI/UX tailored to stakeholder needs\n[0]Skills:\n[1]Programming Languages: Programming Languages\n[1]Technical Skills: 3D Printing, 3D modelling, Algorithm optimization, Automated Testing, Back-End Development, Blender, Data Entry, Distributed Systems, Federated Machine Learning, JavaScript, Machine Learning, Microsoft Suite, Object-oriented design principles, Product Design, Project Management, Python, Scripting, Slicing Software, Software Development, Unit Testing, Unit testing, Unity, Version Control with Git, Version control, Version control systems\n[1]Soft Skills: Collaboration, Communication, Detail-Oriented, Effective communication, Fast Learning, Good Written and Communication Skills, Integrity, Self-Starter, Teamwork, Time Management", 'cv_data_orig': '[0]Name: Marcos David Madrigal Albores\n[0]Contact Information:\n[1]Address: 308 Brunswick Ave, Toronto, ON, Canada\n[1]Phone: +1-437-981-2994\n[1]Email: marcosdma.compeng@outlook.com\n[1]LinkedIn: linkedin.com/in/marcosdma/ \n[1]Github: github.com/marneus981 \n[1]Portfolio: marneus981.github.io | donkeyponius981.itch.io\n[0]Title: Computer Engineer\n[0]Summary: Proactive Computer Engineer with a Minor in Artificial Intelligence, experienced in designing, developing and implementing complex software systems. Skilled in using diverse tech stacks and programming languages, such as LLM APIs, ReactJS, Python ML, C++, Assembly, etc. Always passionate about learning new technologies. Proven ability to write clear, well-tested and extensible code through personal and university projects. Fluent in English, French, and Spanish. \n[0]Languages: English, Spanish, French\n[0]Education:\n[1]Degree: Bachelor of Applied Science in Computer Engineering\n[1]University: University of Toronto\n[1]Location: Toronto, ON, Canada\n[1]Duration: 2018/09 - 2023/06\n[1]Courses: CIV102 Structures and Materials, ESC101 Praxis I, ESC103 Engineering Mathematics and Computation, ESC180 Introduction to Computer Programming, MAT194 Calculus I, PHY180 Classical Mechanics, ECE159 Fundamentals of Electric Circuits, ESC102 Praxis II, ESC190 Computer Algorithms and Data Structures, MAT185 Linear Algebra, MAT195 Calculus II, MSE160 Molecules and Materials, ECE212 Circuit Analysis, ECE241 Digital Systems, ECE244 Programming Fundamentals, MAT290 Advanced Engineering Mathematics, MAT291 Calculus III, ECE216 Signals and Systems, ECE221 Electric and Magnetic Fields, ECE231 Introductory Electronics, ECE243 Computer Organization, ECE297 Software Communication and Design, BME445 Neural Bioelectricity, ECE302 Probability and Applications, ECE344 Operating Systems, ECE361 Computer Networks I, ECE421 Introduction to Machine Learning, APS360 Applied Fundamentals of Machine Learning, CSC384 Introduction to Artificial Intelligence, ECE320 Fields and Waves, ECE345 Algorithms and Data Structures, ECE496 Machine Learning Capstone Project, CLA204 Introduction to Classical Mythology, ECE368 Probabilistic Reasoning, ECE470 Robot Modeling and Control, AST 251 Life on Other Worlds, JRE420 People Management and Organizational Behaviour, TEP444 Positive Psychology for Engineers\n[0]Certifications:\n[1]Certification Name: Minor in Artificial Intelligence\n[1]Issuing Organization: University of Toronto\n[1]Issue Date: 2023/06\n[0]Awards and Scholarships:\n[1]Award Name: United Nations Datathon 2023 Participation\n[1]Issuing Organization: United Nations\n[1]Issue Date: 2023/11\n[1]Award Name: University of Toronto Engineering Scholar\n[1]Issuing Organization: University of Toronto Faculty of Applied Science and Engineering\n[1]Issue Date: 2018/09\n[0]Volunteering and Leadership:\n[1]Role: Committee Student Member \n[1]Organization: Scholarship Committee at the Faculty of Engineering, University of Toronto \n[1]Location: Toronto, ON, Canada\n[1]Duration: 2020/01 - 2020/12\n[1]Description: Represented students as part of the Scholarship Committee at the Faculty of Engineering (University of Toronto), distributing and voting on awards and scholarships for students. Collaborated as part of a multi-disciplinary committee, providing impactful decisions to benefit students faculty-wide.\n[1]Skills: Programming Languages: ; Technical Skills: Documentation, Microsoft Suite; Soft Skills: Time Management, Good Written and Communication Skills, Analytical Problem Solving\n[1]Role: Engineering Science Program Ambassador \n[1]Organization: Engineering Science Department Ambassador Program, University of Toronto\n[1]Location: Toronto, ON, Canada\n[1]Duration: 2019/01 - 2019/06\n[1]Description: Represented the Engineering Science Department at Student Outreach and Department-Organized Summits and Conferences (ENGSOC).\n[1]Skills: Programming Languages: ; Technical Skills: Documentation, Microsoft Suite; Soft Skills: Good Written and Communication Skills, Outreach, Customer Service, Creative Problem Solving, Adaptability\n[0]Work Experience:\n[1]Job Title: PEY VR Technical Assistant\n[1]Company: Medica Providencia Clinic\n[1]Location: Tuxtla Gtz, CS, Mexico\n[1]Duration: 2022/12 - 2023/03\n[1]Description: Performed hardware troubleshooting on Oculus Quest VR equipment, reducing weekly downtime through systematic diagnostics and repairs. Collaborated with healthcare professionals during the testing process, resulting in a more patient-centred approach and improved satisfaction scores.\n[1]Job Title: Script Programmer and Video Project Editor \n[1]Company: Ontario Institute for Studies in Education\n[1]Location: Toronto, ON, Canada\n[1]Duration: 2022/03 - 2022/05\n[1]Description:  Developed video description generation algorithms using Python ML and Excel, for a large video project (200+ videos). Collaborated with key stakeholders to align project goals, enhancing stakeholder satisfaction and ensuring project deliverables met expectations within 3 months.\n[1]Skills: Programming Languages: Python; Technical Skills: Project Management, Data Entry, Scripting, Engagement Algorithm Catering, Media Accounts Management, Excel; Soft Skills: Creative Problem Solving, Good Written and Communication Skills, Stakeholder Interaction, Problem Solving\n[1]Job Title: Secretary and Sales Associate\n[1]Company: Medica Providencia Clinic\n[1]Location: Tuxtla Gtz, CS, Mexico\n[1]Duration: 2015/08 - 2018/07\n[1]Description:  Streamlined operations by efficiently managing secretarial tasks during peak hours. Performed sales operations at the pharmacy and store sections of the clinic.\n[1]Skills: Programming Languages: ; Technical Skills: Accounting, Documentation, Microsoft Suite, Data Entry; Soft Skills: Integrity, Time Management, Emotional Intelligence, Fast Learning, Customer Service, Adaptability\n[1]Job Title:  Freelance 3D Designer\n[1]Company: Freelance\n[1]Location: Toronto, ON, Canada\n[1]Duration: 2024/01 - 2024/09\n[1]Description: Designed quality models for 3D printed products, using Blender and a variety of different slicing and printing software/hardware. \n[1]Skills: Programming Languages: ; Technical Skills: 3D Printing, Blender, Product Design, 3D modelling, Slicing Software, 3D Animation, Texturing; Soft Skills: Good Written and Communication Skills, Fast Learning, Transparency, Stakeholder Interaction, Adaptability, Creative Problem-Solving\n[0]Projects:\n[1]Project Title: Horizontal Federated Learning Research\n[1]URL: github.com/alexjsenn/FedScale \n[1]Type: Research | Capstone Project\n[1]Duration: 2021/09 - 2022/06\n[1]Description: Researched network performance of distributed Federated Machine Learning model aggregation (C++/Python). Developed an algorithm that doubled network efficiency with comparable model performance. Co-authored technical papers and presentations on novel aggregation algorithms.\n[1]Skills: Programming Languages: C++, Python; Technical Skills: Unit Testing, Distributed Systems, Scikit-Learn, Code Review, Back-End Development, Keras, Machine Learning, Federated Machine Learning, Pytorch, Numpy, Research, Data Analysis, Tensorflow, Testing, Supervised Learning, CNNs, Github, Pandas, Software Documentation, Multithread Implementations, Data Engineering, Version Control with Git, Software Development, Microsoft Suite, AI, Visual Studio, Jupyter, Concurrent Programming, Python ML, Scripting, Data Science, Debugging, Automated Testing; Soft Skills: Time Management, Good Written and Communication Skills, Detail-Oriented, Teamwork, Proactiveness, Project Scope Adaptation, Resilience, Conflict Resolution, Results Oriented, Analytical Problem-Solving, Adaptability, Creative Problem-Solving\n[1]Project Title: UNIX-based Operative System Development \n[1]URL:\n[1]Type: University Project\n[1]Duration: 2021/01 - 2021/06\n[1]Description: Built a UNIX-based operating system from scratch (C / Assembly). Co-developed user experience features based on customer needs. Implemented multi-threading support at the OS level.\n[1]Skills: Programming Languages: Assembly, C; Technical Skills: Pair Programming, Code Reviews, Software Development, Visual Studio, UNIX, Software Documentation, Concurrent Programming, OS Development, Back-End Development, Multithread Implementations, Vim, Software Development Cycle, LINUX Development; Soft Skills: Self-Starter, Time Management, Detail-Oriented, Teamwork, Adaptability, Conflict Resolution, Analytical Problem-Solving, Leadership\n[1]Project Title: Optical Music Recognition: Music Sheet Transcriber\n[1URL:  https://github.com/Marneus981/MachineLearningProjectOMR \n[1]Type: University Project\n[1]Duration: 2021/01 - 2021/06\n[1]Description: Designed a hybrid CRNN model to interpret sheet music by predicting image sequences (Python). Processed, visualized, and analyzed 100,000+ samples from the PrIMuS dataset using Python ML libraries.Designed a hybrid CRNN model to interpret sheet music by predicting image sequences (Python). Utilized Python ML libraries to handle, preprocess, visualize and analyze over 100,000 sheet music (PrIMuS Dataset).\n[1]Skills: Programming Languages: Python; Technical Skills: Unit Testing, Distributed Systems, Scikit-Learn, Back-End Development, Keras, Machine Learning, Reinforcement Learning, Documentation, CRNNs, Pytorch, Numpy, Data Analysis, Research, Tensorflow, Testing, Supervised Learning, CNNs, Pandas, Software Documentation, Optical Music Recognition, Data Engineering, Microsoft Suite, Visual Studio, Jupyter, Hybrid ML Models, Python ML, Scripting, Data Science, RNNs, Debugging, Automated Testing; Soft Skills: Self-Starter, Resource Management, Time Management, Good Written and Communication Skills, Fast Learning, Detail-Oriented, Teamwork, Project Scope Adaptation, Leadership, Multitasking, Analytical Problem Solving, Adaptability, Creative Problem-Solving\n[1]Project Title: MAPPA C++ Geographical Information System\n[1]URL: https://github.com/Marneus981/MAPPA \n[1]Type: University Project\n[1]Duration: 2019/09 - 2020/06\n[1]Description: Built a GIS system using OpenStreetMap data and the C++ EZGL library. Improved algorithm efficiency by 200% and reduced memory usage by 50%. Co-developed UI/UX tailored to stakeholder needs.Co-developed UI/UX suited to stakeholder needs. Improved algorithm efficiency by 200% and reduced memory by 50% for the GIS system (C++). Built a GIS system using "OpenStreetMap" API data and the C++ EZGL Library.\n[1]Skills: Programming Languages: C++; Technical Skills: Pair Programming, Eclipse, Unit Testing, APIs, Search Algorithms, UI/UX Design, Back-End Development, Algorithm Optimization, NetBeans, Code Reviews, Full-Stack Development, Big O Space/Time Code Optimization, OpenStreetMap API, OOP Design Methodologies, Testing, Github, Software Documentation, Data Structures and Algorithms, Vim, Front-End Development, Version Control with Git, Software Development, Microsoft Suite, Visual Studio, Linux Development, EZGL Library, Scripting, Software Development Cycle, Debugging; Soft Skills: Self-Starter, Time Management, Good Written and Communication Skills, Detail-Oriented, Teamwork, Leadership, Stakeholder Interaction, Analytical Problem Solving, Adaptability, Creative Problem-Solving\n[1]Project Title: Virtual Piano in Verilog/Assembly\n[1]URL: \n[1]Type: University Project\n[1]Duration: 2019/09 - 2019/12\n[1]Description: Implemented a virtual piano on an FPGA board (Verilog/Assembly) and developed an encoding system to translate any song into a readable format for the piano. Created state machines to implement proper application logic on FPGA boards to make virtual piano usage more streamlined for users.\n[1]Skills: Programming Languages: VerilogHDL, Assembly, C; Technical Skills: Pair Programming, Audio Encoding, Software Development, Microsoft Suite, FPGA Software Development, Unit Testing, Software Documentation, Vim, Software Development Cycle, Testing, Debugging; Soft Skills: Self-Starter, Time Management, Fast Learning, Detail-Oriented, Scope Adaptation, Project Scope Adaptation, Multitasking, Conflict Resolution, Analytical Problem-Solving, Adaptability\n[1]Project Title: Neural Signal Modelling\n[1]URL: https://github.com/Marneus981/NeuralBioelectricityProject \n[1]Type: University Project\n[1]Duration: 2020/09 - 2020/12\n[1]Description:  Researched neural signal transmission and propagation, and its parallels in Machine Learning. Coalesced research into a holistic simulation of neural signal transmission and propagation using MATLAB.\n[1]Skills: Programming Languages: MATLAB; Technical Skills: Pair Programming, Microsoft Suite, EEG, Documentation, Data Analysis, Neuroscience, Machine Learning, Scientific Modelling, Neurobiology; Soft Skills: Time Management, Good Written and Communication Skills, Detail-Oriented, Research, Analytical Problem-Solving\n[1]Project Title: TTRPG Tools\n[1]URL: https://github.com/Marneus981/TTRPGTools \n[1]Type: Open Source Personal Project\n[1]Duration: 2023/06 - Present\n[1]Description: Developing a set of software tools with planned AI integration for playing and creating TTRPG Games (C++/Python). Implemented automated debugging and scripting for all software components.\n[1]Skills: Programming Languages: C++, Python; Technical Skills: Version Control with Git, AI Coding Tools, Software Development, Unit Testing, Github, Visual Studio, Software Documentation, Github Copilot, Back-End Development, Python ML, Scripting, Software Development Cycle, Testing, Debugging, Automated Testing; Soft Skills: Fast Learning, Detail-Oriented, Proactiveness, Multitasking, Creative Problem Solving, Self-Starter\n[1]Project Title: Magia Chef\n[1]URL:\n[1]Type: Personal Game Project\n[1]Duration: 2023/06 - Present\n[1]Description:  Developing a 3D roguelike shooter video game, using the Unity game engine (C#). Sculpting and animating in-game 3D assets from scratch using Blender and Unity’s built-in toolset.\n[1]Skills: Programming Languages: C#; Technical Skills: Back-End Development, 3D Animation, AI Coding Tools, Full-Stack Development, Unity 3D, Shooter Games, Testing, Unity, Github, Github Copilot, 3D Modeling, Game Programming, Front-End Development, Version Control with Git, Software Development, Visual Studio, 3D Texturing, Software Development Cycle, Debugging; Soft Skills: Self-Starter, Fast Learning, Detail-Oriented, Proactiveness, UI/UX Design, Multitasking, Creative Problem Solving, Adaptability\n[1]Project Title: VKnob\n[1]URL: https://github.com/Marneus981/VKnob \n[1]Type: Open Source Personal Project\n[1]Duration: 2024/02 - Present\n[1]Description:  Developing an overlay application to control multiple Digital Audio Workstations at the same time (C++). Automating UI calls in Windows with UIAutomation for Windows.\n[1]Skills: Programming Languages: C++; Technical Skills: Version Control with Git, AI Coding Tools, Software Development, Windows Development, Unit Testing, Github, Visual Studio, Concurrent Programming, Github Copilot, Multithread Implementations, Scripting, Software Development Cycle, UIAutomation, Testing, Debugging, Automated Testing; Soft Skills: Fast Learning, Detail-Oriented, Proactiveness, Stakeholder Interaction, Creative Problem Solving, Self-Starter\n[1]Project Title: Untitled RPG Game Project\n[1]URL: \n[1]Type: Personal Game Project\n[1]Duration: 2025/04 - Present\n[1]Description:  Developing a 2D action role-playing game using the Unity game engine(C#). Edited and animated 2D sprites and assets using Unity, Photoshop and Gimp.\n[1]Skills: Programming Languages: C#; Technical Skills: Version Control with Git, Unity, AI Coding Tools, Software Development, ARPG Games, Full-Stack Development, 2D Sprites, Github, Visual Studio, Unity 2D, Github Copilot, Back-End Development, Game Programming, Software Development Cycle, Front-End Development, 2D Animation, Testing, Debugging; Soft Skills: Self-Starter, Fast Learning, Proactiveness, Multitasking, Creative Problem Solving, Adaptability\n[1]Project Title: My Portfolio\n[1]URL: https://marneus981.github.io/ \n[1]Type: Portfolio Website\n[1]Duration:  2025/04 - Present\n[1]Description: Developed portfolio website from scratch using ReactJS, CSS and HTML. Implemented multiple features ranging from mailing list integration to complex UI systems for improved user experience and flair.\n[1]Skills: Programming Languages: JavaScript, HTML, CSS; Technical Skills: Version Control with Git, Full-Stack Development, AI Coding Tools, ReactJS, Github, Visual Studio, Github Copilot, Back-End Development, Web Development, Front-End Development, Testing, Debugging; Soft Skills: Self-Starter, Fast Learning, Proactiveness, Creative Problem Solving, Adaptability\n[1]Project Title: Project: Sisyphus\n[1]URL: https://github.com/Marneus981/Project_Sisyphus \n[1]Type: Open Source Personal Project\n[1]Duration: 2025/07 - Present\n[1]Description:  Developing a local LLM-powered tool to create job application packages, given a detailed and extensive Curriculum Vitae and Job Descriptions. Optimized the performance of document generation algorithms on edge devices by 150%, using quantization and algorithm optimization.\n[1]Skills: Programming Languages: JavasScript, Python; Technical Skills: Unit Testing, Back-End Development, AI Application Development, Machine Learning, AI Coding Tools, Full-Stack Development, Big O Space/Time Code Optimization, OOP Design Methodologies, AI-assisted Development Environments, Testing, LLM APIs, Github, Data Engineeering, Github Copilot, Data Structures and Algorithms, Multithread Implementations, Front-End Development, Prompt Engineering, Visual Studio, JavaScript ML, Software Development Cycle, Prompt Processing, Concurrent Programming, Python ML, Scripting, Git, Debugging, Automated Testing; Soft Skills: Fast Learning, Resilience, Research, Analytical Problem-Solving, Multitasking, Detail Oriented, Creative Problem Solving, Self-Starter\n[1]Project Title: Project: Calliope\n[1]URL: https://github.com/Marneus981/Project_Calliope \n[1]Type: Open Source Personal Project\n[1]Duration: 2025/08 - Present\n[1]Description:  Developing a local LLM-powered tool to serve as a Co-Dungeon Master for TTRPG sessions. Implementing flexible frameworks for use with any Tabletop RPG system.\n[1]Skills: Programming Languages: JavasScript, Python; Technical Skills: Unit Testing, Back-End Development, AI Application Development, Machine Learning, AI Coding Tools, Full-Stack Development, Big O Space/Time Code Optimization, OOP Design Methodologies, AI-assisted Development Environments, Testing, LLM APIs, Github, Data Engineeering, Github Copilot, Data Structures and Algorithms, Multithread Implementations, Front-End Development, Prompt Engineering, Visual Studio, JavaScript ML, Software Development Cycle, Prompt Processing, Concurrent Programming, Python ML, Scripting, Git, Debugging, Automated Testing; Soft Skills: Fast Learning, Resilience, Research, Analytical Problem-Solving, Multitasking, Detail Oriented, Creative Problem Solving, Self-Starter', 'system_s': 'You are a resume tailoring assistant. Only output what is requested of you, in the exact format specified. You are to follow these guidelines when tailoring all resume sections:\n- You may only draw from the provided descriptions, no making assumptions.\n- Do not invent any data or roles, only use the data provided.\n- You may not add any untrue statements to the data that has been provided.\n- The tailored sections and overall resume must be brief, concise and professional. It must cater to recruiters and make the resume stand out.\n- Use simple to understand language when possible, unless direct technical terminology is used.', 'standard_calls': [], 'non_standard_calls': ['new_vs_old_resume']}
2025-09-11 10:10:52,671 INFO: [INFO][OLLAMA]fetch_complete_call_info: found key prompt_in with value:
2025-09-11 10:10:52,671 INFO: The following list contains a per-section analysis of the resumes, comparing the synthesized data in the new resume against the original:
                        {all_analysis}
                        Now, given this information, synthesize a report which extracts the following data from the list of analyses:
                        - Whether the new resume is consistent with the original resume, meaning that all information in the new resume is present in the original resume, even if paraphrased.
                        - Whether the new resume is consistent with itself, meaning that there should be no contradictions or inconsistencies in the information provided.
                        The report should follow these guidelines:
                        - Be mindful not to include any line breaks in  the content of any of the sections/subsections.
                        - Be as objective as possible, and if you must make assumptions, make very conservative assumptions
                        - Do not create nor imagine any data that is not present in the original data.
                        The consistency check should be returned strictly in the following format (include the numbers "[0]", "[1]", do not modify the format):
                        [0]Consistency Checker VS Original Resume:
                        [1]Inconsistencies With Original Resume: [Yes/No]; [List of inconsistencies found, if any; return 'None' if no inconsistencies; must be a continuous block of text, composed of sentences separated by ".", not line breaks]
                        [1]Inconsistencies With Self: [Yes/No]; [List of inconsistencies found, if any; return 'None' if no inconsistencies; must be a continuous block of text, composed of sentences separated by ".", not line breaks]
                        [1]Suggestions for Improvement: [List of suggestions for improvement, if any; return 'None' if no suggestions; must be a continuous block of text, composed of sentences separated by ".", not line breaks]
                    
2025-09-11 10:10:52,671 INFO: [INFO][OLLAMA]fetch_complete_call_info: found key ollama_url with value:
2025-09-11 10:10:52,671 INFO: http://localhost:11434
2025-09-11 10:10:52,671 INFO: [INFO][OLLAMA]fetch_complete_call_info: found key sample_starts with value:
2025-09-11 10:10:52,671 INFO: ['strict', 'digits', '[0]Consistency Checker VS Original Resume:', '[1]Inconsistencies With Original Resume:', '[1]Inconsistencies With Self:', '[1]Suggestions for Improvement:']
2025-09-11 10:10:52,671 ERROR: [ERROR][OLLAMA]ollama_call: string indices must be integers, not 'str'
2025-09-11 10:10:52,671 ERROR: [ERROR][OLLAMA]ollama_call: KeyError - missing key: string indices must be integers, not 'str'
2025-09-11 10:10:52,671 ERROR: [ERROR][OLLAMA]ollama_call: Exception occurred during Ollama call. Retrying 1/1...
2025-09-11 10:10:52,671 ERROR: [ERROR][OLLAMA]ollama_call: All retries exhausted. Returning last response.
2025-09-11 10:10:52,671 INFO: [TIME] ollama_call took 0.0127 seconds
2025-09-11 10:10:52,671 INFO: [ERROR][OLLAMA]ollama_call: All retries exhausted.
2025-09-11 10:10:52,671 INFO: [TIME] filter_output took 0.0000 seconds
2025-09-11 10:10:52,679 INFO: 
2025-09-11 10:10:52,679 INFO: [TIME] filter_output took 0.0000 seconds
2025-09-11 10:10:52,679 INFO: [TIME] filter_output took 0.0000 seconds
2025-09-11 10:10:53,077 INFO: [TIME] format_check_current_cv_text took 171.9828 seconds
